# Host: localhost  (Version 5.7.12-log)
# Date: 2016-08-28 17:25:31
# Generator: MySQL-Front 5.3  (Build 6.26)

/*!40101 SET NAMES utf8 */;

#
# Data for table "databasechangelog"
#

INSERT INTO `databasechangelog` (`ID`,`AUTHOR`,`FILENAME`,`DATEEXECUTED`,`ORDEREXECUTED`,`EXECTYPE`,`MD5SUM`,`DESCRIPTION`,`COMMENTS`,`TAG`,`LIQUIBASE`,`CONTEXTS`,`LABELS`) VALUES ('20160609-hailor-1','hailor','2016-06-09-init-table-migration.groovy','2016-08-22 20:26:05',1,'EXECUTED','7:9cac9c56da25e14795c9ad0fa1436c19','sqlFile','',NULL,'3.4.2',NULL,NULL),('20160609-hailor-2','hailor','2016-06-09-init-table-migration.groovy','2016-08-22 20:26:06',2,'EXECUTED','7:6a147bbe3ae08e9258fd622e5e4a0041','sqlFile','',NULL,'3.4.2',NULL,NULL),('20160609-hailor-3','hailor','2016-06-09-init-table-migration.groovy','2016-08-22 20:26:08',3,'EXECUTED','7:5c004e6d6d0ff1bee02342ad9ebe8a4f','sqlFile','',NULL,'3.4.2',NULL,NULL),('20160609-hailor-4','hailor','2016-06-09-init-table-migration.groovy','2016-08-22 20:26:10',4,'EXECUTED','7:0189fd2c67c95a4b226bcc9a41498e89','sqlFile','',NULL,'3.4.2',NULL,NULL),('20160609-hailor-5','hailor','2016-06-09-init-table-migration.groovy','2016-08-22 20:26:10',5,'EXECUTED','7:4c61e0e1c5c20d0391d490022f7697d8','sqlFile','',NULL,'3.4.2',NULL,NULL),('20160609-hailor-6','hailor','2016-06-09-init-table-migration.groovy','2016-08-22 20:26:12',6,'EXECUTED','7:8956618b3e4a5ddcb8397dd5abc43532','sqlFile','',NULL,'3.4.2',NULL,NULL),('20160609-hailor-7','hailor','2016-06-09-init-table-migration.groovy','2016-08-22 20:26:12',7,'EXECUTED','7:bd36b3d3d7f637818958a20b7c3d0303','sqlFile','',NULL,'3.4.2',NULL,NULL),('20160609-hailor-8','hailor','2016-06-09-init-table-migration.groovy','2016-08-22 20:26:15',8,'EXECUTED','7:bb78f206824239f55f7a85abdefcd593','sqlFile','',NULL,'3.4.2',NULL,NULL),('20160609-hailor-9','hailor','2016-06-09-init-table-migration.groovy','2016-08-22 20:26:18',9,'EXECUTED','7:db2ae756721a5190c61d067e392d918f','sqlFile','',NULL,'3.4.2',NULL,NULL),('20160609-hailor-10','hailor','2016-06-09-init-table-migration.groovy','2016-08-22 20:26:19',10,'EXECUTED','7:300647d62007db2dcb7becdec5b82a5e','sqlFile','',NULL,'3.4.2',NULL,NULL),('20160609-hailor-11','hailor','2016-06-09-init-table-migration.groovy','2016-08-22 20:26:20',11,'EXECUTED','7:4a5d11aaada63d4646a2e5bf532d374d','sqlFile','',NULL,'3.4.2',NULL,NULL),('20160609-hailor-12','hailor','2016-06-09-init-table-migration.groovy','2016-08-22 20:26:20',12,'EXECUTED','7:41fce2c62bd9d1ed9d9a18826405456f','sqlFile','',NULL,'3.4.2',NULL,NULL),('20160609-hailor-13','hailor','2016-06-09-init-table-migration.groovy','2016-08-22 20:26:21',13,'EXECUTED','7:49785b5b45c11e2541fcd45d77b09c43','sqlFile','',NULL,'3.4.2',NULL,NULL),('20160609-hailor-14','hailor','2016-06-09-init-table-migration.groovy','2016-08-22 20:26:22',14,'EXECUTED','7:2f3c5ab10743eb99a7e7d6730fe7d3b7','sqlFile','',NULL,'3.4.2',NULL,NULL),('20160609-hailor-15','hailor','2016-06-09-init-table-migration.groovy','2016-08-22 20:26:23',15,'EXECUTED','7:4b96c05e78cdfe70b2699888b3f460a7','sqlFile','',NULL,'3.4.2',NULL,NULL),('20160609-hailor-16','hailor','2016-06-09-init-table-migration.groovy','2016-08-22 20:26:25',16,'EXECUTED','7:faf995a1c7f9bb9e419f9c9af25c6af6','sqlFile','',NULL,'3.4.2',NULL,NULL),('20160609-hailor-17','hailor','2016-06-09-init-table-migration.groovy','2016-08-22 20:26:26',17,'EXECUTED','7:204155b87d0063fa12f0cb73d684034f','sqlFile','',NULL,'3.4.2',NULL,NULL),('20160609-hailor-18','hailor','2016-06-09-init-table-migration.groovy','2016-08-22 20:26:26',18,'EXECUTED','7:ea3af2173ae6309e07ce1c4ef9fd9730','sqlFile','',NULL,'3.4.2',NULL,NULL),('20160609-hailor-19','hailor','2016-06-09-init-table-migration.groovy','2016-08-22 20:26:26',19,'EXECUTED','7:5eed72a531c8b23347f72b0d89804510','sqlFile','',NULL,'3.4.2',NULL,NULL),('20160609-hailor-20','hailor','2016-06-09-init-table-migration.groovy','2016-08-22 20:26:28',20,'EXECUTED','7:8a6df67ac21c6adfce377f3a82c3bf93','sqlFile','',NULL,'3.4.2',NULL,NULL),('20160609-hailor-21','hailor','2016-06-09-init-table-migration.groovy','2016-08-22 20:26:28',21,'EXECUTED','7:e642b5137c7edd5c30f28ef5772268a8','sqlFile','',NULL,'3.4.2',NULL,NULL),('20160610-sys-attach-category-1','jessen','2016-06-09-init-table-migration.groovy','2016-08-22 20:26:30',22,'EXECUTED','7:6dedd0a1dcdd39c847f20b6f6aa43ac0','sqlFile','',NULL,'3.4.2',NULL,NULL),('20160610-sys-attachment-1','jessen','2016-06-09-init-table-migration.groovy','2016-08-22 20:26:31',23,'EXECUTED','7:922640af649bb7c723db268b69a83112','sqlFile','',NULL,'3.4.2',NULL,NULL),('20160610-sys-file-1','jessen','2016-06-09-init-table-migration.groovy','2016-08-22 20:26:31',24,'EXECUTED','7:a2a7e43eed5e7c5ec81df0245d08c6f6','sqlFile','',NULL,'3.4.2',NULL,NULL),('20160611-sys-message-transaction-1','jessen','2016-06-09-init-table-migration.groovy','2016-08-22 20:26:32',25,'EXECUTED','7:bfd8e234e0d06742d540b67242c60e5d','sqlFile','',NULL,'3.4.2',NULL,NULL),('20160611-sys-message-attachment-1','jessen','2016-06-09-init-table-migration.groovy','2016-08-22 20:26:32',26,'EXECUTED','7:30cfd8b1dc5a2f7b4f575dea42f40d6b','sqlFile','',NULL,'3.4.2',NULL,NULL),('20160611-sys-message-email-account-1','jessen','2016-06-09-init-table-migration.groovy','2016-08-22 20:26:33',27,'EXECUTED','7:6bb178bd17adfa5a4a28326f8113c647','sqlFile','',NULL,'3.4.2',NULL,NULL),('20160611-sys-message-email-config-1','jessen','2016-06-09-init-table-migration.groovy','2016-08-22 20:26:35',28,'EXECUTED','7:bd69fda570546c5b67765e1548f6d19a','sqlFile','',NULL,'3.4.2',NULL,NULL),('20160613-sys-message-email-white-lt-1','jessen','2016-06-09-init-table-migration.groovy','2016-08-22 20:26:35',29,'EXECUTED','7:15bcfe973a953de2e781f765bb505b71','sqlFile','',NULL,'3.4.2',NULL,NULL),('20160613-sys-message-receiver-1','jessen','2016-06-09-init-table-migration.groovy','2016-08-22 20:26:36',30,'EXECUTED','7:bb24eff90d5cd8dc2bc4ca01b1cdf022','sqlFile','',NULL,'3.4.2',NULL,NULL),('20160613-sys-message-template-1','jessen','2016-06-09-init-table-migration.groovy','2016-08-22 20:26:37',31,'EXECUTED','7:aa20d81ebe7364c8402c61a937eab1ab','sqlFile','',NULL,'3.4.2',NULL,NULL),('20160613-sys-preferences-1','jessen','2016-06-09-init-table-migration.groovy','2016-08-22 20:26:37',32,'EXECUTED','7:411cb22ac9c6eef2a04b2383eb86b9e3','sqlFile','',NULL,'3.4.2',NULL,NULL),('20160613-sys-account-retrieve-1','jessen','2016-06-09-init-table-migration.groovy','2016-08-22 20:26:38',33,'EXECUTED','7:f69e6b536f7663c5e07975c1cb8ef49f','sqlFile','',NULL,'3.4.2',NULL,NULL),('20160601-hailor-1','jessen','hbi/core/db/2016-06-01-init-migration.groovy','2016-08-22 20:26:38',34,'EXECUTED','7:b76485f0d91a62fbe3d587195bef479f','createTable','',NULL,'3.4.2',NULL,NULL),('20160609-hailor-data-1','hailor','2016-06-09-init-data-migration.groovy','2016-08-22 20:26:38',35,'EXECUTED','7:3a0c488487c90d005ec4fea70a765f79','sqlFile','',NULL,'3.4.2',NULL,NULL),('20160609-hailor-data-2','hailor','2016-06-09-init-data-migration.groovy','2016-08-22 20:26:38',36,'EXECUTED','7:899b2ac196b085c7b617ac664f5b54cb','sqlFile','',NULL,'3.4.2',NULL,NULL),('20160609-hailor-data-3','hailor','2016-06-09-init-data-migration.groovy','2016-08-22 20:26:38',37,'EXECUTED','7:a720aa38a6b3010dfa3d1435c95178c9','sqlFile','',NULL,'3.4.2',NULL,NULL),('20160609-hailor-data-4','hailor','2016-06-09-init-data-migration.groovy','2016-08-22 20:26:38',38,'EXECUTED','7:8cb7c2aa2c26788382d88d149c3bd8c6','sqlFile','',NULL,'3.4.2',NULL,NULL),('20160609-hailor-data-6','hailor','2016-06-09-init-data-migration.groovy','2016-08-22 20:26:38',39,'EXECUTED','7:6009b4db01b196edca243fd0e18c5df6','sqlFile','',NULL,'3.4.2',NULL,NULL),('20160609-hailor-data-7','hailor','2016-06-09-init-data-migration.groovy','2016-08-22 20:26:38',40,'EXECUTED','7:bc535f0c561b98804f2d624b0bdf5c7f','sqlFile','',NULL,'3.4.2',NULL,NULL),('20160609-hailor-data-8','hailor','2016-06-09-init-data-migration.groovy','2016-08-22 20:26:38',41,'EXECUTED','7:0fe8ed7d34cf3587b7ba32276d8ad4b6','sqlFile','',NULL,'3.4.2',NULL,NULL),('20160609-hailor-data-9','hailor','2016-06-09-init-data-migration.groovy','2016-08-22 20:26:38',42,'EXECUTED','7:f5032ab5d66464c5d77ca62f90ca05ad','sqlFile','',NULL,'3.4.2',NULL,NULL),('20160609-hailor-data-10','hailor','2016-06-09-init-data-migration.groovy','2016-08-22 20:26:38',43,'EXECUTED','7:f5032ab5d66464c5d77ca62f90ca05ad','sqlFile','',NULL,'3.4.2',NULL,NULL),('20160609-hailor-data-11','hailor','2016-06-09-init-data-migration.groovy','2016-08-22 20:26:39',44,'EXECUTED','7:c0c17b5bfadb02da27e333a5f22f58d4','sqlFile','',NULL,'3.4.2',NULL,NULL),('20160609-hailor-data-12','hailor','2016-06-09-init-data-migration.groovy','2016-08-22 20:26:39',45,'EXECUTED','7:3e5183dfcfedbca2ea5a35fdea80fcc9','sqlFile','',NULL,'3.4.2',NULL,NULL),('20160609-hailor-data-13','hailor','2016-06-09-init-data-migration.groovy','2016-08-22 20:26:39',46,'EXECUTED','7:f5032ab5d66464c5d77ca62f90ca05ad','sqlFile','',NULL,'3.4.2',NULL,NULL),('20160609-hailor-data-14','hailor','2016-06-09-init-data-migration.groovy','2016-08-22 20:26:39',47,'EXECUTED','7:38c512036289ecc9ba4f8eb228543605','sqlFile','',NULL,'3.4.2',NULL,NULL),('20160609-hailor-data-15','hailor','2016-06-09-init-data-migration.groovy','2016-08-22 20:26:39',48,'EXECUTED','7:e28356e12129c5cf9d7b7d4a75525617','sqlFile','',NULL,'3.4.2',NULL,NULL),('20160609-hailor-data-16','hailor','2016-06-09-init-data-migration.groovy','2016-08-22 20:26:39',49,'EXECUTED','7:f5032ab5d66464c5d77ca62f90ca05ad','sqlFile','',NULL,'3.4.2',NULL,NULL),('20160609-hailor-data-17','hailor','2016-06-09-init-data-migration.groovy','2016-08-22 20:26:39',50,'EXECUTED','7:5141826ee31a6bbe801bc941eb879bae','sqlFile','',NULL,'3.4.2',NULL,NULL),('20160609-hailor-data-18','hailor','2016-06-09-init-data-migration.groovy','2016-08-22 20:26:39',51,'EXECUTED','7:ba4c7ddf43520c73bfc7c61f84f181f0','sqlFile','',NULL,'3.4.2',NULL,NULL),('20160613-data-sys-attach-category-1','jessen','2016-06-09-init-data-migration.groovy','2016-08-22 20:26:39',52,'EXECUTED','7:d7254fb792a2581c0c921cda8b90698b','sqlFile','',NULL,'3.4.2',NULL,NULL),('20160613-data-sys-message-email-config-1','jessen','2016-06-09-init-data-migration.groovy','2016-08-22 20:26:39',53,'EXECUTED','7:c39e780093128f2d0aafed24b3109466','sqlFile','',NULL,'3.4.2',NULL,NULL),('20160613-data-sys-message-email-account-1','jessen','2016-06-09-init-data-migration.groovy','2016-08-22 20:26:39',54,'EXECUTED','7:763810fcf72218794f8e4258011bef88','sqlFile','',NULL,'3.4.2',NULL,NULL),('20160613-data-sys-message-email-white-lt-1','jessen','2016-06-09-init-data-migration.groovy','2016-08-22 20:26:39',55,'EXECUTED','7:f5032ab5d66464c5d77ca62f90ca05ad','sqlFile','',NULL,'3.4.2',NULL,NULL),('20160613-data-sys-message-template-1','jessen','2016-06-09-init-data-migration.groovy','2016-08-22 20:26:39',56,'EXECUTED','7:45cef023d3167bf5abed8b84d0c6ee8e','sqlFile','',NULL,'3.4.2',NULL,NULL),('20160613-data-sys-preferences-1','jessen','2016-06-09-init-data-migration.groovy','2016-08-22 20:26:39',57,'EXECUTED','7:a50b8140815dc4bbadaf40c7f8cfc98b','sqlFile','',NULL,'3.4.2',NULL,NULL),('20160601-yourname-1','yourname','hbi/core/db/2016-06-01-init-data.groovy','2016-08-22 20:26:39',58,'EXECUTED','7:d41d8cd98f00b204e9800998ecf8427e','Empty','',NULL,'3.4.2',NULL,NULL);

#
# Data for table "databasechangeloglock"
#

INSERT INTO `databasechangeloglock` (`ID`,`LOCKED`,`LOCKGRANTED`,`LOCKEDBY`) VALUES (1,b'0',NULL,NULL);

#
# Data for table "fruit_b"
#

INSERT INTO `fruit_b` (`FRUIT_ID`,`FRUIT_CODE`,`FRUIT_NAME`,`FRUIT_DESCRIPTION`,`OBJECT_VERSION_NUMBER`,`REQUEST_ID`,`PROGRAM_ID`,`CREATION_DATE`,`CREATED_BY`,`LAST_UPDATED_BY`,`LAST_UPDATE_DATE`,`LAST_UPDATE_LOGIN`,`ATTRIBUTE_CATEGORY`,`FRUIT_DATE`,`ATTRIBUTE2`,`ATTRIBUTE3`,`ATTRIBUTE4`,`ATTRIBUTE5`,`ATTRIBUTE6`,`ATTRIBUTE7`,`ATTRIBUTE8`,`ATTRIBUTE9`,`ATTRIBUTE10`,`ATTRIBUTE11`,`ATTRIBUTE12`,`ATTRIBUTE13`,`ATTRIBUTE14`,`ATTRIBUTE15`) VALUES (10001,'20160823','芒果','黄色',1,-1,-1,'2016-08-24 15:14:58',-1,-1,'2016-08-24 15:14:58',NULL,NULL,'2016-08-25',NULL,NULL,NULL,NULL,NULL,NULL,NULL,NULL,NULL,NULL,NULL,NULL,NULL,NULL),(10002,'20160823','香蕉','黄色',1,-1,-1,'2016-08-24 15:14:58',-1,-1,'2016-08-24 15:14:58',NULL,NULL,'2016-08-23',NULL,NULL,NULL,NULL,NULL,NULL,NULL,NULL,NULL,NULL,NULL,NULL,NULL,NULL),(10007,'20160824','梨','黄色',1,-1,-1,'2016-08-24 19:08:39',-1,-1,'2016-08-24 19:08:39',NULL,NULL,'2016-08-26',NULL,NULL,NULL,NULL,NULL,NULL,NULL,NULL,NULL,NULL,NULL,NULL,NULL,NULL);

#
# Data for table "fruit_tl"
#

INSERT INTO `fruit_tl` (`FRUIT_ID`,`LANG`,`FRUIT_NAME`,`FRUIT_DESCRIPTION`,`OBJECT_VERSION_NUMBER`,`REQUEST_ID`,`PROGRAM_ID`,`CREATION_DATE`,`CREATED_BY`,`LAST_UPDATED_BY`,`LAST_UPDATE_DATE`,`LAST_UPDATE_LOGIN`,`ATTRIBUTE_CATEGORY`,`ATTRIBUTE1`,`ATTRIBUTE2`,`ATTRIBUTE3`,`ATTRIBUTE4`,`ATTRIBUTE5`,`ATTRIBUTE6`,`ATTRIBUTE7`,`ATTRIBUTE8`,`ATTRIBUTE9`,`ATTRIBUTE10`,`ATTRIBUTE11`,`ATTRIBUTE12`,`ATTRIBUTE13`,`ATTRIBUTE14`,`ATTRIBUTE15`) VALUES (10001,'en_GB','mango','yellow',1,-1,-1,'2016-08-24 15:09:05',-1,-1,'2016-08-24 15:09:05',NULL,NULL,NULL,NULL,NULL,NULL,NULL,NULL,NULL,NULL,NULL,NULL,NULL,NULL,NULL,NULL,NULL),(10001,'zh_CN','芒果','黄色',1,-1,-1,'2016-08-24 15:09:19',-1,3,'2016-08-25 15:49:32',NULL,NULL,NULL,NULL,NULL,NULL,NULL,NULL,NULL,NULL,NULL,NULL,NULL,NULL,NULL,NULL,NULL),(10002,'en_GB','banana','yellow',1,-1,-1,'2016-08-24 15:09:13',-1,-1,'2016-08-24 15:09:13',NULL,NULL,NULL,NULL,NULL,NULL,NULL,NULL,NULL,NULL,NULL,NULL,NULL,NULL,NULL,NULL,NULL),(10002,'zh_CN','香蕉','黄色',1,-1,-1,'2016-08-24 15:09:21',-1,3,'2016-08-25 15:14:49',NULL,NULL,NULL,NULL,NULL,NULL,NULL,NULL,NULL,NULL,NULL,NULL,NULL,NULL,NULL,NULL,NULL),(10007,'en_GB','pear','yellow',1,-1,-1,'2016-08-24 19:08:39',3,3,'2016-08-24 19:09:25',NULL,NULL,NULL,NULL,NULL,NULL,NULL,NULL,NULL,NULL,NULL,NULL,NULL,NULL,NULL,NULL,NULL),(10007,'zh_CN','梨','黄色',1,-1,-1,'2016-08-24 19:08:39',3,3,'2016-08-25 15:50:17',NULL,NULL,NULL,NULL,NULL,NULL,NULL,NULL,NULL,NULL,NULL,NULL,NULL,NULL,NULL,NULL,NULL);

#
# Data for table "hap_ar_customers"
#

INSERT INTO `hap_ar_customers` (`CUSTOMER_ID`,`CUSTOMER_NUMBER`,`CUSTOMER_NAME`,`COMPANY_ID`,`ENABLED_FLAG`,`CREATION_DATE`,`CREATED_BY`,`LAST_UPDATED_BY`,`LAST_UPDATE_DATE`,`LAST_UPDATE_LOGIN`) VALUES (201,'C001','上海达芙妮',101,'Y','2016-08-24 16:48:17',-1,-1,'2016-08-24 16:48:17',-1),(202,'C002','光明乳业',101,'Y','2016-08-24 16:48:17',-1,-1,'2016-08-24 16:48:17',-1),(203,'C003','东阿阿胶',101,'N','2016-08-24 16:48:17',-1,-1,'2016-08-24 16:48:17',-1),(204,'C004','大华科技',101,'Y','2016-08-24 16:48:17',-1,-1,'2016-08-24 16:48:17',-1),(205,'C005','腾讯科技',104,'Y','2016-08-24 16:48:17',-1,-1,'2016-08-24 16:48:17',-1);

#
# Data for table "hap_demo"
#


#
# Data for table "hap_inv_inventory_items"
#

INSERT INTO `hap_inv_inventory_items` (`INVENTORY_ITEM_ID`,`ITEM_CODE`,`ITEM_UOM`,`ITEM_DESCRIPTION`,`ORDER_FLAG`,`START_ACTIVE_DATE`,`END_ACTIVE_DATE`,`ENABLED_FLAG`,`CREATION_DATE`,`CREATED_BY`,`LAST_UPDATED_BY`,`LAST_UPDATE_DATE`,`LAST_UPDATE_LOGIN`) VALUES (1001,'ITEM001','EA','HFM财务管理软件','Y',NULL,NULL,'Y','2016-08-24 16:48:17',-1,-1,'2016-08-24 16:48:17',-1),(1002,'ITEM002','EA','HWMS仓储管理系统','Y',NULL,NULL,'Y','2016-08-24 16:48:17',-1,-1,'2016-08-24 16:48:17',-1),(1003,'ITEM003','EA','HAP应用开发平台','N',NULL,NULL,'Y','2016-08-24 16:48:17',-1,-1,'2016-08-24 16:48:17',-1),(1004,'ITEM004','EA','HEC费用控制系统','Y',NULL,NULL,'Y','2016-08-24 16:48:17',-1,-1,'2016-08-24 16:48:17',-1),(1005,'ITEM005','EA','HFS财务共享系统','Y','2016-10-01 00:00:00',NULL,'Y','2016-08-24 16:48:17',-1,-1,'2016-08-24 16:48:17',-1);

#
# Data for table "hap_om_order_headers"
#

INSERT INTO `hap_om_order_headers` (`HEADER_ID`,`ORDER_NUMBER`,`COMPANY_ID`,`ORDER_DATE`,`ORDER_STATUS`,`CUSTOMER_ID`,`OBJECT_VERSION_NUMBER`,`REQUEST_ID`,`PROGRAM_ID`,`CREATION_DATE`,`CREATED_BY`,`LAST_UPDATED_BY`,`LAST_UPDATE_DATE`,`LAST_UPDATE_LOGIN`,`ATTRIBUTE_CATEGORY`,`ATTRIBUTE1`,`ATTRIBUTE2`,`ATTRIBUTE3`,`ATTRIBUTE4`,`ATTRIBUTE5`,`ATTRIBUTE6`,`ATTRIBUTE7`,`ATTRIBUTE8`,`ATTRIBUTE9`,`ATTRIBUTE10`,`ATTRIBUTE11`,`ATTRIBUTE12`,`ATTRIBUTE13`,`ATTRIBUTE14`,`ATTRIBUTE15`) VALUES (1,'a1',101,'2016-08-24 00:00:00','新建',201,1,-1,-1,'2016-08-27 10:05:47',-1,-1,'2016-08-27 10:05:47',NULL,NULL,NULL,NULL,NULL,NULL,NULL,NULL,NULL,NULL,NULL,NULL,NULL,NULL,NULL,NULL,NULL),(2,'a2',101,'2016-08-23 00:00:00','新建',202,1,-1,-1,'2016-08-27 10:07:00',-1,-1,'2016-08-27 10:07:00',NULL,NULL,NULL,NULL,NULL,NULL,NULL,NULL,NULL,NULL,NULL,NULL,NULL,NULL,NULL,NULL,NULL),(3,'a3',101,'2016-08-24 00:00:00','已提交',203,1,-1,-1,'2016-08-27 10:07:50',-1,-1,'2016-08-27 10:07:50',NULL,NULL,NULL,NULL,NULL,NULL,NULL,NULL,NULL,NULL,NULL,NULL,NULL,NULL,NULL,NULL,NULL),(4,'a4',101,'2016-08-25 00:00:00','已拒绝',203,1,-1,-1,'2016-08-27 10:09:03',-1,-1,'2016-08-27 10:09:03',NULL,NULL,NULL,NULL,NULL,NULL,NULL,NULL,NULL,NULL,NULL,NULL,NULL,NULL,NULL,NULL,NULL);

#
# Data for table "hap_om_order_lines"
#

INSERT INTO `hap_om_order_lines` (`LINE_ID`,`HEADER_ID`,`LINE_NUMBER`,`INVENTORY_ITEM_ID`,`ORDERD_QUANTITY`,`ORDER_QUANTITY_UOM`,`UNIT_SELLING_PRICE`,`DESCRIPTION`,`COMPANY_ID`,`ADDITION1`,`ADDITION2`,`ADDITION3`,`ADDITION4`,`ADDITION5`,`OBJECT_VERSION_NUMBER`,`REQUEST_ID`,`PROGRAM_ID`,`CREATION_DATE`,`CREATED_BY`,`LAST_UPDATED_BY`,`LAST_UPDATE_DATE`,`LAST_UPDATE_LOGIN`,`ATTRIBUTE_CATEGORY`,`ATTRIBUTE1`,`ATTRIBUTE2`,`ATTRIBUTE3`,`ATTRIBUTE4`,`ATTRIBUTE5`,`ATTRIBUTE6`,`ATTRIBUTE7`,`ATTRIBUTE8`,`ATTRIBUTE9`,`ATTRIBUTE10`,`ATTRIBUTE11`,`ATTRIBUTE12`,`ATTRIBUTE13`,`ATTRIBUTE14`,`ATTRIBUTE15`) VALUES (1,1,1,1001,10,'g',10,'钢管',101,NULL,NULL,NULL,NULL,NULL,1,-1,-1,'2016-08-27 10:11:30',-1,-1,'2016-08-27 10:11:30',NULL,NULL,NULL,NULL,NULL,NULL,NULL,NULL,NULL,NULL,NULL,NULL,NULL,NULL,NULL,NULL,NULL),(2,2,2,1001,5,'kg',10,'水果',101,NULL,NULL,NULL,NULL,NULL,1,-1,-1,'2016-08-27 10:13:43',-1,-1,'2016-08-27 10:13:43',NULL,NULL,NULL,NULL,NULL,NULL,NULL,NULL,NULL,NULL,NULL,NULL,NULL,NULL,NULL,NULL,NULL);

#
# Data for table "hap_org_companys"
#

INSERT INTO `hap_org_companys` (`COMPANY_ID`,`COMPANY_NUMBER`,`COMPANY_NAME`,`ENABLED_FLAG`,`CREATION_DATE`,`CREATED_BY`,`LAST_UPDATED_BY`,`LAST_UPDATE_DATE`,`LAST_UPDATE_LOGIN`) VALUES (101,'HAND001','汉得信息','Y','2016-08-24 16:48:17',-1,-1,'2016-08-24 16:48:17',-1),(102,'HAND002','汉得教育','Y','2016-08-24 16:48:17',-1,-1,'2016-08-24 16:48:17',-1),(103,'HAND003','汉得保理','Y','2016-08-24 16:48:17',-1,-1,'2016-08-24 16:48:17',-1),(104,'HAND004','随身科技','Y','2016-08-24 16:48:17',-1,-1,'2016-08-24 16:48:17',-1),(105,'HAND005','夏尔科技','N','2016-08-24 16:48:17',-1,-1,'2016-08-24 16:48:17',-1);

#
# Data for table "qrtz_calendars"
#


#
# Data for table "qrtz_fired_triggers"
#


#
# Data for table "qrtz_job_details"
#


#
# Data for table "qrtz_locks"
#

INSERT INTO `qrtz_locks` (`SCHED_NAME`,`LOCK_NAME`) VALUES ('quartzScheduler','STATE_ACCESS'),('quartzScheduler','TRIGGER_ACCESS');

#
# Data for table "qrtz_paused_trigger_grps"
#


#
# Data for table "qrtz_scheduler_state"
#

INSERT INTO `qrtz_scheduler_state` (`SCHED_NAME`,`INSTANCE_NAME`,`LAST_CHECKIN_TIME`,`CHECKIN_INTERVAL`) VALUES ('quartzScheduler','LAPTOP-5JAABC5O1472374004700',1472376313308,20000);

#
# Data for table "qrtz_triggers"
#


#
# Data for table "qrtz_simprop_triggers"
#


#
# Data for table "qrtz_simple_triggers"
#


#
# Data for table "qrtz_cron_triggers"
#


#
# Data for table "qrtz_blob_triggers"
#


#
# Data for table "sys_account_retrieve"
#


#
# Data for table "sys_attach_category_b"
#

INSERT INTO `sys_attach_category_b` (`CATEGORY_ID`,`CATEGORY_NAME`,`LEAF_FLAG`,`DESCRIPTION`,`STATUS`,`PARENT_CATEGORY_ID`,`PATH`,`SOURCE_TYPE`,`ALLOWED_FILE_TYPE`,`ALLOWED_FILE_SIZE`,`IS_UNIQUE`,`CATEGORY_PATH`,`OBJECT_VERSION_NUMBER`,`REQUEST_ID`,`PROGRAM_ID`,`CREATION_DATE`,`CREATED_BY`,`LAST_UPDATED_BY`,`LAST_UPDATE_DATE`,`LAST_UPDATE_LOGIN`,`ATTRIBUTE_CATEGORY`,`ATTRIBUTE1`,`ATTRIBUTE2`,`ATTRIBUTE3`,`ATTRIBUTE4`,`ATTRIBUTE5`,`ATTRIBUTE6`,`ATTRIBUTE7`,`ATTRIBUTE8`,`ATTRIBUTE9`,`ATTRIBUTE10`,`ATTRIBUTE11`,`ATTRIBUTE12`,`ATTRIBUTE13`,`ATTRIBUTE14`,`ATTRIBUTE15`) VALUES (1,'目录1','0','目录1','1',-1,'1','FOLDER',NULL,NULL,'Y',NULL,NULL,NULL,NULL,NULL,NULL,NULL,NULL,NULL,NULL,NULL,NULL,NULL,NULL,NULL,NULL,NULL,NULL,NULL,NULL,NULL,NULL,NULL,NULL,NULL),(2,'目录2','0','目录2','1',1,'1.2','FOLDER',NULL,NULL,'N',NULL,NULL,NULL,NULL,NULL,NULL,NULL,NULL,NULL,NULL,NULL,NULL,NULL,NULL,NULL,NULL,NULL,NULL,NULL,NULL,NULL,NULL,NULL,NULL,NULL),(3,'目录3','0','叶节点1','1',2,'1.2.3','IMG',NULL,NULL,'Y','/Users/jessen/Pictures/hap/img',NULL,NULL,NULL,NULL,NULL,NULL,NULL,NULL,NULL,NULL,NULL,NULL,NULL,NULL,NULL,NULL,NULL,NULL,NULL,NULL,NULL,NULL,NULL,NULL),(4,'Leaf 1.1','1','Leaf 1.1','1',3,'1.2.3.4','IMG2','.jpg;.jpeg;.png',NULL,'N','/Users/jessen/Pictures/hap/img',NULL,NULL,NULL,NULL,NULL,NULL,NULL,NULL,NULL,NULL,NULL,NULL,NULL,NULL,NULL,NULL,NULL,NULL,NULL,NULL,NULL,NULL,NULL,NULL),(5,'sheets','1','excel','1',3,'1.2.3.5','EXCELRESOUECE','xls,xlns',NULL,'N','/Users/jessen/Pictures/hap/Excel',NULL,-1,-1,'2016-08-25 19:39:58',3,3,'2016-08-25 19:39:57',3,NULL,NULL,NULL,NULL,NULL,NULL,NULL,NULL,NULL,NULL,NULL,NULL,NULL,NULL,NULL,NULL);

#
# Data for table "sys_attach_category_tl"
#

INSERT INTO `sys_attach_category_tl` (`CATEGORY_ID`,`CATEGORY_NAME`,`DESCRIPTION`,`LANG`,`OBJECT_VERSION_NUMBER`,`REQUEST_ID`,`PROGRAM_ID`,`CREATION_DATE`,`CREATED_BY`,`LAST_UPDATED_BY`,`LAST_UPDATE_DATE`,`LAST_UPDATE_LOGIN`,`ATTRIBUTE_CATEGORY`,`ATTRIBUTE1`,`ATTRIBUTE2`,`ATTRIBUTE3`,`ATTRIBUTE4`,`ATTRIBUTE5`,`ATTRIBUTE6`,`ATTRIBUTE7`,`ATTRIBUTE8`,`ATTRIBUTE9`,`ATTRIBUTE10`,`ATTRIBUTE11`,`ATTRIBUTE12`,`ATTRIBUTE13`,`ATTRIBUTE14`,`ATTRIBUTE15`) VALUES (1,'Category1','Category1','en_GB',1,-1,-1,'2016-08-22 20:26:39',-1,-1,'2016-08-22 20:26:39',NULL,NULL,NULL,NULL,NULL,NULL,NULL,NULL,NULL,NULL,NULL,NULL,NULL,NULL,NULL,NULL,NULL),(1,'目录1','目录1','zh_CN',1,-1,-1,'2016-08-22 20:26:39',-1,-1,'2016-08-22 20:26:39',NULL,NULL,NULL,NULL,NULL,NULL,NULL,NULL,NULL,NULL,NULL,NULL,NULL,NULL,NULL,NULL,NULL),(2,'Category2','Category2','en_GB',1,-1,-1,'2016-08-22 20:26:39',-1,-1,'2016-08-22 20:26:39',NULL,NULL,NULL,NULL,NULL,NULL,NULL,NULL,NULL,NULL,NULL,NULL,NULL,NULL,NULL,NULL,NULL),(2,'目录2','目录2','zh_CN',1,-1,-1,'2016-08-22 20:26:39',-1,-1,'2016-08-22 20:26:39',NULL,NULL,NULL,NULL,NULL,NULL,NULL,NULL,NULL,NULL,NULL,NULL,NULL,NULL,NULL,NULL,NULL),(3,'Category3','Left1','en_GB',1,-1,-1,'2016-08-22 20:26:39',-1,-1,'2016-08-22 20:26:39',NULL,NULL,NULL,NULL,NULL,NULL,NULL,NULL,NULL,NULL,NULL,NULL,NULL,NULL,NULL,NULL,NULL),(3,'目录3','叶节点1','zh_CN',1,-1,-1,'2016-08-22 20:26:39',-1,-1,'2016-08-22 20:26:39',NULL,NULL,NULL,NULL,NULL,NULL,NULL,NULL,NULL,NULL,NULL,NULL,NULL,NULL,NULL,NULL,NULL),(4,'Leaf1.1','Leaf 1.1','en_GB',1,-1,-1,'2016-08-22 20:26:39',-1,-1,'2016-08-22 20:26:39',NULL,NULL,NULL,NULL,NULL,NULL,NULL,NULL,NULL,NULL,NULL,NULL,NULL,NULL,NULL,NULL,NULL),(4,'Leaf 1.1','Leaf 1.1','zh_CN',1,-1,-1,'2016-08-22 20:26:39',-1,-1,'2016-08-22 20:26:39',NULL,NULL,NULL,NULL,NULL,NULL,NULL,NULL,NULL,NULL,NULL,NULL,NULL,NULL,NULL,NULL,NULL),(5,'sheets','excel','en_GB',1,-1,-1,'2016-08-25 19:39:57',3,3,'2016-08-25 19:39:57',NULL,NULL,NULL,NULL,NULL,NULL,NULL,NULL,NULL,NULL,NULL,NULL,NULL,NULL,NULL,NULL,NULL),(5,'sheets','excel','zh_CN',1,-1,-1,'2016-08-25 19:39:57',3,3,'2016-08-25 19:39:57',NULL,NULL,NULL,NULL,NULL,NULL,NULL,NULL,NULL,NULL,NULL,NULL,NULL,NULL,NULL,NULL,NULL);

#
# Data for table "sys_attachment"
#

INSERT INTO `sys_attachment` (`ATTACHMENT_ID`,`CATEGORY_ID`,`NAME`,`SOURCE_TYPE`,`SOURCE_KEY`,`STATUS`,`START_ACTIVE_DATE`,`END_ACTIVE_DATE`,`OBJECT_VERSION_NUMBER`,`REQUEST_ID`,`PROGRAM_ID`,`CREATION_DATE`,`CREATED_BY`,`LAST_UPDATED_BY`,`LAST_UPDATE_DATE`,`LAST_UPDATE_LOGIN`,`ATTRIBUTE_CATEGORY`,`ATTRIBUTE1`,`ATTRIBUTE2`,`ATTRIBUTE3`,`ATTRIBUTE4`,`ATTRIBUTE5`,`ATTRIBUTE6`,`ATTRIBUTE7`,`ATTRIBUTE8`,`ATTRIBUTE9`,`ATTRIBUTE10`,`ATTRIBUTE11`,`ATTRIBUTE12`,`ATTRIBUTE13`,`ATTRIBUTE14`,`ATTRIBUTE15`) VALUES (1,4,'IMG2','IMG2','1','1','2016-08-25 11:27:19','2016-08-25 11:27:19',1,-1,-1,'2016-08-25 11:27:19',3,3,'2016-08-25 11:27:19',3,NULL,NULL,NULL,NULL,NULL,NULL,NULL,NULL,NULL,NULL,NULL,NULL,NULL,NULL,NULL,NULL),(2,5,'EXCELRESOUECE','EXCELRESOUECE','1','1','2016-08-25 19:40:43','2016-08-25 19:40:43',1,-1,-1,'2016-08-25 19:40:43',3,3,'2016-08-25 19:40:43',3,NULL,NULL,NULL,NULL,NULL,NULL,NULL,NULL,NULL,NULL,NULL,NULL,NULL,NULL,NULL,NULL);

#
# Data for table "sys_code_b"
#

INSERT INTO `sys_code_b` (`CODE_ID`,`CODE`,`DESCRIPTION`,`OBJECT_VERSION_NUMBER`,`REQUEST_ID`,`PROGRAM_ID`,`CREATION_DATE`,`CREATED_BY`,`LAST_UPDATED_BY`,`LAST_UPDATE_DATE`,`LAST_UPDATE_LOGIN`,`ATTRIBUTE_CATEGORY`,`ATTRIBUTE1`,`ATTRIBUTE2`,`ATTRIBUTE3`,`ATTRIBUTE4`,`ATTRIBUTE5`,`ATTRIBUTE6`,`ATTRIBUTE7`,`ATTRIBUTE8`,`ATTRIBUTE9`,`ATTRIBUTE10`,`ATTRIBUTE11`,`ATTRIBUTE12`,`ATTRIBUTE13`,`ATTRIBUTE14`,`ATTRIBUTE15`) VALUES (106,'SYS.RESOURCE_TYPE','资源类型',1,-1,-1,'2016-08-22 20:26:38',-1,-1,'2016-08-22 20:26:38',NULL,NULL,NULL,NULL,NULL,NULL,NULL,NULL,NULL,NULL,NULL,NULL,NULL,NULL,NULL,NULL,NULL),(121,'SYS.LOV_EDITOR_TYPE','LOV 编辑器类型',1,-1,-1,'2016-08-22 20:26:38',-1,-1,'2016-08-22 20:26:38',NULL,NULL,NULL,NULL,NULL,NULL,NULL,NULL,NULL,NULL,NULL,NULL,NULL,NULL,NULL,NULL,NULL),(122,'SYS.YES_NO','是否 YN',1,-1,-1,'2016-08-22 20:26:38',-1,-1,'2016-08-22 20:26:38',NULL,NULL,NULL,NULL,NULL,NULL,NULL,NULL,NULL,NULL,NULL,NULL,NULL,NULL,NULL,NULL,NULL),(123,'SYS.ALIGN_TYPE','对齐方式',1,-1,-1,'2016-08-22 20:26:38',-1,-1,'2016-08-22 20:26:38',NULL,NULL,NULL,NULL,NULL,NULL,NULL,NULL,NULL,NULL,NULL,NULL,NULL,NULL,NULL,NULL,NULL),(124,'SYS.PROFILE_LEVEL_ID','配置文件级别',1,-1,-1,'2016-08-22 20:26:38',-1,-1,'2016-08-22 20:26:38',NULL,NULL,NULL,NULL,NULL,NULL,NULL,NULL,NULL,NULL,NULL,NULL,NULL,NULL,NULL,NULL,NULL),(125,'SYS.PRIORITY_LEVEL','模板优先级',1,-1,-1,'2016-08-22 20:26:38',-1,-1,'2016-08-22 20:26:38',NULL,NULL,NULL,NULL,NULL,NULL,NULL,NULL,NULL,NULL,NULL,NULL,NULL,NULL,NULL,NULL,NULL),(126,'SYS.TIME_ZONE','时区',1,-1,-1,'2016-08-22 20:26:38',-1,-1,'2016-08-22 20:26:38',NULL,NULL,NULL,NULL,NULL,NULL,NULL,NULL,NULL,NULL,NULL,NULL,NULL,NULL,NULL,NULL,NULL);

#
# Data for table "sys_code_tl"
#

INSERT INTO `sys_code_tl` (`CODE_ID`,`LANG`,`DESCRIPTION`,`OBJECT_VERSION_NUMBER`,`REQUEST_ID`,`PROGRAM_ID`,`CREATION_DATE`,`CREATED_BY`,`LAST_UPDATED_BY`,`LAST_UPDATE_DATE`,`LAST_UPDATE_LOGIN`,`ATTRIBUTE_CATEGORY`,`ATTRIBUTE1`,`ATTRIBUTE2`,`ATTRIBUTE3`,`ATTRIBUTE4`,`ATTRIBUTE5`,`ATTRIBUTE6`,`ATTRIBUTE7`,`ATTRIBUTE8`,`ATTRIBUTE9`,`ATTRIBUTE10`,`ATTRIBUTE11`,`ATTRIBUTE12`,`ATTRIBUTE13`,`ATTRIBUTE14`,`ATTRIBUTE15`) VALUES (106,'en_GB','资源类型',1,-1,-1,'2016-08-22 20:26:38',-1,-1,'2016-08-22 20:26:38',NULL,NULL,NULL,NULL,NULL,NULL,NULL,NULL,NULL,NULL,NULL,NULL,NULL,NULL,NULL,NULL,NULL),(106,'zh_CN','资源类型',1,-1,-1,'2016-08-22 20:26:38',-1,-1,'2016-08-22 20:26:38',NULL,NULL,NULL,NULL,NULL,NULL,NULL,NULL,NULL,NULL,NULL,NULL,NULL,NULL,NULL,NULL,NULL),(121,'en_GB','LOV 编辑器类型',1,-1,-1,'2016-08-22 20:26:38',-1,-1,'2016-08-22 20:26:38',NULL,NULL,NULL,NULL,NULL,NULL,NULL,NULL,NULL,NULL,NULL,NULL,NULL,NULL,NULL,NULL,NULL),(121,'zh_CN','LOV 编辑器类型',1,-1,-1,'2016-08-22 20:26:38',-1,-1,'2016-08-22 20:26:38',NULL,NULL,NULL,NULL,NULL,NULL,NULL,NULL,NULL,NULL,NULL,NULL,NULL,NULL,NULL,NULL,NULL),(122,'en_GB','是否 YN',1,-1,-1,'2016-08-22 20:26:38',-1,-1,'2016-08-22 20:26:38',NULL,NULL,NULL,NULL,NULL,NULL,NULL,NULL,NULL,NULL,NULL,NULL,NULL,NULL,NULL,NULL,NULL),(122,'zh_CN','是否 YN',1,-1,-1,'2016-08-22 20:26:38',-1,-1,'2016-08-22 20:26:38',NULL,NULL,NULL,NULL,NULL,NULL,NULL,NULL,NULL,NULL,NULL,NULL,NULL,NULL,NULL,NULL,NULL),(123,'en_GB','Align Type',1,-1,-1,'2016-08-22 20:26:38',-1,-1,'2016-08-22 20:26:38',NULL,NULL,NULL,NULL,NULL,NULL,NULL,NULL,NULL,NULL,NULL,NULL,NULL,NULL,NULL,NULL,NULL),(123,'zh_CN','对齐方式',1,-1,-1,'2016-08-22 20:26:38',-1,-1,'2016-08-22 20:26:38',NULL,NULL,NULL,NULL,NULL,NULL,NULL,NULL,NULL,NULL,NULL,NULL,NULL,NULL,NULL,NULL,NULL),(124,'en_GB','Profile Level',1,-1,-1,'2016-08-22 20:26:38',-1,-1,'2016-08-22 20:26:38',NULL,NULL,NULL,NULL,NULL,NULL,NULL,NULL,NULL,NULL,NULL,NULL,NULL,NULL,NULL,NULL,NULL),(124,'zh_CN','配置文件级别',1,-1,-1,'2016-08-22 20:26:38',-1,-1,'2016-08-22 20:26:38',NULL,NULL,NULL,NULL,NULL,NULL,NULL,NULL,NULL,NULL,NULL,NULL,NULL,NULL,NULL,NULL,NULL),(125,'en_GB','Template Priority',1,-1,-1,'2016-08-22 20:26:38',-1,-1,'2016-08-22 20:26:38',NULL,NULL,NULL,NULL,NULL,NULL,NULL,NULL,NULL,NULL,NULL,NULL,NULL,NULL,NULL,NULL,NULL),(125,'zh_CN','模板优先级',1,-1,-1,'2016-08-22 20:26:38',-1,-1,'2016-08-22 20:26:38',NULL,NULL,NULL,NULL,NULL,NULL,NULL,NULL,NULL,NULL,NULL,NULL,NULL,NULL,NULL,NULL,NULL),(126,'en_GB','Time Zone',1,-1,-1,'2016-08-22 20:26:38',-1,-1,'2016-08-22 20:26:38',NULL,NULL,NULL,NULL,NULL,NULL,NULL,NULL,NULL,NULL,NULL,NULL,NULL,NULL,NULL,NULL,NULL),(126,'zh_CN','时区',1,-1,-1,'2016-08-22 20:26:38',-1,-1,'2016-08-22 20:26:38',NULL,NULL,NULL,NULL,NULL,NULL,NULL,NULL,NULL,NULL,NULL,NULL,NULL,NULL,NULL,NULL,NULL);

#
# Data for table "sys_code_value_b"
#

INSERT INTO `sys_code_value_b` (`CODE_VALUE_ID`,`CODE_ID`,`VALUE`,`MEANING`,`DESCRIPTION`,`OBJECT_VERSION_NUMBER`,`REQUEST_ID`,`PROGRAM_ID`,`CREATION_DATE`,`CREATED_BY`,`LAST_UPDATED_BY`,`LAST_UPDATE_DATE`,`LAST_UPDATE_LOGIN`,`ATTRIBUTE_CATEGORY`,`ATTRIBUTE1`,`ATTRIBUTE2`,`ATTRIBUTE3`,`ATTRIBUTE4`,`ATTRIBUTE5`,`ATTRIBUTE6`,`ATTRIBUTE7`,`ATTRIBUTE8`,`ATTRIBUTE9`,`ATTRIBUTE10`,`ATTRIBUTE11`,`ATTRIBUTE12`,`ATTRIBUTE13`,`ATTRIBUTE14`,`ATTRIBUTE15`) VALUES (107,106,'HTML','HTML页面','HTML页面',1,-1,-1,'2016-08-22 20:26:38',-1,-1,'2016-08-22 20:26:38',NULL,NULL,NULL,NULL,NULL,NULL,NULL,NULL,NULL,NULL,NULL,NULL,NULL,NULL,NULL,NULL,NULL),(108,106,'SERVICE','URL服务','URL服务',1,-1,-1,'2016-08-22 20:26:38',-1,-1,'2016-08-22 20:26:38',NULL,NULL,NULL,NULL,NULL,NULL,NULL,NULL,NULL,NULL,NULL,NULL,NULL,NULL,NULL,NULL,NULL),(121,121,'INT','数字框',NULL,1,-1,-1,'2016-08-22 20:26:38',-1,-1,'2016-08-22 20:26:38',NULL,NULL,NULL,NULL,NULL,NULL,NULL,NULL,NULL,NULL,NULL,NULL,NULL,NULL,NULL,NULL,NULL),(122,121,'POPUP','值列表',NULL,1,-1,-1,'2016-08-22 20:26:38',-1,-1,'2016-08-22 20:26:38',NULL,NULL,NULL,NULL,NULL,NULL,NULL,NULL,NULL,NULL,NULL,NULL,NULL,NULL,NULL,NULL,NULL),(123,121,'SELECT','下拉框',NULL,1,-1,-1,'2016-08-22 20:26:38',-1,-1,'2016-08-22 20:26:38',NULL,NULL,NULL,NULL,NULL,NULL,NULL,NULL,NULL,NULL,NULL,NULL,NULL,NULL,NULL,NULL,NULL),(124,121,'TEXT','文本框',NULL,1,-1,-1,'2016-08-22 20:26:38',-1,-1,'2016-08-22 20:26:38',NULL,NULL,NULL,NULL,NULL,NULL,NULL,NULL,NULL,NULL,NULL,NULL,NULL,NULL,NULL,NULL,NULL),(125,122,'Y','是',NULL,1,-1,-1,'2016-08-22 20:26:38',-1,-1,'2016-08-22 20:26:38',NULL,NULL,NULL,NULL,NULL,NULL,NULL,NULL,NULL,NULL,NULL,NULL,NULL,NULL,NULL,NULL,NULL),(126,122,'N','否',NULL,1,-1,-1,'2016-08-22 20:26:38',-1,-1,'2016-08-22 20:26:38',NULL,NULL,NULL,NULL,NULL,NULL,NULL,NULL,NULL,NULL,NULL,NULL,NULL,NULL,NULL,NULL,NULL),(127,123,'CENTER','居中',NULL,1,-1,-1,'2016-08-22 20:26:38',-1,-1,'2016-08-22 20:26:38',NULL,NULL,NULL,NULL,NULL,NULL,NULL,NULL,NULL,NULL,NULL,NULL,NULL,NULL,NULL,NULL,NULL),(128,123,'LEFT','左对齐',NULL,1,-1,-1,'2016-08-22 20:26:38',-1,-1,'2016-08-22 20:26:38',NULL,NULL,NULL,NULL,NULL,NULL,NULL,NULL,NULL,NULL,NULL,NULL,NULL,NULL,NULL,NULL,NULL),(129,123,'RIGHT','右对齐',NULL,1,-1,-1,'2016-08-22 20:26:38',-1,-1,'2016-08-22 20:26:38',NULL,NULL,NULL,NULL,NULL,NULL,NULL,NULL,NULL,NULL,NULL,NULL,NULL,NULL,NULL,NULL,NULL),(130,124,'10','全局','',1,-1,-1,'2016-08-22 20:26:38',-1,-1,'2016-08-22 20:26:38',NULL,NULL,NULL,NULL,NULL,NULL,NULL,NULL,NULL,NULL,NULL,NULL,NULL,NULL,NULL,NULL,NULL),(131,124,'20','角色',NULL,1,-1,-1,'2016-08-22 20:26:38',-1,-1,'2016-08-22 20:26:38',NULL,NULL,NULL,NULL,NULL,NULL,NULL,NULL,NULL,NULL,NULL,NULL,NULL,NULL,NULL,NULL,NULL),(132,124,'30','用户',NULL,1,-1,-1,'2016-08-22 20:26:38',-1,-1,'2016-08-22 20:26:38',NULL,NULL,NULL,NULL,NULL,NULL,NULL,NULL,NULL,NULL,NULL,NULL,NULL,NULL,NULL,NULL,NULL),(133,125,'NORMAL','普通',NULL,1,-1,-1,'2016-08-22 20:26:38',-1,-1,'2016-08-22 20:26:38',NULL,NULL,NULL,NULL,NULL,NULL,NULL,NULL,NULL,NULL,NULL,NULL,NULL,NULL,NULL,NULL,NULL),(134,125,'VIP','VIP',NULL,1,-1,-1,'2016-08-22 20:26:38',-1,-1,'2016-08-22 20:26:38',NULL,NULL,NULL,NULL,NULL,NULL,NULL,NULL,NULL,NULL,NULL,NULL,NULL,NULL,NULL,NULL,NULL),(135,126,'GMT+0800','(GMT+8)北京时间',NULL,1,-1,-1,'2016-08-22 20:26:38',-1,-1,'2016-08-22 20:26:38',NULL,NULL,NULL,NULL,NULL,NULL,NULL,NULL,NULL,NULL,NULL,NULL,NULL,NULL,NULL,NULL,NULL),(136,126,'GMT-0800','(GMT-8)旧金山',NULL,1,-1,-1,'2016-08-22 20:26:38',-1,-1,'2016-08-22 20:26:38',NULL,NULL,NULL,NULL,NULL,NULL,NULL,NULL,NULL,NULL,NULL,NULL,NULL,NULL,NULL,NULL,NULL),(137,126,'GMT-0500','(GMT-5)纽约',NULL,1,-1,-1,'2016-08-22 20:26:38',-1,-1,'2016-08-22 20:26:38',NULL,NULL,NULL,NULL,NULL,NULL,NULL,NULL,NULL,NULL,NULL,NULL,NULL,NULL,NULL,NULL,NULL);

#
# Data for table "sys_code_value_tl"
#

INSERT INTO `sys_code_value_tl` (`CODE_VALUE_ID`,`LANG`,`MEANING`,`DESCRIPTION`,`OBJECT_VERSION_NUMBER`,`REQUEST_ID`,`PROGRAM_ID`,`CREATION_DATE`,`CREATED_BY`,`LAST_UPDATED_BY`,`LAST_UPDATE_DATE`,`LAST_UPDATE_LOGIN`,`ATTRIBUTE_CATEGORY`,`ATTRIBUTE1`,`ATTRIBUTE2`,`ATTRIBUTE3`,`ATTRIBUTE4`,`ATTRIBUTE5`,`ATTRIBUTE6`,`ATTRIBUTE7`,`ATTRIBUTE8`,`ATTRIBUTE9`,`ATTRIBUTE10`,`ATTRIBUTE11`,`ATTRIBUTE12`,`ATTRIBUTE13`,`ATTRIBUTE14`,`ATTRIBUTE15`) VALUES (107,'en_GB','HTML页面','HTML页面',1,-1,-1,'2016-08-22 20:26:38',-1,-1,'2016-08-22 20:26:38',NULL,NULL,NULL,NULL,NULL,NULL,NULL,NULL,NULL,NULL,NULL,NULL,NULL,NULL,NULL,NULL,NULL),(107,'zh_CN','HTML页面','HTML页面',1,-1,-1,'2016-08-22 20:26:38',-1,-1,'2016-08-22 20:26:38',NULL,NULL,NULL,NULL,NULL,NULL,NULL,NULL,NULL,NULL,NULL,NULL,NULL,NULL,NULL,NULL,NULL),(108,'en_GB','URL服务','URL服务',1,-1,-1,'2016-08-22 20:26:38',-1,-1,'2016-08-22 20:26:38',NULL,NULL,NULL,NULL,NULL,NULL,NULL,NULL,NULL,NULL,NULL,NULL,NULL,NULL,NULL,NULL,NULL),(108,'zh_CN','URL服务','URL服务',1,-1,-1,'2016-08-22 20:26:38',-1,-1,'2016-08-22 20:26:38',NULL,NULL,NULL,NULL,NULL,NULL,NULL,NULL,NULL,NULL,NULL,NULL,NULL,NULL,NULL,NULL,NULL),(121,'en_GB','Number',NULL,1,-1,-1,'2016-08-22 20:26:38',-1,-1,'2016-08-22 20:26:38',NULL,NULL,NULL,NULL,NULL,NULL,NULL,NULL,NULL,NULL,NULL,NULL,NULL,NULL,NULL,NULL,NULL),(121,'zh_CN','数字框',NULL,1,-1,-1,'2016-08-22 20:26:38',-1,-1,'2016-08-22 20:26:38',NULL,NULL,NULL,NULL,NULL,NULL,NULL,NULL,NULL,NULL,NULL,NULL,NULL,NULL,NULL,NULL,NULL),(122,'en_GB','Popup',NULL,1,-1,-1,'2016-08-22 20:26:38',-1,-1,'2016-08-22 20:26:38',NULL,NULL,NULL,NULL,NULL,NULL,NULL,NULL,NULL,NULL,NULL,NULL,NULL,NULL,NULL,NULL,NULL),(122,'zh_CN','值列表',NULL,1,-1,-1,'2016-08-22 20:26:38',-1,-1,'2016-08-22 20:26:38',NULL,NULL,NULL,NULL,NULL,NULL,NULL,NULL,NULL,NULL,NULL,NULL,NULL,NULL,NULL,NULL,NULL),(123,'en_GB','Select',NULL,1,-1,-1,'2016-08-22 20:26:38',-1,-1,'2016-08-22 20:26:38',NULL,NULL,NULL,NULL,NULL,NULL,NULL,NULL,NULL,NULL,NULL,NULL,NULL,NULL,NULL,NULL,NULL),(123,'zh_CN','下拉框',NULL,1,-1,-1,'2016-08-22 20:26:38',-1,-1,'2016-08-22 20:26:38',NULL,NULL,NULL,NULL,NULL,NULL,NULL,NULL,NULL,NULL,NULL,NULL,NULL,NULL,NULL,NULL,NULL),(124,'en_GB','Text',NULL,1,-1,-1,'2016-08-22 20:26:38',-1,-1,'2016-08-22 20:26:38',NULL,NULL,NULL,NULL,NULL,NULL,NULL,NULL,NULL,NULL,NULL,NULL,NULL,NULL,NULL,NULL,NULL),(124,'zh_CN','文本框',NULL,1,-1,-1,'2016-08-22 20:26:38',-1,-1,'2016-08-22 20:26:38',NULL,NULL,NULL,NULL,NULL,NULL,NULL,NULL,NULL,NULL,NULL,NULL,NULL,NULL,NULL,NULL,NULL),(125,'en_GB','Yes',NULL,1,-1,-1,'2016-08-22 20:26:38',-1,-1,'2016-08-22 20:26:38',NULL,NULL,NULL,NULL,NULL,NULL,NULL,NULL,NULL,NULL,NULL,NULL,NULL,NULL,NULL,NULL,NULL),(125,'zh_CN','是',NULL,1,-1,-1,'2016-08-22 20:26:38',-1,-1,'2016-08-22 20:26:38',NULL,NULL,NULL,NULL,NULL,NULL,NULL,NULL,NULL,NULL,NULL,NULL,NULL,NULL,NULL,NULL,NULL),(126,'en_GB','No',NULL,1,-1,-1,'2016-08-22 20:26:38',-1,-1,'2016-08-22 20:26:38',NULL,NULL,NULL,NULL,NULL,NULL,NULL,NULL,NULL,NULL,NULL,NULL,NULL,NULL,NULL,NULL,NULL),(126,'zh_CN','否',NULL,1,-1,-1,'2016-08-22 20:26:38',-1,-1,'2016-08-22 20:26:38',NULL,NULL,NULL,NULL,NULL,NULL,NULL,NULL,NULL,NULL,NULL,NULL,NULL,NULL,NULL,NULL,NULL),(127,'en_GB','Center',NULL,1,-1,-1,'2016-08-22 20:26:38',-1,-1,'2016-08-22 20:26:38',NULL,NULL,NULL,NULL,NULL,NULL,NULL,NULL,NULL,NULL,NULL,NULL,NULL,NULL,NULL,NULL,NULL),(127,'zh_CN','居中',NULL,1,-1,-1,'2016-08-22 20:26:38',-1,-1,'2016-08-22 20:26:38',NULL,NULL,NULL,NULL,NULL,NULL,NULL,NULL,NULL,NULL,NULL,NULL,NULL,NULL,NULL,NULL,NULL),(128,'en_GB','Left',NULL,1,-1,-1,'2016-08-22 20:26:38',-1,-1,'2016-08-22 20:26:38',NULL,NULL,NULL,NULL,NULL,NULL,NULL,NULL,NULL,NULL,NULL,NULL,NULL,NULL,NULL,NULL,NULL),(128,'zh_CN','左对齐',NULL,1,-1,-1,'2016-08-22 20:26:38',-1,-1,'2016-08-22 20:26:38',NULL,NULL,NULL,NULL,NULL,NULL,NULL,NULL,NULL,NULL,NULL,NULL,NULL,NULL,NULL,NULL,NULL),(129,'en_GB','Right',NULL,1,-1,-1,'2016-08-22 20:26:38',-1,-1,'2016-08-22 20:26:38',NULL,NULL,NULL,NULL,NULL,NULL,NULL,NULL,NULL,NULL,NULL,NULL,NULL,NULL,NULL,NULL,NULL),(129,'zh_CN','右对齐',NULL,1,-1,-1,'2016-08-22 20:26:38',-1,-1,'2016-08-22 20:26:38',NULL,NULL,NULL,NULL,NULL,NULL,NULL,NULL,NULL,NULL,NULL,NULL,NULL,NULL,NULL,NULL,NULL),(130,'en_GB','Global','',1,-1,-1,'2016-08-22 20:26:38',-1,-1,'2016-08-22 20:26:38',NULL,NULL,NULL,NULL,NULL,NULL,NULL,NULL,NULL,NULL,NULL,NULL,NULL,NULL,NULL,NULL,NULL),(130,'zh_CN','全局','',1,-1,-1,'2016-08-22 20:26:38',-1,-1,'2016-08-22 20:26:38',NULL,NULL,NULL,NULL,NULL,NULL,NULL,NULL,NULL,NULL,NULL,NULL,NULL,NULL,NULL,NULL,NULL),(131,'en_GB','Role',NULL,1,-1,-1,'2016-08-22 20:26:38',-1,-1,'2016-08-22 20:26:38',NULL,NULL,NULL,NULL,NULL,NULL,NULL,NULL,NULL,NULL,NULL,NULL,NULL,NULL,NULL,NULL,NULL),(131,'zh_CN','角色',NULL,1,-1,-1,'2016-08-22 20:26:38',-1,-1,'2016-08-22 20:26:38',NULL,NULL,NULL,NULL,NULL,NULL,NULL,NULL,NULL,NULL,NULL,NULL,NULL,NULL,NULL,NULL,NULL),(132,'en_GB','User',NULL,1,-1,-1,'2016-08-22 20:26:38',-1,-1,'2016-08-22 20:26:38',NULL,NULL,NULL,NULL,NULL,NULL,NULL,NULL,NULL,NULL,NULL,NULL,NULL,NULL,NULL,NULL,NULL),(132,'zh_CN','用户',NULL,1,-1,-1,'2016-08-22 20:26:38',-1,-1,'2016-08-22 20:26:38',NULL,NULL,NULL,NULL,NULL,NULL,NULL,NULL,NULL,NULL,NULL,NULL,NULL,NULL,NULL,NULL,NULL),(133,'en_GB','Normal',NULL,1,-1,-1,'2016-08-22 20:26:38',-1,-1,'2016-08-22 20:26:38',NULL,NULL,NULL,NULL,NULL,NULL,NULL,NULL,NULL,NULL,NULL,NULL,NULL,NULL,NULL,NULL,NULL),(133,'zh_CN','普通',NULL,1,-1,-1,'2016-08-22 20:26:38',-1,-1,'2016-08-22 20:26:38',NULL,NULL,NULL,NULL,NULL,NULL,NULL,NULL,NULL,NULL,NULL,NULL,NULL,NULL,NULL,NULL,NULL),(134,'en_GB','VIP',NULL,1,-1,-1,'2016-08-22 20:26:38',-1,-1,'2016-08-22 20:26:38',NULL,NULL,NULL,NULL,NULL,NULL,NULL,NULL,NULL,NULL,NULL,NULL,NULL,NULL,NULL,NULL,NULL),(134,'zh_CN','VIP',NULL,1,-1,-1,'2016-08-22 20:26:38',-1,-1,'2016-08-22 20:26:38',NULL,NULL,NULL,NULL,NULL,NULL,NULL,NULL,NULL,NULL,NULL,NULL,NULL,NULL,NULL,NULL,NULL),(135,'en_GB','(GMT+8)Beijing',NULL,1,-1,-1,'2016-08-22 20:26:38',-1,-1,'2016-08-22 20:26:38',NULL,NULL,NULL,NULL,NULL,NULL,NULL,NULL,NULL,NULL,NULL,NULL,NULL,NULL,NULL,NULL,NULL),(135,'zh_CN','(GMT+8)北京时间',NULL,1,-1,-1,'2016-08-22 20:26:38',-1,-1,'2016-08-22 20:26:38',NULL,NULL,NULL,NULL,NULL,NULL,NULL,NULL,NULL,NULL,NULL,NULL,NULL,NULL,NULL,NULL,NULL),(136,'en_GB','(GMT-8)San Francisco',NULL,1,-1,-1,'2016-08-22 20:26:38',-1,-1,'2016-08-22 20:26:38',NULL,NULL,NULL,NULL,NULL,NULL,NULL,NULL,NULL,NULL,NULL,NULL,NULL,NULL,NULL,NULL,NULL),(136,'zh_CN','(GMT-8)旧金山',NULL,1,-1,-1,'2016-08-22 20:26:38',-1,-1,'2016-08-22 20:26:38',NULL,NULL,NULL,NULL,NULL,NULL,NULL,NULL,NULL,NULL,NULL,NULL,NULL,NULL,NULL,NULL,NULL),(137,'en_GB','(GMT-5)New York',NULL,1,-1,-1,'2016-08-22 20:26:38',-1,-1,'2016-08-22 20:26:38',NULL,NULL,NULL,NULL,NULL,NULL,NULL,NULL,NULL,NULL,NULL,NULL,NULL,NULL,NULL,NULL,NULL),(137,'zh_CN','(GMT-5)纽约',NULL,1,-1,-1,'2016-08-22 20:26:38',-1,-1,'2016-08-22 20:26:38',NULL,NULL,NULL,NULL,NULL,NULL,NULL,NULL,NULL,NULL,NULL,NULL,NULL,NULL,NULL,NULL,NULL);

#
# Data for table "sys_file"
#

INSERT INTO `sys_file` (`FILE_ID`,`ATTACHMENT_ID`,`FILE_NAME`,`FILE_PATH`,`FILE_SIZE`,`FILE_TYPE`,`UPLOAD_DATE`,`OBJECT_VERSION_NUMBER`,`REQUEST_ID`,`PROGRAM_ID`,`CREATION_DATE`,`CREATED_BY`,`LAST_UPDATED_BY`,`LAST_UPDATE_DATE`,`LAST_UPDATE_LOGIN`,`ATTRIBUTE_CATEGORY`,`ATTRIBUTE1`,`ATTRIBUTE2`,`ATTRIBUTE3`,`ATTRIBUTE4`,`ATTRIBUTE5`,`ATTRIBUTE6`,`ATTRIBUTE7`,`ATTRIBUTE8`,`ATTRIBUTE9`,`ATTRIBUTE10`,`ATTRIBUTE11`,`ATTRIBUTE12`,`ATTRIBUTE13`,`ATTRIBUTE14`,`ATTRIBUTE15`) VALUES (1,1,'secondarytile.png','D:\\Users\\jessen\\Pictures\\hap\\img\\28c70b87-52e0-4485-b506-486bc6d7ae9e',637,'image/png','2016-08-25 11:27:19',1,-1,-1,'2016-08-25 11:27:19',3,3,'2016-08-25 11:27:19',3,NULL,NULL,NULL,NULL,NULL,NULL,NULL,NULL,NULL,NULL,NULL,NULL,NULL,NULL,NULL,NULL),(2,2,'新建 Microsoft Excel 工作表.xlsx','D:\\Users\\jessen\\Pictures\\hap\\Excel\\9ed8b2aa-d3bf-431c-a37a-c46ea9d215bd',6322,'application/vnd.openxmlformats-officedocument.spreadsheetml.sheet','2016-08-25 19:40:43',1,-1,-1,'2016-08-25 19:40:43',3,3,'2016-08-25 19:40:43',3,NULL,NULL,NULL,NULL,NULL,NULL,NULL,NULL,NULL,NULL,NULL,NULL,NULL,NULL,NULL,NULL),(3,2,'新建 Microsoft Excel 工作表.xlsx','D:\\Users\\jessen\\Pictures\\hap\\Excel\\4670a21b-d35c-49d2-9a3d-df59782896f0',6322,'application/vnd.openxmlformats-officedocument.spreadsheetml.sheet','2016-08-25 20:28:23',1,-1,-1,'2016-08-25 20:28:23',3,3,'2016-08-25 20:28:23',3,NULL,NULL,NULL,NULL,NULL,NULL,NULL,NULL,NULL,NULL,NULL,NULL,NULL,NULL,NULL,NULL),(4,2,'新建 Microsoft Excel 工作表.xlsx','D:\\Users\\jessen\\Pictures\\hap\\Excel\\867356f3-c078-4dee-a0d6-8563ee890db5',6322,'application/vnd.openxmlformats-officedocument.spreadsheetml.sheet','2016-08-25 23:38:58',1,-1,-1,'2016-08-25 23:38:58',3,3,'2016-08-25 23:38:58',3,NULL,NULL,NULL,NULL,NULL,NULL,NULL,NULL,NULL,NULL,NULL,NULL,NULL,NULL,NULL,NULL);

#
# Data for table "sys_function_b"
#

INSERT INTO `sys_function_b` (`FUNCTION_ID`,`MODULE_CODE`,`FUNCTION_ICON`,`FUNCTION_CODE`,`FUNCTION_NAME`,`FUNCTION_DESCRIPTION`,`RESOURCE_ID`,`TYPE`,`PARENT_FUNCTION_ID`,`ENABLED_FLAG`,`FUNCTION_SEQUENCE`,`OBJECT_VERSION_NUMBER`,`REQUEST_ID`,`PROGRAM_ID`,`CREATION_DATE`,`CREATED_BY`,`LAST_UPDATED_BY`,`LAST_UPDATE_DATE`,`LAST_UPDATE_LOGIN`,`ATTRIBUTE_CATEGORY`,`ATTRIBUTE1`,`ATTRIBUTE2`,`ATTRIBUTE3`,`ATTRIBUTE4`,`ATTRIBUTE5`,`ATTRIBUTE6`,`ATTRIBUTE7`,`ATTRIBUTE8`,`ATTRIBUTE9`,`ATTRIBUTE10`,`ATTRIBUTE11`,`ATTRIBUTE12`,`ATTRIBUTE13`,`ATTRIBUTE14`,`ATTRIBUTE15`) VALUES (106,'SYS','icon-cogs','SYSTEM','System','System',NULL,'PAGE',NULL,'Y',99,1,-1,-1,'2016-08-22 20:26:38',-1,-1,'2016-08-22 20:26:38',NULL,NULL,NULL,NULL,NULL,NULL,NULL,NULL,NULL,NULL,NULL,NULL,NULL,NULL,NULL,NULL,NULL),(107,'FUNCTION','icon-th-large','FUNCTION','Function','Functions',NULL,'PAGE',106,'Y',10,1,-1,-1,'2016-08-22 20:26:38',-1,-1,'2016-08-22 20:26:38',NULL,NULL,NULL,NULL,NULL,NULL,NULL,NULL,NULL,NULL,NULL,NULL,NULL,NULL,NULL,NULL,NULL),(108,'SYS','icon-edit','PROMPT','Prompt','Prompts',102,'PAGE',106,'Y',20,1,-1,-1,'2016-08-22 20:26:38',-1,-1,'2016-08-22 20:26:38',NULL,NULL,NULL,NULL,NULL,NULL,NULL,NULL,NULL,NULL,NULL,NULL,NULL,NULL,NULL,NULL,NULL),(109,'SYS','icon-code','CODE','Code','Lookup Code',103,'PAGE',106,'Y',30,1,-1,-1,'2016-08-22 20:26:38',-1,-1,'2016-08-22 20:26:38',NULL,NULL,NULL,NULL,NULL,NULL,NULL,NULL,NULL,NULL,NULL,NULL,NULL,NULL,NULL,NULL,NULL),(110,'SYS','icon-search','LOV','LOV','LOV',104,'PAGE',106,'Y',40,1,-1,-1,'2016-08-22 20:26:38',-1,-1,'2016-08-22 20:26:38',NULL,NULL,NULL,NULL,NULL,NULL,NULL,NULL,NULL,NULL,NULL,NULL,NULL,NULL,NULL,NULL,NULL),(111,'SYS','icon-cogs','PROFILE','Profile','Profiles',105,'PAGE',106,'Y',50,1,-1,-1,'2016-08-22 20:26:38',-1,-1,'2016-08-22 20:26:38',NULL,NULL,NULL,NULL,NULL,NULL,NULL,NULL,NULL,NULL,NULL,NULL,NULL,NULL,NULL,NULL,NULL),(121,'FUNCTION','icon-th-large','FUNCTION_ADD','Function Define','Function Define',101,'PAGE',107,'Y',10,1,-1,-1,'2016-08-22 20:26:38',-1,-1,'2016-08-22 20:26:38',NULL,NULL,NULL,NULL,NULL,NULL,NULL,NULL,NULL,NULL,NULL,NULL,NULL,NULL,NULL,NULL,NULL),(141,'JOB','icon-calendar','JOB','Task','Job',NULL,'PAGE',NULL,'Y',40,1,-1,-1,'2016-08-22 20:26:38',-1,-1,'2016-08-22 20:26:38',NULL,NULL,NULL,NULL,NULL,NULL,NULL,NULL,NULL,NULL,NULL,NULL,NULL,NULL,NULL,NULL,NULL),(142,'JOB','icon-tasks','JOB_DETAIL','Task Detail','Job Detail',127,'PAGE',141,'Y',10,1,-1,-1,'2016-08-22 20:26:38',-1,-1,'2016-08-22 20:26:38',NULL,NULL,NULL,NULL,NULL,NULL,NULL,NULL,NULL,NULL,NULL,NULL,NULL,NULL,NULL,NULL,NULL),(143,'FUNCTION','icon-list-alt','SYS_RESOURCE','Resource','Resources',121,'PAGE',107,'Y',20,1,-1,-1,'2016-08-22 20:26:38',-1,-1,'2016-08-22 20:26:38',NULL,NULL,NULL,NULL,NULL,NULL,NULL,NULL,NULL,NULL,NULL,NULL,NULL,NULL,NULL,NULL,NULL),(144,'FUNCTION','icon-th-list','FUNCTION_ASSIGN','Function Assign','Function',122,'PAGE',107,'Y',90,1,-1,-1,'2016-08-22 20:26:38',-1,-1,'2016-08-22 20:26:38',NULL,NULL,NULL,NULL,NULL,NULL,NULL,NULL,NULL,NULL,NULL,NULL,NULL,NULL,NULL,NULL,NULL),(145,'ACCOUNT','icon-group','ACCOUNT','Account','Account',NULL,'PAGE',106,'Y',10,1,-1,-1,'2016-08-22 20:26:38',-1,-1,'2016-08-22 20:26:38',NULL,NULL,NULL,NULL,NULL,NULL,NULL,NULL,NULL,NULL,NULL,NULL,NULL,NULL,NULL,NULL,NULL),(146,'ACCOUNT','icon-user','ACCOUNT_USER','User','Users',123,'PAGE',145,'Y',10,1,-1,-1,'2016-08-22 20:26:38',-1,-1,'2016-08-22 20:26:38',NULL,NULL,NULL,NULL,NULL,NULL,NULL,NULL,NULL,NULL,NULL,NULL,NULL,NULL,NULL,NULL,NULL),(147,'ACCOUNT','icon-group','ACCOUNT_ROLE','Role','Roles',125,'PAGE',145,'Y',20,1,-1,-1,'2016-08-22 20:26:38',-1,-1,'2016-08-22 20:26:38',NULL,NULL,NULL,NULL,NULL,NULL,NULL,NULL,NULL,NULL,NULL,NULL,NULL,NULL,NULL,NULL,NULL),(149,'JOB','icon-list-alt','JOB_RUNNING_INFO','Execution Log','Execution Log',128,'PAGE',141,'Y',20,1,-1,-1,'2016-08-22 20:26:38',-1,-1,'2016-08-22 20:26:38',NULL,NULL,NULL,NULL,NULL,NULL,NULL,NULL,NULL,NULL,NULL,NULL,NULL,NULL,NULL,NULL,NULL),(161,'SYS','icon-flag','LANGUAGE','Languages','Language',142,'PAGE',106,'Y',50,1,-1,-1,'2016-08-22 20:26:38',-1,-1,'2016-08-22 20:26:38',NULL,NULL,NULL,NULL,NULL,NULL,NULL,NULL,NULL,NULL,NULL,NULL,NULL,NULL,NULL,NULL,NULL),(162,'EMAIL','icon-envelope','EMAIL','邮件','邮件',NULL,'PAGE',106,'Y',80,1,-1,-1,'2016-08-22 20:26:38',-1,-1,'2016-08-22 20:26:38',NULL,NULL,NULL,NULL,NULL,NULL,NULL,NULL,NULL,NULL,NULL,NULL,NULL,NULL,NULL,NULL,NULL),(163,'EMAIL','icon-envelope','EMAIL_ACCOUNT','邮件账户','邮件账户',143,'PAGE',162,'Y',10,1,-1,-1,'2016-08-22 20:26:38',-1,-1,'2016-08-22 20:26:38',NULL,NULL,NULL,NULL,NULL,NULL,NULL,NULL,NULL,NULL,NULL,NULL,NULL,NULL,NULL,NULL,NULL),(164,'EMAIL','icon-envelope','EMAIL_TEMPLATE','邮件模板','邮件模板',144,'PAGE',162,'Y',20,1,-1,-1,'2016-08-22 20:26:38',-1,-1,'2016-08-22 20:26:38',NULL,NULL,NULL,NULL,NULL,NULL,NULL,NULL,NULL,NULL,NULL,NULL,NULL,NULL,NULL,NULL,NULL),(165,'EMAIL','icon-envelope','EMAIL_TEST','Email Test','Email Test',145,'PAGE',162,'Y',30,1,-1,-1,'2016-08-22 20:26:38',-1,-1,'2016-08-22 20:26:38',NULL,NULL,NULL,NULL,NULL,NULL,NULL,NULL,NULL,NULL,NULL,NULL,NULL,NULL,NULL,NULL,NULL),(166,'ATTACH','icon-paperclip','ATTACH','附件管理','附件管理',NULL,'PAGE',NULL,'Y',30,1,-1,-1,'2016-08-22 20:26:38',-1,-1,'2016-08-22 20:26:38',NULL,NULL,NULL,NULL,NULL,NULL,NULL,NULL,NULL,NULL,NULL,NULL,NULL,NULL,NULL,NULL,NULL),(167,'ATTACH','icon-folder-open','ATTACH_CATEGORY','目录管理','目录管理',146,'PAGE',166,'Y',10,1,-1,-1,'2016-08-22 20:26:38',-1,-1,'2016-08-22 20:26:38',NULL,NULL,NULL,NULL,NULL,NULL,NULL,NULL,NULL,NULL,NULL,NULL,NULL,NULL,NULL,NULL,NULL),(168,'ATTACH','icon-paperclip','ATTACH_FILE','文件管理','文件管理',148,'PAGE',166,'Y',20,1,-1,-1,'2016-08-22 20:26:38',-1,-1,'2016-08-22 20:26:38',NULL,NULL,NULL,NULL,NULL,NULL,NULL,NULL,NULL,NULL,NULL,NULL,NULL,NULL,NULL,NULL,NULL),(169,'ATTACH','icon-paperclip','ATTACH_TEST','上传测试','上传测试',149,'PAGE',166,'Y',30,1,-1,-1,'2016-08-22 20:26:38',-1,-1,'2016-08-22 20:26:38',NULL,NULL,NULL,NULL,NULL,NULL,NULL,NULL,NULL,NULL,NULL,NULL,NULL,NULL,NULL,NULL,NULL),(170,'Game','icon-paperclip','Game','水果大战','水果大战',278,'PAGE',NULL,NULL,10,1,-1,-1,'2016-08-23 19:13:46',3,3,'2016-08-23 19:13:46',3,NULL,NULL,NULL,NULL,NULL,NULL,NULL,NULL,NULL,NULL,NULL,NULL,NULL,NULL,NULL,NULL),(171,'Orders','icon-cogs','Orders','销售订单管理','管理销售订单',NULL,'PAGE',NULL,NULL,10,2,-1,-1,'2016-08-26 15:38:15',3,3,'2016-08-27 16:39:34',3,NULL,NULL,NULL,NULL,NULL,NULL,NULL,NULL,NULL,NULL,NULL,NULL,NULL,NULL,NULL,NULL),(175,'Orders','icon-paperclip','SummaryOrder','订单汇总','订单汇总',280,'PAGE',171,NULL,10,1,-1,-1,'2016-08-27 16:39:34',3,3,'2016-08-27 16:39:34',3,NULL,NULL,NULL,NULL,NULL,NULL,NULL,NULL,NULL,NULL,NULL,NULL,NULL,NULL,NULL,NULL),(176,'Orders','icon-paperclip','DetialOrders','订单详情','订单详情',281,'PAGE',171,NULL,10,1,-1,-1,'2016-08-27 16:39:34',3,3,'2016-08-27 16:39:34',3,NULL,NULL,NULL,NULL,NULL,NULL,NULL,NULL,NULL,NULL,NULL,NULL,NULL,NULL,NULL,NULL);

#
# Data for table "sys_function_resource"
#

INSERT INTO `sys_function_resource` (`FUNC_SRC_ID`,`FUNCTION_ID`,`RESOURCE_ID`,`OBJECT_VERSION_NUMBER`,`REQUEST_ID`,`PROGRAM_ID`,`CREATION_DATE`,`CREATED_BY`,`LAST_UPDATED_BY`,`LAST_UPDATE_DATE`,`LAST_UPDATE_LOGIN`,`ATTRIBUTE_CATEGORY`,`ATTRIBUTE1`,`ATTRIBUTE2`,`ATTRIBUTE3`,`ATTRIBUTE4`,`ATTRIBUTE5`,`ATTRIBUTE6`,`ATTRIBUTE7`,`ATTRIBUTE8`,`ATTRIBUTE9`,`ATTRIBUTE10`,`ATTRIBUTE11`,`ATTRIBUTE12`,`ATTRIBUTE13`,`ATTRIBUTE14`,`ATTRIBUTE15`) VALUES (17,146,123,1,-1,-1,'2016-08-22 20:26:38',-1,-1,'2016-08-22 20:26:38',NULL,NULL,NULL,NULL,NULL,NULL,NULL,NULL,NULL,NULL,NULL,NULL,NULL,NULL,NULL,NULL,NULL),(18,146,126,1,-1,-1,'2016-08-22 20:26:38',-1,-1,'2016-08-22 20:26:38',NULL,NULL,NULL,NULL,NULL,NULL,NULL,NULL,NULL,NULL,NULL,NULL,NULL,NULL,NULL,NULL,NULL),(19,146,166,1,-1,-1,'2016-08-22 20:26:38',-1,-1,'2016-08-22 20:26:38',NULL,NULL,NULL,NULL,NULL,NULL,NULL,NULL,NULL,NULL,NULL,NULL,NULL,NULL,NULL,NULL,NULL),(20,146,175,1,-1,-1,'2016-08-22 20:26:38',-1,-1,'2016-08-22 20:26:38',NULL,NULL,NULL,NULL,NULL,NULL,NULL,NULL,NULL,NULL,NULL,NULL,NULL,NULL,NULL,NULL,NULL),(21,146,176,1,-1,-1,'2016-08-22 20:26:38',-1,-1,'2016-08-22 20:26:38',NULL,NULL,NULL,NULL,NULL,NULL,NULL,NULL,NULL,NULL,NULL,NULL,NULL,NULL,NULL,NULL,NULL),(22,146,177,1,-1,-1,'2016-08-22 20:26:38',-1,-1,'2016-08-22 20:26:38',NULL,NULL,NULL,NULL,NULL,NULL,NULL,NULL,NULL,NULL,NULL,NULL,NULL,NULL,NULL,NULL,NULL),(23,146,185,1,-1,-1,'2016-08-22 20:26:38',-1,-1,'2016-08-22 20:26:38',NULL,NULL,NULL,NULL,NULL,NULL,NULL,NULL,NULL,NULL,NULL,NULL,NULL,NULL,NULL,NULL,NULL),(24,146,186,1,-1,-1,'2016-08-22 20:26:38',-1,-1,'2016-08-22 20:26:38',NULL,NULL,NULL,NULL,NULL,NULL,NULL,NULL,NULL,NULL,NULL,NULL,NULL,NULL,NULL,NULL,NULL),(25,167,146,1,-1,-1,'2016-08-22 20:26:38',-1,-1,'2016-08-22 20:26:38',NULL,NULL,NULL,NULL,NULL,NULL,NULL,NULL,NULL,NULL,NULL,NULL,NULL,NULL,NULL,NULL,NULL),(26,167,147,1,-1,-1,'2016-08-22 20:26:38',-1,-1,'2016-08-22 20:26:38',NULL,NULL,NULL,NULL,NULL,NULL,NULL,NULL,NULL,NULL,NULL,NULL,NULL,NULL,NULL,NULL,NULL),(27,167,256,1,-1,-1,'2016-08-22 20:26:38',-1,-1,'2016-08-22 20:26:38',NULL,NULL,NULL,NULL,NULL,NULL,NULL,NULL,NULL,NULL,NULL,NULL,NULL,NULL,NULL,NULL,NULL),(28,167,257,1,-1,-1,'2016-08-22 20:26:38',-1,-1,'2016-08-22 20:26:38',NULL,NULL,NULL,NULL,NULL,NULL,NULL,NULL,NULL,NULL,NULL,NULL,NULL,NULL,NULL,NULL,NULL),(29,167,258,1,-1,-1,'2016-08-22 20:26:38',-1,-1,'2016-08-22 20:26:38',NULL,NULL,NULL,NULL,NULL,NULL,NULL,NULL,NULL,NULL,NULL,NULL,NULL,NULL,NULL,NULL,NULL),(37,169,149,1,-1,-1,'2016-08-22 20:26:38',-1,-1,'2016-08-22 20:26:38',NULL,NULL,NULL,NULL,NULL,NULL,NULL,NULL,NULL,NULL,NULL,NULL,NULL,NULL,NULL,NULL,NULL),(38,169,261,1,-1,-1,'2016-08-22 20:26:38',-1,-1,'2016-08-22 20:26:38',NULL,NULL,NULL,NULL,NULL,NULL,NULL,NULL,NULL,NULL,NULL,NULL,NULL,NULL,NULL,NULL,NULL),(39,109,103,1,-1,-1,'2016-08-22 20:26:38',-1,-1,'2016-08-22 20:26:38',NULL,NULL,NULL,NULL,NULL,NULL,NULL,NULL,NULL,NULL,NULL,NULL,NULL,NULL,NULL,NULL,NULL),(40,109,157,1,-1,-1,'2016-08-22 20:26:38',-1,-1,'2016-08-22 20:26:38',NULL,NULL,NULL,NULL,NULL,NULL,NULL,NULL,NULL,NULL,NULL,NULL,NULL,NULL,NULL,NULL,NULL),(41,109,205,1,-1,-1,'2016-08-22 20:26:38',-1,-1,'2016-08-22 20:26:38',NULL,NULL,NULL,NULL,NULL,NULL,NULL,NULL,NULL,NULL,NULL,NULL,NULL,NULL,NULL,NULL,NULL),(42,109,206,1,-1,-1,'2016-08-22 20:26:38',-1,-1,'2016-08-22 20:26:38',NULL,NULL,NULL,NULL,NULL,NULL,NULL,NULL,NULL,NULL,NULL,NULL,NULL,NULL,NULL,NULL,NULL),(43,109,207,1,-1,-1,'2016-08-22 20:26:38',-1,-1,'2016-08-22 20:26:38',NULL,NULL,NULL,NULL,NULL,NULL,NULL,NULL,NULL,NULL,NULL,NULL,NULL,NULL,NULL,NULL,NULL),(44,109,208,1,-1,-1,'2016-08-22 20:26:38',-1,-1,'2016-08-22 20:26:38',NULL,NULL,NULL,NULL,NULL,NULL,NULL,NULL,NULL,NULL,NULL,NULL,NULL,NULL,NULL,NULL,NULL),(45,109,209,1,-1,-1,'2016-08-22 20:26:38',-1,-1,'2016-08-22 20:26:38',NULL,NULL,NULL,NULL,NULL,NULL,NULL,NULL,NULL,NULL,NULL,NULL,NULL,NULL,NULL,NULL,NULL),(57,163,143,1,-1,-1,'2016-08-22 20:26:38',-1,-1,'2016-08-22 20:26:38',NULL,NULL,NULL,NULL,NULL,NULL,NULL,NULL,NULL,NULL,NULL,NULL,NULL,NULL,NULL,NULL,NULL),(58,163,243,1,-1,-1,'2016-08-22 20:26:38',-1,-1,'2016-08-22 20:26:38',NULL,NULL,NULL,NULL,NULL,NULL,NULL,NULL,NULL,NULL,NULL,NULL,NULL,NULL,NULL,NULL,NULL),(59,163,244,1,-1,-1,'2016-08-22 20:26:38',-1,-1,'2016-08-22 20:26:38',NULL,NULL,NULL,NULL,NULL,NULL,NULL,NULL,NULL,NULL,NULL,NULL,NULL,NULL,NULL,NULL,NULL),(60,163,245,1,-1,-1,'2016-08-22 20:26:38',-1,-1,'2016-08-22 20:26:38',NULL,NULL,NULL,NULL,NULL,NULL,NULL,NULL,NULL,NULL,NULL,NULL,NULL,NULL,NULL,NULL,NULL),(61,163,246,1,-1,-1,'2016-08-22 20:26:38',-1,-1,'2016-08-22 20:26:38',NULL,NULL,NULL,NULL,NULL,NULL,NULL,NULL,NULL,NULL,NULL,NULL,NULL,NULL,NULL,NULL,NULL),(62,163,247,1,-1,-1,'2016-08-22 20:26:38',-1,-1,'2016-08-22 20:26:38',NULL,NULL,NULL,NULL,NULL,NULL,NULL,NULL,NULL,NULL,NULL,NULL,NULL,NULL,NULL,NULL,NULL),(63,163,248,1,-1,-1,'2016-08-22 20:26:38',-1,-1,'2016-08-22 20:26:38',NULL,NULL,NULL,NULL,NULL,NULL,NULL,NULL,NULL,NULL,NULL,NULL,NULL,NULL,NULL,NULL,NULL),(64,163,249,1,-1,-1,'2016-08-22 20:26:38',-1,-1,'2016-08-22 20:26:38',NULL,NULL,NULL,NULL,NULL,NULL,NULL,NULL,NULL,NULL,NULL,NULL,NULL,NULL,NULL,NULL,NULL),(65,163,250,1,-1,-1,'2016-08-22 20:26:38',-1,-1,'2016-08-22 20:26:38',NULL,NULL,NULL,NULL,NULL,NULL,NULL,NULL,NULL,NULL,NULL,NULL,NULL,NULL,NULL,NULL,NULL),(66,163,251,1,-1,-1,'2016-08-22 20:26:38',-1,-1,'2016-08-22 20:26:38',NULL,NULL,NULL,NULL,NULL,NULL,NULL,NULL,NULL,NULL,NULL,NULL,NULL,NULL,NULL,NULL,NULL),(67,163,269,1,-1,-1,'2016-08-22 20:26:38',-1,-1,'2016-08-22 20:26:38',NULL,NULL,NULL,NULL,NULL,NULL,NULL,NULL,NULL,NULL,NULL,NULL,NULL,NULL,NULL,NULL,NULL),(70,164,144,1,-1,-1,'2016-08-22 20:26:38',-1,-1,'2016-08-22 20:26:38',NULL,NULL,NULL,NULL,NULL,NULL,NULL,NULL,NULL,NULL,NULL,NULL,NULL,NULL,NULL,NULL,NULL),(71,164,271,1,-1,-1,'2016-08-22 20:26:38',-1,-1,'2016-08-22 20:26:38',NULL,NULL,NULL,NULL,NULL,NULL,NULL,NULL,NULL,NULL,NULL,NULL,NULL,NULL,NULL,NULL,NULL),(72,164,252,1,-1,-1,'2016-08-22 20:26:38',-1,-1,'2016-08-22 20:26:38',NULL,NULL,NULL,NULL,NULL,NULL,NULL,NULL,NULL,NULL,NULL,NULL,NULL,NULL,NULL,NULL,NULL),(73,164,253,1,-1,-1,'2016-08-22 20:26:38',-1,-1,'2016-08-22 20:26:38',NULL,NULL,NULL,NULL,NULL,NULL,NULL,NULL,NULL,NULL,NULL,NULL,NULL,NULL,NULL,NULL,NULL),(74,164,254,1,-1,-1,'2016-08-22 20:26:38',-1,-1,'2016-08-22 20:26:38',NULL,NULL,NULL,NULL,NULL,NULL,NULL,NULL,NULL,NULL,NULL,NULL,NULL,NULL,NULL,NULL,NULL),(75,164,255,1,-1,-1,'2016-08-22 20:26:38',-1,-1,'2016-08-22 20:26:38',NULL,NULL,NULL,NULL,NULL,NULL,NULL,NULL,NULL,NULL,NULL,NULL,NULL,NULL,NULL,NULL,NULL),(77,165,145,1,-1,-1,'2016-08-22 20:26:38',-1,-1,'2016-08-22 20:26:38',NULL,NULL,NULL,NULL,NULL,NULL,NULL,NULL,NULL,NULL,NULL,NULL,NULL,NULL,NULL,NULL,NULL),(78,165,272,1,-1,-1,'2016-08-22 20:26:38',-1,-1,'2016-08-22 20:26:38',NULL,NULL,NULL,NULL,NULL,NULL,NULL,NULL,NULL,NULL,NULL,NULL,NULL,NULL,NULL,NULL,NULL),(87,121,101,1,-1,-1,'2016-08-22 20:26:38',-1,-1,'2016-08-22 20:26:38',NULL,NULL,NULL,NULL,NULL,NULL,NULL,NULL,NULL,NULL,NULL,NULL,NULL,NULL,NULL,NULL,NULL),(88,121,158,1,-1,-1,'2016-08-22 20:26:38',-1,-1,'2016-08-22 20:26:38',NULL,NULL,NULL,NULL,NULL,NULL,NULL,NULL,NULL,NULL,NULL,NULL,NULL,NULL,NULL,NULL,NULL),(89,121,159,1,-1,-1,'2016-08-22 20:26:38',-1,-1,'2016-08-22 20:26:38',NULL,NULL,NULL,NULL,NULL,NULL,NULL,NULL,NULL,NULL,NULL,NULL,NULL,NULL,NULL,NULL,NULL),(90,121,187,1,-1,-1,'2016-08-22 20:26:38',-1,-1,'2016-08-22 20:26:38',NULL,NULL,NULL,NULL,NULL,NULL,NULL,NULL,NULL,NULL,NULL,NULL,NULL,NULL,NULL,NULL,NULL),(91,121,188,1,-1,-1,'2016-08-22 20:26:38',-1,-1,'2016-08-22 20:26:38',NULL,NULL,NULL,NULL,NULL,NULL,NULL,NULL,NULL,NULL,NULL,NULL,NULL,NULL,NULL,NULL,NULL),(92,121,190,1,-1,-1,'2016-08-22 20:26:38',-1,-1,'2016-08-22 20:26:38',NULL,NULL,NULL,NULL,NULL,NULL,NULL,NULL,NULL,NULL,NULL,NULL,NULL,NULL,NULL,NULL,NULL),(93,121,191,1,-1,-1,'2016-08-22 20:26:38',-1,-1,'2016-08-22 20:26:38',NULL,NULL,NULL,NULL,NULL,NULL,NULL,NULL,NULL,NULL,NULL,NULL,NULL,NULL,NULL,NULL,NULL),(94,121,192,1,-1,-1,'2016-08-22 20:26:38',-1,-1,'2016-08-22 20:26:38',NULL,NULL,NULL,NULL,NULL,NULL,NULL,NULL,NULL,NULL,NULL,NULL,NULL,NULL,NULL,NULL,NULL),(95,121,193,1,-1,-1,'2016-08-22 20:26:38',-1,-1,'2016-08-22 20:26:38',NULL,NULL,NULL,NULL,NULL,NULL,NULL,NULL,NULL,NULL,NULL,NULL,NULL,NULL,NULL,NULL,NULL),(105,144,200,1,-1,-1,'2016-08-22 20:26:38',-1,-1,'2016-08-22 20:26:38',NULL,NULL,NULL,NULL,NULL,NULL,NULL,NULL,NULL,NULL,NULL,NULL,NULL,NULL,NULL,NULL,NULL),(106,144,201,1,-1,-1,'2016-08-22 20:26:38',-1,-1,'2016-08-22 20:26:38',NULL,NULL,NULL,NULL,NULL,NULL,NULL,NULL,NULL,NULL,NULL,NULL,NULL,NULL,NULL,NULL,NULL),(107,144,202,1,-1,-1,'2016-08-22 20:26:38',-1,-1,'2016-08-22 20:26:38',NULL,NULL,NULL,NULL,NULL,NULL,NULL,NULL,NULL,NULL,NULL,NULL,NULL,NULL,NULL,NULL,NULL),(108,144,203,1,-1,-1,'2016-08-22 20:26:38',-1,-1,'2016-08-22 20:26:38',NULL,NULL,NULL,NULL,NULL,NULL,NULL,NULL,NULL,NULL,NULL,NULL,NULL,NULL,NULL,NULL,NULL),(109,144,122,1,-1,-1,'2016-08-22 20:26:38',-1,-1,'2016-08-22 20:26:38',NULL,NULL,NULL,NULL,NULL,NULL,NULL,NULL,NULL,NULL,NULL,NULL,NULL,NULL,NULL,NULL,NULL),(110,144,165,1,-1,-1,'2016-08-22 20:26:38',-1,-1,'2016-08-22 20:26:38',NULL,NULL,NULL,NULL,NULL,NULL,NULL,NULL,NULL,NULL,NULL,NULL,NULL,NULL,NULL,NULL,NULL),(136,149,128,1,-1,-1,'2016-08-22 20:26:38',-1,-1,'2016-08-22 20:26:38',NULL,NULL,NULL,NULL,NULL,NULL,NULL,NULL,NULL,NULL,NULL,NULL,NULL,NULL,NULL,NULL,NULL),(137,149,242,1,-1,-1,'2016-08-22 20:26:38',-1,-1,'2016-08-22 20:26:38',NULL,NULL,NULL,NULL,NULL,NULL,NULL,NULL,NULL,NULL,NULL,NULL,NULL,NULL,NULL,NULL,NULL),(138,161,142,1,-1,-1,'2016-08-22 20:26:38',-1,-1,'2016-08-22 20:26:38',NULL,NULL,NULL,NULL,NULL,NULL,NULL,NULL,NULL,NULL,NULL,NULL,NULL,NULL,NULL,NULL,NULL),(139,161,210,1,-1,-1,'2016-08-22 20:26:38',-1,-1,'2016-08-22 20:26:38',NULL,NULL,NULL,NULL,NULL,NULL,NULL,NULL,NULL,NULL,NULL,NULL,NULL,NULL,NULL,NULL,NULL),(140,161,211,1,-1,-1,'2016-08-22 20:26:38',-1,-1,'2016-08-22 20:26:38',NULL,NULL,NULL,NULL,NULL,NULL,NULL,NULL,NULL,NULL,NULL,NULL,NULL,NULL,NULL,NULL,NULL),(141,161,212,1,-1,-1,'2016-08-22 20:26:38',-1,-1,'2016-08-22 20:26:38',NULL,NULL,NULL,NULL,NULL,NULL,NULL,NULL,NULL,NULL,NULL,NULL,NULL,NULL,NULL,NULL,NULL),(142,110,104,1,-1,-1,'2016-08-22 20:26:38',-1,-1,'2016-08-22 20:26:38',NULL,NULL,NULL,NULL,NULL,NULL,NULL,NULL,NULL,NULL,NULL,NULL,NULL,NULL,NULL,NULL,NULL),(143,110,160,1,-1,-1,'2016-08-22 20:26:38',-1,-1,'2016-08-22 20:26:38',NULL,NULL,NULL,NULL,NULL,NULL,NULL,NULL,NULL,NULL,NULL,NULL,NULL,NULL,NULL,NULL,NULL),(144,110,161,1,-1,-1,'2016-08-22 20:26:38',-1,-1,'2016-08-22 20:26:38',NULL,NULL,NULL,NULL,NULL,NULL,NULL,NULL,NULL,NULL,NULL,NULL,NULL,NULL,NULL,NULL,NULL),(145,110,213,1,-1,-1,'2016-08-22 20:26:38',-1,-1,'2016-08-22 20:26:38',NULL,NULL,NULL,NULL,NULL,NULL,NULL,NULL,NULL,NULL,NULL,NULL,NULL,NULL,NULL,NULL,NULL),(146,110,214,1,-1,-1,'2016-08-22 20:26:38',-1,-1,'2016-08-22 20:26:38',NULL,NULL,NULL,NULL,NULL,NULL,NULL,NULL,NULL,NULL,NULL,NULL,NULL,NULL,NULL,NULL,NULL),(147,110,215,1,-1,-1,'2016-08-22 20:26:38',-1,-1,'2016-08-22 20:26:38',NULL,NULL,NULL,NULL,NULL,NULL,NULL,NULL,NULL,NULL,NULL,NULL,NULL,NULL,NULL,NULL,NULL),(148,110,216,1,-1,-1,'2016-08-22 20:26:38',-1,-1,'2016-08-22 20:26:38',NULL,NULL,NULL,NULL,NULL,NULL,NULL,NULL,NULL,NULL,NULL,NULL,NULL,NULL,NULL,NULL,NULL),(149,110,217,1,-1,-1,'2016-08-22 20:26:38',-1,-1,'2016-08-22 20:26:38',NULL,NULL,NULL,NULL,NULL,NULL,NULL,NULL,NULL,NULL,NULL,NULL,NULL,NULL,NULL,NULL,NULL),(150,110,218,1,-1,-1,'2016-08-22 20:26:38',-1,-1,'2016-08-22 20:26:38',NULL,NULL,NULL,NULL,NULL,NULL,NULL,NULL,NULL,NULL,NULL,NULL,NULL,NULL,NULL,NULL,NULL),(151,111,105,1,-1,-1,'2016-08-22 20:26:38',-1,-1,'2016-08-22 20:26:38',NULL,NULL,NULL,NULL,NULL,NULL,NULL,NULL,NULL,NULL,NULL,NULL,NULL,NULL,NULL,NULL,NULL),(152,111,163,1,-1,-1,'2016-08-22 20:26:38',-1,-1,'2016-08-22 20:26:38',NULL,NULL,NULL,NULL,NULL,NULL,NULL,NULL,NULL,NULL,NULL,NULL,NULL,NULL,NULL,NULL,NULL),(153,111,222,1,-1,-1,'2016-08-22 20:26:38',-1,-1,'2016-08-22 20:26:38',NULL,NULL,NULL,NULL,NULL,NULL,NULL,NULL,NULL,NULL,NULL,NULL,NULL,NULL,NULL,NULL,NULL),(154,111,223,1,-1,-1,'2016-08-22 20:26:38',-1,-1,'2016-08-22 20:26:38',NULL,NULL,NULL,NULL,NULL,NULL,NULL,NULL,NULL,NULL,NULL,NULL,NULL,NULL,NULL,NULL,NULL),(155,111,224,1,-1,-1,'2016-08-22 20:26:38',-1,-1,'2016-08-22 20:26:38',NULL,NULL,NULL,NULL,NULL,NULL,NULL,NULL,NULL,NULL,NULL,NULL,NULL,NULL,NULL,NULL,NULL),(156,111,225,1,-1,-1,'2016-08-22 20:26:38',-1,-1,'2016-08-22 20:26:38',NULL,NULL,NULL,NULL,NULL,NULL,NULL,NULL,NULL,NULL,NULL,NULL,NULL,NULL,NULL,NULL,NULL),(157,111,226,1,-1,-1,'2016-08-22 20:26:38',-1,-1,'2016-08-22 20:26:38',NULL,NULL,NULL,NULL,NULL,NULL,NULL,NULL,NULL,NULL,NULL,NULL,NULL,NULL,NULL,NULL,NULL),(158,111,227,1,-1,-1,'2016-08-22 20:26:38',-1,-1,'2016-08-22 20:26:38',NULL,NULL,NULL,NULL,NULL,NULL,NULL,NULL,NULL,NULL,NULL,NULL,NULL,NULL,NULL,NULL,NULL),(159,108,102,1,-1,-1,'2016-08-22 20:26:38',-1,-1,'2016-08-22 20:26:38',NULL,NULL,NULL,NULL,NULL,NULL,NULL,NULL,NULL,NULL,NULL,NULL,NULL,NULL,NULL,NULL,NULL),(160,108,219,1,-1,-1,'2016-08-22 20:26:38',-1,-1,'2016-08-22 20:26:38',NULL,NULL,NULL,NULL,NULL,NULL,NULL,NULL,NULL,NULL,NULL,NULL,NULL,NULL,NULL,NULL,NULL),(161,108,220,1,-1,-1,'2016-08-22 20:26:38',-1,-1,'2016-08-22 20:26:38',NULL,NULL,NULL,NULL,NULL,NULL,NULL,NULL,NULL,NULL,NULL,NULL,NULL,NULL,NULL,NULL,NULL),(162,108,221,1,-1,-1,'2016-08-22 20:26:38',-1,-1,'2016-08-22 20:26:38',NULL,NULL,NULL,NULL,NULL,NULL,NULL,NULL,NULL,NULL,NULL,NULL,NULL,NULL,NULL,NULL,NULL),(171,143,121,1,-1,-1,'2016-08-22 20:26:38',-1,-1,'2016-08-22 20:26:38',NULL,NULL,NULL,NULL,NULL,NULL,NULL,NULL,NULL,NULL,NULL,NULL,NULL,NULL,NULL,NULL,NULL),(172,143,164,1,-1,-1,'2016-08-22 20:26:38',-1,-1,'2016-08-22 20:26:38',NULL,NULL,NULL,NULL,NULL,NULL,NULL,NULL,NULL,NULL,NULL,NULL,NULL,NULL,NULL,NULL,NULL),(173,143,165,1,-1,-1,'2016-08-22 20:26:38',-1,-1,'2016-08-22 20:26:38',NULL,NULL,NULL,NULL,NULL,NULL,NULL,NULL,NULL,NULL,NULL,NULL,NULL,NULL,NULL,NULL,NULL),(174,143,194,1,-1,-1,'2016-08-22 20:26:38',-1,-1,'2016-08-22 20:26:38',NULL,NULL,NULL,NULL,NULL,NULL,NULL,NULL,NULL,NULL,NULL,NULL,NULL,NULL,NULL,NULL,NULL),(175,143,195,1,-1,-1,'2016-08-22 20:26:38',-1,-1,'2016-08-22 20:26:38',NULL,NULL,NULL,NULL,NULL,NULL,NULL,NULL,NULL,NULL,NULL,NULL,NULL,NULL,NULL,NULL,NULL),(176,143,196,1,-1,-1,'2016-08-22 20:26:38',-1,-1,'2016-08-22 20:26:38',NULL,NULL,NULL,NULL,NULL,NULL,NULL,NULL,NULL,NULL,NULL,NULL,NULL,NULL,NULL,NULL,NULL),(177,143,197,1,-1,-1,'2016-08-22 20:26:38',-1,-1,'2016-08-22 20:26:38',NULL,NULL,NULL,NULL,NULL,NULL,NULL,NULL,NULL,NULL,NULL,NULL,NULL,NULL,NULL,NULL,NULL),(178,143,198,1,-1,-1,'2016-08-22 20:26:38',-1,-1,'2016-08-22 20:26:38',NULL,NULL,NULL,NULL,NULL,NULL,NULL,NULL,NULL,NULL,NULL,NULL,NULL,NULL,NULL,NULL,NULL),(179,143,199,1,-1,-1,'2016-08-22 20:26:38',-1,-1,'2016-08-22 20:26:38',NULL,NULL,NULL,NULL,NULL,NULL,NULL,NULL,NULL,NULL,NULL,NULL,NULL,NULL,NULL,NULL,NULL),(186,147,122,1,-1,-1,'2016-08-22 20:26:38',-1,-1,'2016-08-22 20:26:38',NULL,NULL,NULL,NULL,NULL,NULL,NULL,NULL,NULL,NULL,NULL,NULL,NULL,NULL,NULL,NULL,NULL),(187,147,125,1,-1,-1,'2016-08-22 20:26:38',-1,-1,'2016-08-22 20:26:38',NULL,NULL,NULL,NULL,NULL,NULL,NULL,NULL,NULL,NULL,NULL,NULL,NULL,NULL,NULL,NULL,NULL),(188,147,165,1,-1,-1,'2016-08-22 20:26:38',-1,-1,'2016-08-22 20:26:38',NULL,NULL,NULL,NULL,NULL,NULL,NULL,NULL,NULL,NULL,NULL,NULL,NULL,NULL,NULL,NULL,NULL),(189,147,171,1,-1,-1,'2016-08-22 20:26:38',-1,-1,'2016-08-22 20:26:38',NULL,NULL,NULL,NULL,NULL,NULL,NULL,NULL,NULL,NULL,NULL,NULL,NULL,NULL,NULL,NULL,NULL),(190,147,173,1,-1,-1,'2016-08-22 20:26:38',-1,-1,'2016-08-22 20:26:38',NULL,NULL,NULL,NULL,NULL,NULL,NULL,NULL,NULL,NULL,NULL,NULL,NULL,NULL,NULL,NULL,NULL),(191,147,174,1,-1,-1,'2016-08-22 20:26:38',-1,-1,'2016-08-22 20:26:38',NULL,NULL,NULL,NULL,NULL,NULL,NULL,NULL,NULL,NULL,NULL,NULL,NULL,NULL,NULL,NULL,NULL),(192,147,172,1,-1,-1,'2016-08-22 20:26:38',-1,-1,'2016-08-22 20:26:38',NULL,NULL,NULL,NULL,NULL,NULL,NULL,NULL,NULL,NULL,NULL,NULL,NULL,NULL,NULL,NULL,NULL),(193,142,127,1,-1,-1,'2016-08-22 20:26:38',-1,-1,'2016-08-22 20:26:38',NULL,NULL,NULL,NULL,NULL,NULL,NULL,NULL,NULL,NULL,NULL,NULL,NULL,NULL,NULL,NULL,NULL),(194,142,230,1,-1,-1,'2016-08-22 20:26:38',-1,-1,'2016-08-22 20:26:38',NULL,NULL,NULL,NULL,NULL,NULL,NULL,NULL,NULL,NULL,NULL,NULL,NULL,NULL,NULL,NULL,NULL),(195,142,231,1,-1,-1,'2016-08-22 20:26:38',-1,-1,'2016-08-22 20:26:38',NULL,NULL,NULL,NULL,NULL,NULL,NULL,NULL,NULL,NULL,NULL,NULL,NULL,NULL,NULL,NULL,NULL),(196,142,232,1,-1,-1,'2016-08-22 20:26:38',-1,-1,'2016-08-22 20:26:38',NULL,NULL,NULL,NULL,NULL,NULL,NULL,NULL,NULL,NULL,NULL,NULL,NULL,NULL,NULL,NULL,NULL),(197,142,233,1,-1,-1,'2016-08-22 20:26:38',-1,-1,'2016-08-22 20:26:38',NULL,NULL,NULL,NULL,NULL,NULL,NULL,NULL,NULL,NULL,NULL,NULL,NULL,NULL,NULL,NULL,NULL),(198,142,234,1,-1,-1,'2016-08-22 20:26:38',-1,-1,'2016-08-22 20:26:38',NULL,NULL,NULL,NULL,NULL,NULL,NULL,NULL,NULL,NULL,NULL,NULL,NULL,NULL,NULL,NULL,NULL),(199,142,273,1,-1,-1,'2016-08-22 20:26:38',-1,-1,'2016-08-22 20:26:38',NULL,NULL,NULL,NULL,NULL,NULL,NULL,NULL,NULL,NULL,NULL,NULL,NULL,NULL,NULL,NULL,NULL),(200,142,274,1,-1,-1,'2016-08-22 20:26:38',-1,-1,'2016-08-22 20:26:38',NULL,NULL,NULL,NULL,NULL,NULL,NULL,NULL,NULL,NULL,NULL,NULL,NULL,NULL,NULL,NULL,NULL),(201,142,276,1,-1,-1,'2016-08-22 20:26:38',-1,-1,'2016-08-22 20:26:38',NULL,NULL,NULL,NULL,NULL,NULL,NULL,NULL,NULL,NULL,NULL,NULL,NULL,NULL,NULL,NULL,NULL),(202,142,235,1,-1,-1,'2016-08-22 20:26:38',-1,-1,'2016-08-22 20:26:38',NULL,NULL,NULL,NULL,NULL,NULL,NULL,NULL,NULL,NULL,NULL,NULL,NULL,NULL,NULL,NULL,NULL),(208,168,148,1,-1,-1,'2016-08-22 20:26:38',-1,-1,'2016-08-22 20:26:38',NULL,NULL,NULL,NULL,NULL,NULL,NULL,NULL,NULL,NULL,NULL,NULL,NULL,NULL,NULL,NULL,NULL),(209,168,262,1,-1,-1,'2016-08-22 20:26:38',-1,-1,'2016-08-22 20:26:38',NULL,NULL,NULL,NULL,NULL,NULL,NULL,NULL,NULL,NULL,NULL,NULL,NULL,NULL,NULL,NULL,NULL),(210,168,263,1,-1,-1,'2016-08-22 20:26:38',-1,-1,'2016-08-22 20:26:38',NULL,NULL,NULL,NULL,NULL,NULL,NULL,NULL,NULL,NULL,NULL,NULL,NULL,NULL,NULL,NULL,NULL),(211,168,264,1,-1,-1,'2016-08-22 20:26:38',-1,-1,'2016-08-22 20:26:38',NULL,NULL,NULL,NULL,NULL,NULL,NULL,NULL,NULL,NULL,NULL,NULL,NULL,NULL,NULL,NULL,NULL),(212,168,265,1,-1,-1,'2016-08-22 20:26:38',-1,-1,'2016-08-22 20:26:38',NULL,NULL,NULL,NULL,NULL,NULL,NULL,NULL,NULL,NULL,NULL,NULL,NULL,NULL,NULL,NULL,NULL),(213,168,259,1,-1,-1,'2016-08-22 20:26:38',-1,-1,'2016-08-22 20:26:38',NULL,NULL,NULL,NULL,NULL,NULL,NULL,NULL,NULL,NULL,NULL,NULL,NULL,NULL,NULL,NULL,NULL);

#
# Data for table "sys_function_tl"
#

INSERT INTO `sys_function_tl` (`FUNCTION_ID`,`LANG`,`FUNCTION_NAME`,`FUNCTION_DESCRIPTION`,`OBJECT_VERSION_NUMBER`,`REQUEST_ID`,`PROGRAM_ID`,`CREATION_DATE`,`CREATED_BY`,`LAST_UPDATED_BY`,`LAST_UPDATE_DATE`,`LAST_UPDATE_LOGIN`,`ATTRIBUTE_CATEGORY`,`ATTRIBUTE1`,`ATTRIBUTE2`,`ATTRIBUTE3`,`ATTRIBUTE4`,`ATTRIBUTE5`,`ATTRIBUTE6`,`ATTRIBUTE7`,`ATTRIBUTE8`,`ATTRIBUTE9`,`ATTRIBUTE10`,`ATTRIBUTE11`,`ATTRIBUTE12`,`ATTRIBUTE13`,`ATTRIBUTE14`,`ATTRIBUTE15`) VALUES (106,'en_GB','System','System',1,-1,-1,'2016-08-22 20:26:38',-1,-1,'2016-08-22 20:26:38',NULL,NULL,NULL,NULL,NULL,NULL,NULL,NULL,NULL,NULL,NULL,NULL,NULL,NULL,NULL,NULL,NULL),(106,'zh_CN','系统管理','系统管理',1,-1,-1,'2016-08-22 20:26:38',-1,-1,'2016-08-22 20:26:38',NULL,NULL,NULL,NULL,NULL,NULL,NULL,NULL,NULL,NULL,NULL,NULL,NULL,NULL,NULL,NULL,NULL),(107,'en_GB','Function','Functions',1,-1,-1,'2016-08-22 20:26:38',-1,-1,'2016-08-22 20:26:38',NULL,NULL,NULL,NULL,NULL,NULL,NULL,NULL,NULL,NULL,NULL,NULL,NULL,NULL,NULL,NULL,NULL),(107,'zh_CN','功能管理','功能管理',1,-1,-1,'2016-08-22 20:26:38',-1,-1,'2016-08-22 20:26:38',NULL,NULL,NULL,NULL,NULL,NULL,NULL,NULL,NULL,NULL,NULL,NULL,NULL,NULL,NULL,NULL,NULL),(108,'en_GB','Prompt','Prompts',1,-1,-1,'2016-08-22 20:26:38',-1,-1,'2016-08-22 20:26:38',NULL,NULL,NULL,NULL,NULL,NULL,NULL,NULL,NULL,NULL,NULL,NULL,NULL,NULL,NULL,NULL,NULL),(108,'zh_CN','描述维护','维护描述',1,-1,-1,'2016-08-22 20:26:38',-1,-1,'2016-08-22 20:26:38',NULL,NULL,NULL,NULL,NULL,NULL,NULL,NULL,NULL,NULL,NULL,NULL,NULL,NULL,NULL,NULL,NULL),(109,'en_GB','Code','Lookup Code',1,-1,-1,'2016-08-22 20:26:38',-1,-1,'2016-08-22 20:26:38',NULL,NULL,NULL,NULL,NULL,NULL,NULL,NULL,NULL,NULL,NULL,NULL,NULL,NULL,NULL,NULL,NULL),(109,'zh_CN','代码维护','代码维护',1,-1,-1,'2016-08-22 20:26:38',-1,-1,'2016-08-22 20:26:38',NULL,NULL,NULL,NULL,NULL,NULL,NULL,NULL,NULL,NULL,NULL,NULL,NULL,NULL,NULL,NULL,NULL),(110,'en_GB','LOV','LOV',1,-1,-1,'2016-08-22 20:26:38',-1,-1,'2016-08-22 20:26:38',NULL,NULL,NULL,NULL,NULL,NULL,NULL,NULL,NULL,NULL,NULL,NULL,NULL,NULL,NULL,NULL,NULL),(110,'zh_CN','LOV定义','LOV定义',1,-1,-1,'2016-08-22 20:26:38',-1,-1,'2016-08-22 20:26:38',NULL,NULL,NULL,NULL,NULL,NULL,NULL,NULL,NULL,NULL,NULL,NULL,NULL,NULL,NULL,NULL,NULL),(111,'en_GB','Profile','Profiles',1,-1,-1,'2016-08-22 20:26:38',-1,-1,'2016-08-22 20:26:38',NULL,NULL,NULL,NULL,NULL,NULL,NULL,NULL,NULL,NULL,NULL,NULL,NULL,NULL,NULL,NULL,NULL),(111,'zh_CN','配置维护','配置维护',1,-1,-1,'2016-08-22 20:26:38',-1,-1,'2016-08-22 20:26:38',NULL,NULL,NULL,NULL,NULL,NULL,NULL,NULL,NULL,NULL,NULL,NULL,NULL,NULL,NULL,NULL,NULL),(121,'en_GB','Function Definition','Function Define',1,-1,-1,'2016-08-22 20:26:38',-1,-1,'2016-08-22 20:26:38',NULL,NULL,NULL,NULL,NULL,NULL,NULL,NULL,NULL,NULL,NULL,NULL,NULL,NULL,NULL,NULL,NULL),(121,'zh_CN','功能维护','功能定义',1,-1,-1,'2016-08-22 20:26:38',-1,-1,'2016-08-22 20:26:38',NULL,NULL,NULL,NULL,NULL,NULL,NULL,NULL,NULL,NULL,NULL,NULL,NULL,NULL,NULL,NULL,NULL),(141,'en_GB','Task','Job',1,-1,-1,'2016-08-22 20:26:38',-1,-1,'2016-08-22 20:26:38',NULL,NULL,NULL,NULL,NULL,NULL,NULL,NULL,NULL,NULL,NULL,NULL,NULL,NULL,NULL,NULL,NULL),(141,'zh_CN','计划任务','计划任务',1,-1,-1,'2016-08-22 20:26:38',-1,-1,'2016-08-22 20:26:38',NULL,NULL,NULL,NULL,NULL,NULL,NULL,NULL,NULL,NULL,NULL,NULL,NULL,NULL,NULL,NULL,NULL),(142,'en_GB','Task Detail','Job Detail',1,-1,-1,'2016-08-22 20:26:38',-1,-1,'2016-08-22 20:26:38',NULL,NULL,NULL,NULL,NULL,NULL,NULL,NULL,NULL,NULL,NULL,NULL,NULL,NULL,NULL,NULL,NULL),(142,'zh_CN','任务明细','任务明细',1,-1,-1,'2016-08-22 20:26:38',-1,-1,'2016-08-22 20:26:38',NULL,NULL,NULL,NULL,NULL,NULL,NULL,NULL,NULL,NULL,NULL,NULL,NULL,NULL,NULL,NULL,NULL),(143,'en_GB','Resource','Resources',1,-1,-1,'2016-08-22 20:26:38',-1,-1,'2016-08-22 20:26:38',NULL,NULL,NULL,NULL,NULL,NULL,NULL,NULL,NULL,NULL,NULL,NULL,NULL,NULL,NULL,NULL,NULL),(143,'zh_CN','资源管理','资源管理',1,-1,-1,'2016-08-22 20:26:38',-1,-1,'2016-08-22 20:26:38',NULL,NULL,NULL,NULL,NULL,NULL,NULL,NULL,NULL,NULL,NULL,NULL,NULL,NULL,NULL,NULL,NULL),(144,'en_GB','Function Assign','Function',1,-1,-1,'2016-08-22 20:26:38',-1,-1,'2016-08-22 20:26:38',NULL,NULL,NULL,NULL,NULL,NULL,NULL,NULL,NULL,NULL,NULL,NULL,NULL,NULL,NULL,NULL,NULL),(144,'zh_CN','功能分配','功能分配',1,-1,-1,'2016-08-22 20:26:38',-1,-1,'2016-08-22 20:26:38',NULL,NULL,NULL,NULL,NULL,NULL,NULL,NULL,NULL,NULL,NULL,NULL,NULL,NULL,NULL,NULL,NULL),(145,'en_GB','Account','Account',1,-1,-1,'2016-08-22 20:26:38',-1,-1,'2016-08-22 20:26:38',NULL,NULL,NULL,NULL,NULL,NULL,NULL,NULL,NULL,NULL,NULL,NULL,NULL,NULL,NULL,NULL,NULL),(145,'zh_CN','账户管理','账户管理',1,-1,-1,'2016-08-22 20:26:38',-1,-1,'2016-08-22 20:26:38',NULL,NULL,NULL,NULL,NULL,NULL,NULL,NULL,NULL,NULL,NULL,NULL,NULL,NULL,NULL,NULL,NULL),(146,'en_GB','User','Users',1,-1,-1,'2016-08-22 20:26:38',-1,-1,'2016-08-22 20:26:38',NULL,NULL,NULL,NULL,NULL,NULL,NULL,NULL,NULL,NULL,NULL,NULL,NULL,NULL,NULL,NULL,NULL),(146,'zh_CN','用户管理','用户管理',1,-1,-1,'2016-08-22 20:26:38',-1,-1,'2016-08-22 20:26:38',NULL,NULL,NULL,NULL,NULL,NULL,NULL,NULL,NULL,NULL,NULL,NULL,NULL,NULL,NULL,NULL,NULL),(147,'en_GB','Role','Roles',1,-1,-1,'2016-08-22 20:26:38',-1,-1,'2016-08-22 20:26:38',NULL,NULL,NULL,NULL,NULL,NULL,NULL,NULL,NULL,NULL,NULL,NULL,NULL,NULL,NULL,NULL,NULL),(147,'zh_CN','角色管理','角色管理',1,-1,-1,'2016-08-22 20:26:38',-1,-1,'2016-08-22 20:26:38',NULL,NULL,NULL,NULL,NULL,NULL,NULL,NULL,NULL,NULL,NULL,NULL,NULL,NULL,NULL,NULL,NULL),(149,'en_GB','Execution Log','Execution Log',1,-1,-1,'2016-08-22 20:26:38',-1,-1,'2016-08-22 20:26:38',NULL,NULL,NULL,NULL,NULL,NULL,NULL,NULL,NULL,NULL,NULL,NULL,NULL,NULL,NULL,NULL,NULL),(149,'zh_CN','执行记录','执行记录',1,-1,-1,'2016-08-22 20:26:38',-1,-1,'2016-08-22 20:26:38',NULL,NULL,NULL,NULL,NULL,NULL,NULL,NULL,NULL,NULL,NULL,NULL,NULL,NULL,NULL,NULL,NULL),(161,'en_GB','Languages','Language',1,-1,-1,'2016-08-22 20:26:38',-1,-1,'2016-08-22 20:26:38',NULL,NULL,NULL,NULL,NULL,NULL,NULL,NULL,NULL,NULL,NULL,NULL,NULL,NULL,NULL,NULL,NULL),(161,'zh_CN','语言维护','语言维护',1,-1,-1,'2016-08-22 20:26:38',-1,-1,'2016-08-22 20:26:38',NULL,NULL,NULL,NULL,NULL,NULL,NULL,NULL,NULL,NULL,NULL,NULL,NULL,NULL,NULL,NULL,NULL),(162,'en_GB','Email','Email',1,-1,-1,'2016-08-22 20:26:38',-1,-1,'2016-08-22 20:26:38',NULL,NULL,NULL,NULL,NULL,NULL,NULL,NULL,NULL,NULL,NULL,NULL,NULL,NULL,NULL,NULL,NULL),(162,'zh_CN','邮件','邮件',1,-1,-1,'2016-08-22 20:26:38',-1,-1,'2016-08-22 20:26:38',NULL,NULL,NULL,NULL,NULL,NULL,NULL,NULL,NULL,NULL,NULL,NULL,NULL,NULL,NULL,NULL,NULL),(163,'en_GB','Email Account','Email Account',1,-1,-1,'2016-08-22 20:26:38',-1,-1,'2016-08-22 20:26:38',NULL,NULL,NULL,NULL,NULL,NULL,NULL,NULL,NULL,NULL,NULL,NULL,NULL,NULL,NULL,NULL,NULL),(163,'zh_CN','邮件账户','邮件账户',1,-1,-1,'2016-08-22 20:26:38',-1,-1,'2016-08-22 20:26:38',NULL,NULL,NULL,NULL,NULL,NULL,NULL,NULL,NULL,NULL,NULL,NULL,NULL,NULL,NULL,NULL,NULL),(164,'en_GB','Email Template','Email Template',1,-1,-1,'2016-08-22 20:26:38',-1,-1,'2016-08-22 20:26:38',NULL,NULL,NULL,NULL,NULL,NULL,NULL,NULL,NULL,NULL,NULL,NULL,NULL,NULL,NULL,NULL,NULL),(164,'zh_CN','邮件模板','邮件模板',1,-1,-1,'2016-08-22 20:26:38',-1,-1,'2016-08-22 20:26:38',NULL,NULL,NULL,NULL,NULL,NULL,NULL,NULL,NULL,NULL,NULL,NULL,NULL,NULL,NULL,NULL,NULL),(165,'en_GB','Email Test','Email Test',1,-1,-1,'2016-08-22 20:26:38',-1,-1,'2016-08-22 20:26:38',NULL,NULL,NULL,NULL,NULL,NULL,NULL,NULL,NULL,NULL,NULL,NULL,NULL,NULL,NULL,NULL,NULL),(165,'zh_CN','邮件测试','邮件测试',1,-1,-1,'2016-08-22 20:26:38',-1,-1,'2016-08-22 20:26:38',NULL,NULL,NULL,NULL,NULL,NULL,NULL,NULL,NULL,NULL,NULL,NULL,NULL,NULL,NULL,NULL,NULL),(166,'en_GB','Attachment','Attachment',1,-1,-1,'2016-08-22 20:26:38',-1,-1,'2016-08-22 20:26:38',NULL,NULL,NULL,NULL,NULL,NULL,NULL,NULL,NULL,NULL,NULL,NULL,NULL,NULL,NULL,NULL,NULL),(166,'zh_CN','附件管理','附件管理',1,-1,-1,'2016-08-22 20:26:38',-1,-1,'2016-08-22 20:26:38',NULL,NULL,NULL,NULL,NULL,NULL,NULL,NULL,NULL,NULL,NULL,NULL,NULL,NULL,NULL,NULL,NULL),(167,'en_GB','Category','Category',1,-1,-1,'2016-08-22 20:26:38',-1,-1,'2016-08-22 20:26:38',NULL,NULL,NULL,NULL,NULL,NULL,NULL,NULL,NULL,NULL,NULL,NULL,NULL,NULL,NULL,NULL,NULL),(167,'zh_CN','目录管理','目录管理',1,-1,-1,'2016-08-22 20:26:38',-1,-1,'2016-08-22 20:26:38',NULL,NULL,NULL,NULL,NULL,NULL,NULL,NULL,NULL,NULL,NULL,NULL,NULL,NULL,NULL,NULL,NULL),(168,'en_GB','Files','Files',1,-1,-1,'2016-08-22 20:26:38',-1,-1,'2016-08-22 20:26:38',NULL,NULL,NULL,NULL,NULL,NULL,NULL,NULL,NULL,NULL,NULL,NULL,NULL,NULL,NULL,NULL,NULL),(168,'zh_CN','文件管理','文件管理',1,-1,-1,'2016-08-22 20:26:38',-1,-1,'2016-08-22 20:26:38',NULL,NULL,NULL,NULL,NULL,NULL,NULL,NULL,NULL,NULL,NULL,NULL,NULL,NULL,NULL,NULL,NULL),(169,'en_GB','Upload Test','Upload Test',1,-1,-1,'2016-08-22 20:26:38',-1,-1,'2016-08-22 20:26:38',NULL,NULL,NULL,NULL,NULL,NULL,NULL,NULL,NULL,NULL,NULL,NULL,NULL,NULL,NULL,NULL,NULL),(169,'zh_CN','上传测试','上传测试',1,-1,-1,'2016-08-22 20:26:38',-1,-1,'2016-08-22 20:26:38',NULL,NULL,NULL,NULL,NULL,NULL,NULL,NULL,NULL,NULL,NULL,NULL,NULL,NULL,NULL,NULL,NULL),(170,'en_GB','Fruit Game','Fruit Game',1,-1,-1,'2016-08-23 19:13:46',3,3,'2016-08-23 19:13:46',NULL,NULL,NULL,NULL,NULL,NULL,NULL,NULL,NULL,NULL,NULL,NULL,NULL,NULL,NULL,NULL,NULL),(170,'zh_CN','水果大战','水果大战',1,-1,-1,'2016-08-23 19:13:46',3,3,'2016-08-23 19:13:46',NULL,NULL,NULL,NULL,NULL,NULL,NULL,NULL,NULL,NULL,NULL,NULL,NULL,NULL,NULL,NULL,NULL),(171,'en_GB','sale_order mamagement','manage sales_orders',1,-1,-1,'2016-08-26 15:38:15',3,3,'2016-08-26 15:38:15',NULL,NULL,NULL,NULL,NULL,NULL,NULL,NULL,NULL,NULL,NULL,NULL,NULL,NULL,NULL,NULL,NULL),(171,'zh_CN','销售订单管理','管理销售订单',1,-1,-1,'2016-08-26 15:38:15',3,3,'2016-08-27 16:39:34',NULL,NULL,NULL,NULL,NULL,NULL,NULL,NULL,NULL,NULL,NULL,NULL,NULL,NULL,NULL,NULL,NULL),(175,'en_GB','OrderSummary','OrderSummary',1,-1,-1,'2016-08-27 16:39:34',3,3,'2016-08-27 16:39:34',NULL,NULL,NULL,NULL,NULL,NULL,NULL,NULL,NULL,NULL,NULL,NULL,NULL,NULL,NULL,NULL,NULL),(175,'zh_CN','订单汇总','订单汇总',1,-1,-1,'2016-08-27 16:39:34',3,3,'2016-08-27 16:39:34',NULL,NULL,NULL,NULL,NULL,NULL,NULL,NULL,NULL,NULL,NULL,NULL,NULL,NULL,NULL,NULL,NULL),(176,'en_GB','DetailOrderInfo','DetailOrderInfo',1,-1,-1,'2016-08-27 16:39:34',3,3,'2016-08-27 16:39:34',NULL,NULL,NULL,NULL,NULL,NULL,NULL,NULL,NULL,NULL,NULL,NULL,NULL,NULL,NULL,NULL,NULL),(176,'zh_CN','订单详情','订单详情',1,-1,-1,'2016-08-27 16:39:34',3,3,'2016-08-27 16:39:34',NULL,NULL,NULL,NULL,NULL,NULL,NULL,NULL,NULL,NULL,NULL,NULL,NULL,NULL,NULL,NULL,NULL);

#
# Data for table "sys_job_running_info"
#

INSERT INTO `sys_job_running_info` (`JOB_RUNNING_INFO_ID`,`JOB_NAME`,`JOB_GROUP`,`JOB_RESULT`,`JOB_STATUS`,`JOB_STATUS_MESSAGE`,`TRIGGER_NAME`,`TRIGGER_GROUP`,`PREVIOUS_FIRE_TIME`,`FIRE_TIME`,`NEXT_FIRE_TIME`,`REFIRE_COUNT`,`FIRE_INSTANCE_ID`,`SCHEDULER_INSTANCE_ID`,`SCHEDULED_FIRE_TIME`,`EXECUTION_SUMMARY`,`OBJECT_VERSION_NUMBER`,`REQUEST_ID`,`PROGRAM_ID`,`CREATED_BY`,`CREATION_DATE`,`LAST_UPDATED_BY`,`LAST_UPDATE_DATE`,`LAST_UPDATE_LOGIN`,`ATTRIBUTE_CATEGORY`,`ATTRIBUTE1`,`ATTRIBUTE2`,`ATTRIBUTE3`,`ATTRIBUTE4`,`ATTRIBUTE5`,`ATTRIBUTE6`,`ATTRIBUTE7`,`ATTRIBUTE8`,`ATTRIBUTE9`,`ATTRIBUTE10`,`ATTRIBUTE11`,`ATTRIBUTE12`,`ATTRIBUTE13`,`ATTRIBUTE14`,`ATTRIBUTE15`) VALUES (1,'send Email','DEFAULT','','Finish','Job DEFAULT.send Email execution complete at  20:37:24 08/25/2016 and reports: null','send Email_trigger','DEFAULT',NULL,'2016-08-25 20:37:24','2016-08-25 20:38:00',0,'LAPTOP-5JAABC5O14721274397051472127439655','LAPTOP-5JAABC5O1472127439705','2016-08-25 20:37:24','No Email To Send.',1,-1,-1,1,'2016-08-25 20:37:24',1,'2016-08-25 20:37:24',NULL,NULL,NULL,NULL,NULL,NULL,NULL,NULL,NULL,NULL,NULL,NULL,NULL,NULL,NULL,NULL,NULL),(2,'send Email','DEFAULT','','Finish','Job DEFAULT.send Email execution complete at  20:38:00 08/25/2016 and reports: null','send Email_trigger','DEFAULT','2016-08-25 20:37:24','2016-08-25 20:38:00','2016-08-25 20:39:00',0,'LAPTOP-5JAABC5O14721274397051472127439656','LAPTOP-5JAABC5O1472127439705','2016-08-25 20:38:00','No Email To Send.',1,-1,-1,1,'2016-08-25 20:38:00',1,'2016-08-25 20:38:00',NULL,NULL,NULL,NULL,NULL,NULL,NULL,NULL,NULL,NULL,NULL,NULL,NULL,NULL,NULL,NULL,NULL),(3,'send Email','DEFAULT','','Finish','Job DEFAULT.send Email execution complete at  20:39:02 08/25/2016 and reports: null','send Email_trigger','DEFAULT','2016-08-25 20:38:00','2016-08-25 20:39:00','2016-08-25 20:40:00',0,'LAPTOP-5JAABC5O14721274397051472127439657','LAPTOP-5JAABC5O1472127439705','2016-08-25 20:39:00','Send 1 Emails.   Success : 1',1,-1,-1,1,'2016-08-25 20:39:02',1,'2016-08-25 20:39:02',NULL,NULL,NULL,NULL,NULL,NULL,NULL,NULL,NULL,NULL,NULL,NULL,NULL,NULL,NULL,NULL,NULL),(4,'send Email','DEFAULT','','Finish','Job DEFAULT.send Email execution complete at  20:40:02 08/25/2016 and reports: null','send Email_trigger','DEFAULT','2016-08-25 20:39:00','2016-08-25 20:40:00',NULL,0,'LAPTOP-5JAABC5O14721274397051472127439658','LAPTOP-5JAABC5O1472127439705','2016-08-25 20:40:00','Send 1 Emails.   Success : 1',1,-1,-1,1,'2016-08-25 20:40:02',1,'2016-08-25 20:40:02',NULL,NULL,NULL,NULL,NULL,NULL,NULL,NULL,NULL,NULL,NULL,NULL,NULL,NULL,NULL,NULL,NULL),(5,'send','DEFAULT','','Finish','Job DEFAULT.send execution complete at  20:50:24 08/25/2016 and reports: null','send_trigger','DEFAULT',NULL,'2016-08-25 20:50:24','2016-08-25 20:51:00',0,'LAPTOP-5JAABC5O14721274397051472127439659','LAPTOP-5JAABC5O1472127439705','2016-08-25 20:50:24','No Email To Send.',1,-1,-1,1,'2016-08-25 20:50:24',1,'2016-08-25 20:50:24',NULL,NULL,NULL,NULL,NULL,NULL,NULL,NULL,NULL,NULL,NULL,NULL,NULL,NULL,NULL,NULL,NULL),(6,'send','DEFAULT','','Finish','Job DEFAULT.send execution complete at  20:51:00 08/25/2016 and reports: null','send_trigger','DEFAULT','2016-08-25 20:50:24','2016-08-25 20:51:00','2016-08-25 20:52:00',0,'LAPTOP-5JAABC5O14721274397051472127439660','LAPTOP-5JAABC5O1472127439705','2016-08-25 20:51:00','No Email To Send.',1,-1,-1,1,'2016-08-25 20:51:00',1,'2016-08-25 20:51:00',NULL,NULL,NULL,NULL,NULL,NULL,NULL,NULL,NULL,NULL,NULL,NULL,NULL,NULL,NULL,NULL,NULL),(7,'send','DEFAULT','','Finish','Job DEFAULT.send execution complete at  20:52:02 08/25/2016 and reports: null','send_trigger','DEFAULT','2016-08-25 20:51:00','2016-08-25 20:52:00','2016-08-25 20:53:00',0,'LAPTOP-5JAABC5O14721274397051472127439661','LAPTOP-5JAABC5O1472127439705','2016-08-25 20:52:00','Send 1 Emails.   Success : 1',1,-1,-1,1,'2016-08-25 20:52:02',1,'2016-08-25 20:52:02',NULL,NULL,NULL,NULL,NULL,NULL,NULL,NULL,NULL,NULL,NULL,NULL,NULL,NULL,NULL,NULL,NULL),(8,'send','DEFAULT','','Finish','Job DEFAULT.send execution complete at  20:53:00 08/25/2016 and reports: null','send_trigger','DEFAULT','2016-08-25 20:52:00','2016-08-25 20:53:00','2016-08-25 20:54:00',0,'LAPTOP-5JAABC5O14721274397051472127439662','LAPTOP-5JAABC5O1472127439705','2016-08-25 20:53:00','No Email To Send.',1,-1,-1,1,'2016-08-25 20:53:00',1,'2016-08-25 20:53:00',NULL,NULL,NULL,NULL,NULL,NULL,NULL,NULL,NULL,NULL,NULL,NULL,NULL,NULL,NULL,NULL,NULL),(9,'send','DEFAULT','','Finish','Job DEFAULT.send execution complete at  20:54:07 08/25/2016 and reports: null','send_trigger','DEFAULT','2016-08-25 20:53:00','2016-08-25 20:54:00','2016-08-25 20:55:00',0,'LAPTOP-5JAABC5O14721274397051472127439663','LAPTOP-5JAABC5O1472127439705','2016-08-25 20:54:00','Send 5 Emails.   Success : 5',1,-1,-1,1,'2016-08-25 20:54:07',1,'2016-08-25 20:54:07',NULL,NULL,NULL,NULL,NULL,NULL,NULL,NULL,NULL,NULL,NULL,NULL,NULL,NULL,NULL,NULL,NULL),(10,'send','DEFAULT','','Finish','Job DEFAULT.send execution complete at  20:55:00 08/25/2016 and reports: null','send_trigger','DEFAULT','2016-08-25 20:54:00','2016-08-25 20:55:00',NULL,0,'LAPTOP-5JAABC5O14721274397051472127439664','LAPTOP-5JAABC5O1472127439705','2016-08-25 20:55:00','No Email To Send.',1,-1,-1,1,'2016-08-25 20:55:00',1,'2016-08-25 20:55:00',NULL,NULL,NULL,NULL,NULL,NULL,NULL,NULL,NULL,NULL,NULL,NULL,NULL,NULL,NULL,NULL,NULL);

#
# Data for table "sys_lang_b"
#

INSERT INTO `sys_lang_b` (`LANG_CODE`,`BASE_LANG`,`DESCRIPTION`,`OBJECT_VERSION_NUMBER`,`REQUEST_ID`,`PROGRAM_ID`,`CREATION_DATE`,`CREATED_BY`,`LAST_UPDATED_BY`,`LAST_UPDATE_DATE`,`LAST_UPDATE_LOGIN`,`ATTRIBUTE_CATEGORY`,`ATTRIBUTE1`,`ATTRIBUTE2`,`ATTRIBUTE3`,`ATTRIBUTE4`,`ATTRIBUTE5`,`ATTRIBUTE6`,`ATTRIBUTE7`,`ATTRIBUTE8`,`ATTRIBUTE9`,`ATTRIBUTE10`,`ATTRIBUTE11`,`ATTRIBUTE12`,`ATTRIBUTE13`,`ATTRIBUTE14`,`ATTRIBUTE15`) VALUES ('en_GB','zh_CN','English',1,-1,-1,'2016-08-22 20:26:38',-1,-1,'2016-08-22 20:26:38',NULL,NULL,NULL,NULL,NULL,NULL,NULL,NULL,NULL,NULL,NULL,NULL,NULL,NULL,NULL,NULL,NULL),('zh_CN','zh_CN','简体中文',1,-1,-1,'2016-08-22 20:26:38',-1,-1,'2016-08-22 20:26:38',NULL,NULL,NULL,NULL,NULL,NULL,NULL,NULL,NULL,NULL,NULL,NULL,NULL,NULL,NULL,NULL,NULL);

#
# Data for table "sys_lov"
#

INSERT INTO `sys_lov` (`LOV_ID`,`CODE`,`DESCRIPTION`,`SQL_ID`,`VALUE_FIELD`,`TEXT_FIELD`,`TITLE`,`WIDTH`,`HEIGHT`,`PLACEHOLDER`,`DELAY_LOAD`,`NEED_QUERY_PARAM`,`EDITABLE`,`CAN_POPUP`,`OBJECT_VERSION_NUMBER`,`REQUEST_ID`,`PROGRAM_ID`,`CREATION_DATE`,`CREATED_BY`,`LAST_UPDATED_BY`,`LAST_UPDATE_DATE`,`LAST_UPDATE_LOGIN`,`ATTRIBUTE_CATEGORY`,`ATTRIBUTE1`,`ATTRIBUTE2`,`ATTRIBUTE3`,`ATTRIBUTE4`,`ATTRIBUTE5`,`ATTRIBUTE6`,`ATTRIBUTE7`,`ATTRIBUTE8`,`ATTRIBUTE9`,`ATTRIBUTE10`,`ATTRIBUTE11`,`ATTRIBUTE12`,`ATTRIBUTE13`,`ATTRIBUTE14`,`ATTRIBUTE15`) VALUES (103,'user_lov','查询用户','UserMapper.select','userId','userName','查询用户',400,400,NULL,'N','N','N','Y',1,-1,-1,'2016-08-22 20:26:38',-1,-1,'2016-08-22 20:26:38',NULL,NULL,NULL,NULL,NULL,NULL,NULL,NULL,NULL,NULL,NULL,NULL,NULL,NULL,NULL,NULL,NULL),(104,'ATTACH_SOURCE_TYPE','附件来源类型选择','AttachCategoryMapper.selectAllLeafCategory','sourceType','sourceType','attachcategory.sourcetype',450,200,'attachcategory.sourcetype','N','N','N','Y',1,-1,-1,'2016-08-22 20:26:38',-1,-1,'2016-08-22 20:26:38',NULL,NULL,NULL,NULL,NULL,NULL,NULL,NULL,NULL,NULL,NULL,NULL,NULL,NULL,NULL,NULL,NULL);

#
# Data for table "sys_lov_item"
#

INSERT INTO `sys_lov_item` (`LOV_ITEM_ID`,`LOV_ID`,`DISPLAY`,`IS_AUTOCOMPLETE`,`CONDITION_FIELD`,`CONDITION_FIELD_WIDTH`,`CONDITION_FIELD_TYPE`,`CONDITION_FIELD_NAME`,`CONDITION_FIELD_NEWLINE`,`CONDITION_FIELD_SELECT_CODE`,`CONDITION_FIELD_LOV_CODE`,`CONDITION_FIELD_SEQUENCE`,`CONDITION_FIELD_SELECT_URL`,`CONDITION_FIELD_SELECT_VF`,`CONDITION_FIELD_SELECT_TF`,`CONDITION_FIELD_TEXTFIELD`,`AUTOCOMPLETE_FIELD`,`GRID_FIELD`,`GRID_FIELD_NAME`,`GRID_FIELD_SEQUENCE`,`GRID_FIELD_WIDTH`,`GRID_FIELD_ALIGN`,`OBJECT_VERSION_NUMBER`,`REQUEST_ID`,`PROGRAM_ID`,`CREATION_DATE`,`CREATED_BY`,`LAST_UPDATED_BY`,`LAST_UPDATE_DATE`,`LAST_UPDATE_LOGIN`,`ATTRIBUTE_CATEGORY`,`ATTRIBUTE1`,`ATTRIBUTE2`,`ATTRIBUTE3`,`ATTRIBUTE4`,`ATTRIBUTE5`,`ATTRIBUTE6`,`ATTRIBUTE7`,`ATTRIBUTE8`,`ATTRIBUTE9`,`ATTRIBUTE10`,`ATTRIBUTE11`,`ATTRIBUTE12`,`ATTRIBUTE13`,`ATTRIBUTE14`,`ATTRIBUTE15`) VALUES (102,103,'userName','Y','Y',NULL,NULL,NULL,'N',NULL,NULL,1,NULL,NULL,NULL,NULL,'Y','Y','userName',10,100,'center',1,-1,-1,'2016-08-22 20:26:38',-1,-1,'2016-08-22 20:26:38',NULL,NULL,NULL,NULL,NULL,NULL,NULL,NULL,NULL,NULL,NULL,NULL,NULL,NULL,NULL,NULL,NULL),(103,104,'attachcategory.categoryname','N','Y',NULL,NULL,NULL,'N',NULL,NULL,1,NULL,NULL,NULL,NULL,'Y','Y','categoryName',10,100,'left',1,-1,-1,'2016-08-22 20:26:38',-1,-1,'2016-08-22 20:26:38',NULL,NULL,NULL,NULL,NULL,NULL,NULL,NULL,NULL,NULL,NULL,NULL,NULL,NULL,NULL,NULL,NULL),(104,104,'attachcategory.categorypath','N','N',NULL,NULL,NULL,'N',NULL,NULL,1,NULL,NULL,NULL,NULL,'Y','Y','categoryPath',30,200,'left',1,-1,-1,'2016-08-22 20:26:38',-1,-1,'2016-08-22 20:26:38',NULL,NULL,NULL,NULL,NULL,NULL,NULL,NULL,NULL,NULL,NULL,NULL,NULL,NULL,NULL,NULL,NULL),(105,104,'attachcategory.sourcetype','N','Y',NULL,NULL,NULL,'N',NULL,NULL,1,NULL,NULL,NULL,NULL,'Y','Y','sourceType',20,80,'center',1,-1,-1,'2016-08-22 20:26:38',-1,-1,'2016-08-22 20:26:38',NULL,NULL,NULL,NULL,NULL,NULL,NULL,NULL,NULL,NULL,NULL,NULL,NULL,NULL,NULL,NULL,NULL);

#
# Data for table "sys_message"
#

INSERT INTO `sys_message` (`MESSAGE_ID`,`MESSAGE_TYPE`,`MESSAGE_HOST`,`MESSAGE_FROM`,`SUBJECT`,`CONTENT`,`PRIORITY_LEVEL`,`SEND_FLAG`,`MESSAGE_SOURCE`,`OBJECT_VERSION_NUMBER`,`REQUEST_ID`,`PROGRAM_ID`,`CREATED_BY`,`CREATION_DATE`,`LAST_UPDATED_BY`,`LAST_UPDATE_DATE`,`ATTRIBUTE1`,`ATTRIBUTE2`,`ATTRIBUTE3`,`ATTRIBUTE4`,`ATTRIBUTE5`,`ATTRIBUTE6`,`ATTRIBUTE7`,`ATTRIBUTE8`,`ATTRIBUTE9`,`ATTRIBUTE10`,`ATTRIBUTE11`,`ATTRIBUTE12`,`ATTRIBUTE13`,`ATTRIBUTE14`,`ATTRIBUTE15`) VALUES (1,'EMAIL',NULL,'TEST','aa','aaaa','NORMAL','Y',NULL,2,-1,-1,3,'2016-08-25 20:38:38',3,'2016-08-25 20:39:02',NULL,NULL,NULL,NULL,NULL,NULL,NULL,NULL,NULL,NULL,NULL,NULL,NULL,NULL,NULL),(2,'EMAIL',NULL,'TEST','aa','aaaa','NORMAL','Y',NULL,2,-1,-1,3,'2016-08-25 20:39:21',3,'2016-08-25 20:40:02',NULL,NULL,NULL,NULL,NULL,NULL,NULL,NULL,NULL,NULL,NULL,NULL,NULL,NULL,NULL),(3,'EMAIL',NULL,'TEST','aa','aaaa','NORMAL','Y',NULL,2,-1,-1,3,'2016-08-25 20:51:11',3,'2016-08-25 20:52:02',NULL,NULL,NULL,NULL,NULL,NULL,NULL,NULL,NULL,NULL,NULL,NULL,NULL,NULL,NULL),(4,'EMAIL',NULL,'TEST','aa','aaaa','NORMAL','Y',NULL,2,-1,-1,3,'2016-08-25 20:53:36',3,'2016-08-25 20:54:01',NULL,NULL,NULL,NULL,NULL,NULL,NULL,NULL,NULL,NULL,NULL,NULL,NULL,NULL,NULL),(5,'EMAIL',NULL,'TEST','aa','aaaa','NORMAL','Y',NULL,2,-1,-1,3,'2016-08-25 20:53:48',3,'2016-08-25 20:54:05',NULL,NULL,NULL,NULL,NULL,NULL,NULL,NULL,NULL,NULL,NULL,NULL,NULL,NULL,NULL),(6,'EMAIL',NULL,'TEST','aa','aaaa','NORMAL','Y',NULL,2,-1,-1,3,'2016-08-25 20:53:52',3,'2016-08-25 20:54:06',NULL,NULL,NULL,NULL,NULL,NULL,NULL,NULL,NULL,NULL,NULL,NULL,NULL,NULL,NULL),(7,'EMAIL',NULL,'TEST','aa','aaaa','NORMAL','Y',NULL,2,-1,-1,3,'2016-08-25 20:53:55',3,'2016-08-25 20:54:07',NULL,NULL,NULL,NULL,NULL,NULL,NULL,NULL,NULL,NULL,NULL,NULL,NULL,NULL,NULL),(8,'EMAIL',NULL,'TEST','aa','aaaa','NORMAL','Y',NULL,2,-1,-1,3,'2016-08-25 20:53:57',3,'2016-08-25 20:54:07',NULL,NULL,NULL,NULL,NULL,NULL,NULL,NULL,NULL,NULL,NULL,NULL,NULL,NULL,NULL);

#
# Data for table "sys_message_account"
#


#
# Data for table "sys_message_attachment"
#


#
# Data for table "sys_message_email_account"
#

INSERT INTO `sys_message_email_account` (`ACCOUNT_ID`,`ACCOUNT_CODE`,`CONFIG_ID`,`USER_NAME`,`PASSWORD`,`DESCRIPTION`,`OBJECT_VERSION_NUMBER`,`REQUEST_ID`,`PROGRAM_ID`,`CREATION_DATE`,`CREATED_BY`,`LAST_UPDATED_BY`,`LAST_UPDATE_DATE`,`LAST_UPDATE_LOGIN`,`ATTRIBUTE_CATEGORY`,`ATTRIBUTE1`,`ATTRIBUTE2`,`ATTRIBUTE3`,`ATTRIBUTE4`,`ATTRIBUTE5`,`ATTRIBUTE6`,`ATTRIBUTE7`,`ATTRIBUTE8`,`ATTRIBUTE9`,`ATTRIBUTE10`,`ATTRIBUTE11`,`ATTRIBUTE12`,`ATTRIBUTE13`,`ATTRIBUTE14`,`ATTRIBUTE15`) VALUES (1,'TEST',5,'hap_dev@126.com',NULL,NULL,NULL,-1,-1,NULL,NULL,3,'2016-08-25 10:38:43',3,NULL,NULL,NULL,NULL,NULL,NULL,NULL,NULL,NULL,NULL,NULL,NULL,NULL,NULL,NULL,NULL);

#
# Data for table "sys_message_email_config"
#

INSERT INTO `sys_message_email_config` (`CONFIG_ID`,`CONFIG_CODE`,`HOST`,`PORT`,`TRY_TIMES`,`DESCRIPTION`,`USE_WHITE_LIST`,`USER_NAME`,`PASSWORD`,`ENABLE`,`OBJECT_VERSION_NUMBER`,`REQUEST_ID`,`PROGRAM_ID`,`CREATION_DATE`,`CREATED_BY`,`LAST_UPDATED_BY`,`LAST_UPDATE_DATE`,`LAST_UPDATE_LOGIN`,`ATTRIBUTE_CATEGORY`,`ATTRIBUTE1`,`ATTRIBUTE2`,`ATTRIBUTE3`,`ATTRIBUTE4`,`ATTRIBUTE5`,`ATTRIBUTE6`,`ATTRIBUTE7`,`ATTRIBUTE8`,`ATTRIBUTE9`,`ATTRIBUTE10`,`ATTRIBUTE11`,`ATTRIBUTE12`,`ATTRIBUTE13`,`ATTRIBUTE14`,`ATTRIBUTE15`) VALUES (5,'TEST126','smtp.126.com','25',1,'hap_dev on 126','N','hap_dev','hapdev11',NULL,2,-1,-1,'2016-08-22 20:26:39',-1,3,'2016-08-25 10:38:43',3,NULL,NULL,NULL,NULL,NULL,NULL,NULL,NULL,NULL,NULL,NULL,NULL,NULL,NULL,NULL,NULL);

#
# Data for table "sys_message_email_white_lt"
#


#
# Data for table "sys_message_receiver"
#

INSERT INTO `sys_message_receiver` (`RECEIVER_ID`,`MESSAGE_ID`,`MESSAGE_TYPE`,`MESSAGE_ADDRESS`,`OBJECT_VERSION_NUMBER`,`REQUEST_ID`,`PROGRAM_ID`,`CREATED_BY`,`CREATION_DATE`,`LAST_UPDATED_BY`,`LAST_UPDATE_DATE`,`ATTRIBUTE1`,`ATTRIBUTE2`,`ATTRIBUTE3`,`ATTRIBUTE4`,`ATTRIBUTE5`,`ATTRIBUTE6`,`ATTRIBUTE7`,`ATTRIBUTE8`,`ATTRIBUTE9`,`ATTRIBUTE10`,`ATTRIBUTE11`,`ATTRIBUTE12`,`ATTRIBUTE13`,`ATTRIBUTE14`,`ATTRIBUTE15`) VALUES (1,1,'NORMAL','longmei.ran@hand_china.com',1,-1,-1,3,'2016-08-25 20:38:38',3,'2016-08-25 20:38:38',NULL,NULL,NULL,NULL,NULL,NULL,NULL,NULL,NULL,NULL,NULL,NULL,NULL,NULL,NULL),(2,2,'NORMAL','longmei.ran@hand_china.com',1,-1,-1,3,'2016-08-25 20:39:21',3,'2016-08-25 20:39:21',NULL,NULL,NULL,NULL,NULL,NULL,NULL,NULL,NULL,NULL,NULL,NULL,NULL,NULL,NULL),(3,3,'NORMAL','longmei.ran@hand_china.com',1,-1,-1,3,'2016-08-25 20:51:11',3,'2016-08-25 20:51:11',NULL,NULL,NULL,NULL,NULL,NULL,NULL,NULL,NULL,NULL,NULL,NULL,NULL,NULL,NULL),(4,4,'NORMAL','longmei.ran@hand_china.com',1,-1,-1,3,'2016-08-25 20:53:36',3,'2016-08-25 20:53:36',NULL,NULL,NULL,NULL,NULL,NULL,NULL,NULL,NULL,NULL,NULL,NULL,NULL,NULL,NULL),(5,5,'NORMAL','longmei.ran@hand_china.com',1,-1,-1,3,'2016-08-25 20:53:48',3,'2016-08-25 20:53:48',NULL,NULL,NULL,NULL,NULL,NULL,NULL,NULL,NULL,NULL,NULL,NULL,NULL,NULL,NULL),(6,6,'NORMAL','longmei.ran@hand_china.com',1,-1,-1,3,'2016-08-25 20:53:52',3,'2016-08-25 20:53:52',NULL,NULL,NULL,NULL,NULL,NULL,NULL,NULL,NULL,NULL,NULL,NULL,NULL,NULL,NULL),(7,7,'NORMAL','longmei.ran@hand_china.com',1,-1,-1,3,'2016-08-25 20:53:55',3,'2016-08-25 20:53:55',NULL,NULL,NULL,NULL,NULL,NULL,NULL,NULL,NULL,NULL,NULL,NULL,NULL,NULL,NULL),(8,8,'NORMAL','longmei.ran@hand_china.com',1,-1,-1,3,'2016-08-25 20:53:57',3,'2016-08-25 20:53:57',NULL,NULL,NULL,NULL,NULL,NULL,NULL,NULL,NULL,NULL,NULL,NULL,NULL,NULL,NULL);

#
# Data for table "sys_message_template"
#

INSERT INTO `sys_message_template` (`TEMPLATE_ID`,`SUBJECT`,`CONTENT`,`ACCOUNT_ID`,`TEMPLATE_CODE`,`TEMPLATE_TYPE`,`PRIORITY_LEVEL`,`DESCRIPTION`,`OBJECT_VERSION_NUMBER`,`REQUEST_ID`,`PROGRAM_ID`,`CREATION_DATE`,`CREATED_BY`,`LAST_UPDATED_BY`,`LAST_UPDATE_DATE`,`LAST_UPDATE_LOGIN`,`ATTRIBUTE_CATEGORY`,`ATTRIBUTE1`,`ATTRIBUTE2`,`ATTRIBUTE3`,`ATTRIBUTE4`,`ATTRIBUTE5`,`ATTRIBUTE6`,`ATTRIBUTE7`,`ATTRIBUTE8`,`ATTRIBUTE9`,`ATTRIBUTE10`,`ATTRIBUTE11`,`ATTRIBUTE12`,`ATTRIBUTE13`,`ATTRIBUTE14`,`ATTRIBUTE15`) VALUES (1,'THis is a test email','test mail send by hap',NULL,'TEST',NULL,'NORMAL','Test Template',1,-1,-1,'2016-08-22 20:26:39',-1,-1,'2016-08-22 20:26:39',NULL,NULL,NULL,NULL,NULL,NULL,NULL,NULL,NULL,NULL,NULL,NULL,NULL,NULL,NULL,NULL,NULL);

#
# Data for table "sys_message_transaction"
#

INSERT INTO `sys_message_transaction` (`TRANSACTION_ID`,`MESSAGE_ID`,`TRANSACTION_STATUS`,`TRANSACTION_MESSAGE`,`MESSAGE_ADDRESS`,`OBJECT_VERSION_NUMBER`,`REQUEST_ID`,`PROGRAM_ID`,`CREATED_BY`,`CREATION_DATE`,`LAST_UPDATED_BY`,`LAST_UPDATE_DATE`,`ATTRIBUTE1`,`ATTRIBUTE2`,`ATTRIBUTE3`,`ATTRIBUTE4`,`ATTRIBUTE5`,`ATTRIBUTE6`,`ATTRIBUTE7`,`ATTRIBUTE8`,`ATTRIBUTE9`,`ATTRIBUTE10`,`ATTRIBUTE11`,`ATTRIBUTE12`,`ATTRIBUTE13`,`ATTRIBUTE14`,`ATTRIBUTE15`) VALUES (1,1,'SUCCESS',NULL,NULL,0,-1,-1,-1,'2016-08-25 20:39:00',-1,'2016-08-25 20:39:00',NULL,NULL,NULL,NULL,NULL,NULL,NULL,NULL,NULL,NULL,NULL,NULL,NULL,NULL,NULL),(2,2,'SUCCESS',NULL,NULL,0,-1,-1,-1,'2016-08-25 20:40:00',-1,'2016-08-25 20:40:00',NULL,NULL,NULL,NULL,NULL,NULL,NULL,NULL,NULL,NULL,NULL,NULL,NULL,NULL,NULL),(3,3,'SUCCESS',NULL,NULL,0,-1,-1,-1,'2016-08-25 20:52:00',-1,'2016-08-25 20:52:00',NULL,NULL,NULL,NULL,NULL,NULL,NULL,NULL,NULL,NULL,NULL,NULL,NULL,NULL,NULL),(4,4,'SUCCESS',NULL,NULL,0,-1,-1,-1,'2016-08-25 20:54:00',-1,'2016-08-25 20:54:00',NULL,NULL,NULL,NULL,NULL,NULL,NULL,NULL,NULL,NULL,NULL,NULL,NULL,NULL,NULL),(5,5,'SUCCESS',NULL,NULL,0,-1,-1,-1,'2016-08-25 20:54:02',-1,'2016-08-25 20:54:02',NULL,NULL,NULL,NULL,NULL,NULL,NULL,NULL,NULL,NULL,NULL,NULL,NULL,NULL,NULL),(6,6,'SUCCESS',NULL,NULL,0,-1,-1,-1,'2016-08-25 20:54:05',-1,'2016-08-25 20:54:05',NULL,NULL,NULL,NULL,NULL,NULL,NULL,NULL,NULL,NULL,NULL,NULL,NULL,NULL,NULL),(7,7,'SUCCESS',NULL,NULL,0,-1,-1,-1,'2016-08-25 20:54:07',-1,'2016-08-25 20:54:07',NULL,NULL,NULL,NULL,NULL,NULL,NULL,NULL,NULL,NULL,NULL,NULL,NULL,NULL,NULL),(8,8,'SUCCESS',NULL,NULL,0,-1,-1,-1,'2016-08-25 20:54:07',-1,'2016-08-25 20:54:07',NULL,NULL,NULL,NULL,NULL,NULL,NULL,NULL,NULL,NULL,NULL,NULL,NULL,NULL,NULL);

#
# Data for table "sys_preferences"
#

INSERT INTO `sys_preferences` (`PREFERENCES_ID`,`PREFERENCES`,`PREFERENCES_LEVEL`,`PREFERENCES_VALUE`,`USER_ID`,`OBJECT_VERSION_NUMBER`,`REQUEST_ID`,`PROGRAM_ID`,`CREATION_DATE`,`CREATED_BY`,`LAST_UPDATED_BY`,`LAST_UPDATE_DATE`,`LAST_UPDATE_LOGIN`,`ATTRIBUTE_CATEGORY`,`ATTRIBUTE1`,`ATTRIBUTE2`,`ATTRIBUTE3`,`ATTRIBUTE4`,`ATTRIBUTE5`,`ATTRIBUTE6`,`ATTRIBUTE7`,`ATTRIBUTE8`,`ATTRIBUTE9`,`ATTRIBUTE10`,`ATTRIBUTE11`,`ATTRIBUTE12`,`ATTRIBUTE13`,`ATTRIBUTE14`,`ATTRIBUTE15`) VALUES (2,'timeZone',10,'GMT+0800',3,1,-1,-1,'2016-08-22 20:26:39',-1,-1,'2016-08-22 20:26:39',NULL,NULL,NULL,NULL,NULL,NULL,NULL,NULL,NULL,NULL,NULL,NULL,NULL,NULL,NULL,NULL,NULL);

#
# Data for table "sys_profile"
#

INSERT INTO `sys_profile` (`PROFILE_ID`,`PROFILE_NAME`,`DESCRIPTION`,`OBJECT_VERSION_NUMBER`,`REQUEST_ID`,`PROGRAM_ID`,`CREATION_DATE`,`CREATED_BY`,`LAST_UPDATED_BY`,`LAST_UPDATE_DATE`,`LAST_UPDATE_LOGIN`,`ATTRIBUTE_CATEGORY`,`ATTRIBUTE1`,`ATTRIBUTE2`,`ATTRIBUTE3`,`ATTRIBUTE4`,`ATTRIBUTE5`,`ATTRIBUTE6`,`ATTRIBUTE7`,`ATTRIBUTE8`,`ATTRIBUTE9`,`ATTRIBUTE10`,`ATTRIBUTE11`,`ATTRIBUTE12`,`ATTRIBUTE13`,`ATTRIBUTE14`,`ATTRIBUTE15`) VALUES (1,'HAP_ OM_ORDER_APPROVE_CTL','销售订单审批、拒绝按钮控制',2,-1,-1,'2016-08-28 16:01:50',3,3,'2016-08-28 16:04:43',3,NULL,NULL,NULL,NULL,NULL,NULL,NULL,NULL,NULL,NULL,NULL,NULL,NULL,NULL,NULL,NULL),(2,'HAP_ OM_ORDER_SUBMIT_CTL','销售订单提交按钮控制',1,-1,-1,'2016-08-28 16:04:19',3,3,'2016-08-28 16:04:19',3,NULL,NULL,NULL,NULL,NULL,NULL,NULL,NULL,NULL,NULL,NULL,NULL,NULL,NULL,NULL,NULL);

#
# Data for table "sys_profile_value"
#

INSERT INTO `sys_profile_value` (`PROFILE_VALUE_ID`,`PROFILE_ID`,`LEVEL_ID`,`LEVEL_VALUE`,`PROFILE_VALUE`,`OBJECT_VERSION_NUMBER`,`REQUEST_ID`,`PROGRAM_ID`,`CREATION_DATE`,`CREATED_BY`,`LAST_UPDATED_BY`,`LAST_UPDATE_DATE`,`LAST_UPDATE_LOGIN`,`ATTRIBUTE_CATEGORY`,`ATTRIBUTE1`,`ATTRIBUTE2`,`ATTRIBUTE3`,`ATTRIBUTE4`,`ATTRIBUTE5`,`ATTRIBUTE6`,`ATTRIBUTE7`,`ATTRIBUTE8`,`ATTRIBUTE9`,`ATTRIBUTE10`,`ATTRIBUTE11`,`ATTRIBUTE12`,`ATTRIBUTE13`,`ATTRIBUTE14`,`ATTRIBUTE15`) VALUES (1,'1','20','5','Y',1,-1,-1,'2016-08-28 16:01:50',3,3,'2016-08-28 16:01:50',3,NULL,NULL,NULL,NULL,NULL,NULL,NULL,NULL,NULL,NULL,NULL,NULL,NULL,NULL,NULL,NULL),(2,'2','20','4','Y',1,-1,-1,'2016-08-28 16:04:19',3,3,'2016-08-28 16:04:19',3,NULL,NULL,NULL,NULL,NULL,NULL,NULL,NULL,NULL,NULL,NULL,NULL,NULL,NULL,NULL,NULL),(3,'1','20','4','N',1,-1,-1,'2016-08-28 16:04:44',3,3,'2016-08-28 16:04:44',3,NULL,NULL,NULL,NULL,NULL,NULL,NULL,NULL,NULL,NULL,NULL,NULL,NULL,NULL,NULL,NULL);

#
# Data for table "sys_prompts"
#

INSERT INTO `sys_prompts` (`PROMPT_ID`,`PROMPT_CODE`,`LANG`,`DESCRIPTION`,`OBJECT_VERSION_NUMBER`,`REQUEST_ID`,`PROGRAM_ID`,`CREATION_DATE`,`CREATED_BY`,`LAST_UPDATED_BY`,`LAST_UPDATE_DATE`,`LAST_UPDATE_LOGIN`,`ATTRIBUTE_CATEGORY`,`ATTRIBUTE1`,`ATTRIBUTE2`,`ATTRIBUTE3`,`ATTRIBUTE4`,`ATTRIBUTE5`,`ATTRIBUTE6`,`ATTRIBUTE7`,`ATTRIBUTE8`,`ATTRIBUTE9`,`ATTRIBUTE10`,`ATTRIBUTE11`,`ATTRIBUTE12`,`ATTRIBUTE13`,`ATTRIBUTE14`,`ATTRIBUTE15`) VALUES (101,'hap.main_menu','zh_CN','主菜单',1,-1,-1,'2016-08-22 20:26:38',-1,-1,'2016-08-22 20:26:38',NULL,NULL,NULL,NULL,NULL,NULL,NULL,NULL,NULL,NULL,NULL,NULL,NULL,NULL,NULL,NULL,NULL),(102,'hap.main_menu','en_GB','Main Menu',1,-1,-1,'2016-08-22 20:26:38',-1,-1,'2016-08-22 20:26:38',NULL,NULL,NULL,NULL,NULL,NULL,NULL,NULL,NULL,NULL,NULL,NULL,NULL,NULL,NULL,NULL,NULL),(103,'hap.home','zh_CN','首页',1,-1,-1,'2016-08-22 20:26:38',-1,-1,'2016-08-22 20:26:38',NULL,NULL,NULL,NULL,NULL,NULL,NULL,NULL,NULL,NULL,NULL,NULL,NULL,NULL,NULL,NULL,NULL),(104,'hap.hone','en_GB','Home',1,-1,-1,'2016-08-22 20:26:38',-1,-1,'2016-08-22 20:26:38',NULL,NULL,NULL,NULL,NULL,NULL,NULL,NULL,NULL,NULL,NULL,NULL,NULL,NULL,NULL,NULL,NULL),(105,'hap.query','zh_CN','查询',1,-1,-1,'2016-08-22 20:26:38',-1,-1,'2016-08-22 20:26:38',NULL,NULL,NULL,NULL,NULL,NULL,NULL,NULL,NULL,NULL,NULL,NULL,NULL,NULL,NULL,NULL,NULL),(106,'hap.query','en_GB','Query',1,-1,-1,'2016-08-22 20:26:38',-1,-1,'2016-08-22 20:26:38',NULL,NULL,NULL,NULL,NULL,NULL,NULL,NULL,NULL,NULL,NULL,NULL,NULL,NULL,NULL,NULL,NULL),(107,'hap.cancel','zh_CN','取消',1,-1,-1,'2016-08-22 20:26:38',-1,-1,'2016-08-22 20:26:38',NULL,NULL,NULL,NULL,NULL,NULL,NULL,NULL,NULL,NULL,NULL,NULL,NULL,NULL,NULL,NULL,NULL),(108,'hap.cancel','en_GB','Cancel',1,-1,-1,'2016-08-22 20:26:38',-1,-1,'2016-08-22 20:26:38',NULL,NULL,NULL,NULL,NULL,NULL,NULL,NULL,NULL,NULL,NULL,NULL,NULL,NULL,NULL,NULL,NULL),(109,'hap.new','zh_CN','新建',1,-1,-1,'2016-08-22 20:26:38',-1,-1,'2016-08-22 20:26:38',NULL,NULL,NULL,NULL,NULL,NULL,NULL,NULL,NULL,NULL,NULL,NULL,NULL,NULL,NULL,NULL,NULL),(110,'hap.new','en_GB','New',1,-1,-1,'2016-08-22 20:26:38',-1,-1,'2016-08-22 20:26:38',NULL,NULL,NULL,NULL,NULL,NULL,NULL,NULL,NULL,NULL,NULL,NULL,NULL,NULL,NULL,NULL,NULL),(111,'hap.delete','zh_CN','删除',1,-1,-1,'2016-08-22 20:26:38',-1,-1,'2016-08-22 20:26:38',NULL,NULL,NULL,NULL,NULL,NULL,NULL,NULL,NULL,NULL,NULL,NULL,NULL,NULL,NULL,NULL,NULL),(112,'hap.delete','en_GB','Delete',1,-1,-1,'2016-08-22 20:26:38',-1,-1,'2016-08-22 20:26:38',NULL,NULL,NULL,NULL,NULL,NULL,NULL,NULL,NULL,NULL,NULL,NULL,NULL,NULL,NULL,NULL,NULL),(113,'hap.save','zh_CN','保存',1,-1,-1,'2016-08-22 20:26:38',-1,-1,'2016-08-22 20:26:38',NULL,NULL,NULL,NULL,NULL,NULL,NULL,NULL,NULL,NULL,NULL,NULL,NULL,NULL,NULL,NULL,NULL),(114,'hap.save','en_GB','Save',1,-1,-1,'2016-08-22 20:26:38',-1,-1,'2016-08-22 20:26:38',NULL,NULL,NULL,NULL,NULL,NULL,NULL,NULL,NULL,NULL,NULL,NULL,NULL,NULL,NULL,NULL,NULL),(115,'hap.reset','zh_CN','重置',1,-1,-1,'2016-08-22 20:26:38',-1,-1,'2016-08-22 20:26:38',NULL,NULL,NULL,NULL,NULL,NULL,NULL,NULL,NULL,NULL,NULL,NULL,NULL,NULL,NULL,NULL,NULL),(116,'hap.reset','en_GB','Reset',1,-1,-1,'2016-08-22 20:26:38',-1,-1,'2016-08-22 20:26:38',NULL,NULL,NULL,NULL,NULL,NULL,NULL,NULL,NULL,NULL,NULL,NULL,NULL,NULL,NULL,NULL,NULL),(117,'hap.edit','zh_CN','编辑',1,-1,-1,'2016-08-22 20:26:38',-1,-1,'2016-08-22 20:26:38',NULL,NULL,NULL,NULL,NULL,NULL,NULL,NULL,NULL,NULL,NULL,NULL,NULL,NULL,NULL,NULL,NULL),(118,'hap.edit','en_GB','Edit',1,-1,-1,'2016-08-22 20:26:38',-1,-1,'2016-08-22 20:26:38',NULL,NULL,NULL,NULL,NULL,NULL,NULL,NULL,NULL,NULL,NULL,NULL,NULL,NULL,NULL,NULL,NULL),(119,'hap.prompt','zh_CN','提示',1,-1,-1,'2016-08-22 20:26:38',-1,-1,'2016-08-22 20:26:38',NULL,NULL,NULL,NULL,NULL,NULL,NULL,NULL,NULL,NULL,NULL,NULL,NULL,NULL,NULL,NULL,NULL),(120,'hap.prompt','en_GB','Prompt',1,-1,-1,'2016-08-22 20:26:38',-1,-1,'2016-08-22 20:26:38',NULL,NULL,NULL,NULL,NULL,NULL,NULL,NULL,NULL,NULL,NULL,NULL,NULL,NULL,NULL,NULL,NULL),(121,'hap.error','zh_CN','错误',1,-1,-1,'2016-08-22 20:26:38',-1,-1,'2016-08-22 20:26:38',NULL,NULL,NULL,NULL,NULL,NULL,NULL,NULL,NULL,NULL,NULL,NULL,NULL,NULL,NULL,NULL,NULL),(122,'hap.error','en_GB','Error',1,-1,-1,'2016-08-22 20:26:38',-1,-1,'2016-08-22 20:26:38',NULL,NULL,NULL,NULL,NULL,NULL,NULL,NULL,NULL,NULL,NULL,NULL,NULL,NULL,NULL,NULL,NULL),(123,'hap.warning','zh_CN','警告',1,-1,-1,'2016-08-22 20:26:38',-1,-1,'2016-08-22 20:26:38',NULL,NULL,NULL,NULL,NULL,NULL,NULL,NULL,NULL,NULL,NULL,NULL,NULL,NULL,NULL,NULL,NULL),(124,'hap.warning','en_GB','Warning',1,-1,-1,'2016-08-22 20:26:38',-1,-1,'2016-08-22 20:26:38',NULL,NULL,NULL,NULL,NULL,NULL,NULL,NULL,NULL,NULL,NULL,NULL,NULL,NULL,NULL,NULL,NULL),(125,'hap.description','zh_CN','描述',1,-1,-1,'2016-08-22 20:26:38',-1,-1,'2016-08-22 20:26:38',NULL,NULL,NULL,NULL,NULL,NULL,NULL,NULL,NULL,NULL,NULL,NULL,NULL,NULL,NULL,NULL,NULL),(126,'hap.description','en_GB','Description',1,-1,-1,'2016-08-22 20:26:38',-1,-1,'2016-08-22 20:26:38',NULL,NULL,NULL,NULL,NULL,NULL,NULL,NULL,NULL,NULL,NULL,NULL,NULL,NULL,NULL,NULL,NULL),(127,'hap.validation.notempty','zh_CN','{0}不能为空！',1,-1,-1,'2016-08-22 20:26:38',-1,-1,'2016-08-22 20:26:38',NULL,NULL,NULL,NULL,NULL,NULL,NULL,NULL,NULL,NULL,NULL,NULL,NULL,NULL,NULL,NULL,NULL),(128,'hap.validation.notempty','en_GB','{0} can not be empty!',1,-1,-1,'2016-08-22 20:26:38',-1,-1,'2016-08-22 20:26:38',NULL,NULL,NULL,NULL,NULL,NULL,NULL,NULL,NULL,NULL,NULL,NULL,NULL,NULL,NULL,NULL,NULL),(129,'hap.validation.notnull','zh_CN','{0}不能为空！',1,-1,-1,'2016-08-22 20:26:38',-1,-1,'2016-08-22 20:26:38',NULL,NULL,NULL,NULL,NULL,NULL,NULL,NULL,NULL,NULL,NULL,NULL,NULL,NULL,NULL,NULL,NULL),(130,'hap.validation.notnull','en_GB','{0} can not be null!',1,-1,-1,'2016-08-22 20:26:38',-1,-1,'2016-08-22 20:26:38',NULL,NULL,NULL,NULL,NULL,NULL,NULL,NULL,NULL,NULL,NULL,NULL,NULL,NULL,NULL,NULL,NULL),(131,'hap.validation.email','zh_CN','{0}不是有效的邮件地址。',1,-1,-1,'2016-08-22 20:26:38',-1,-1,'2016-08-22 20:26:38',NULL,NULL,NULL,NULL,NULL,NULL,NULL,NULL,NULL,NULL,NULL,NULL,NULL,NULL,NULL,NULL,NULL),(132,'hap.validation.email','en_GB','{0} is not a email address.',1,-1,-1,'2016-08-22 20:26:38',-1,-1,'2016-08-22 20:26:38',NULL,NULL,NULL,NULL,NULL,NULL,NULL,NULL,NULL,NULL,NULL,NULL,NULL,NULL,NULL,NULL,NULL),(133,'hap.submit','zh_CN','提交',1,-1,-1,'2016-08-22 20:26:38',-1,-1,'2016-08-22 20:26:38',NULL,NULL,NULL,NULL,NULL,NULL,NULL,NULL,NULL,NULL,NULL,NULL,NULL,NULL,NULL,NULL,NULL),(134,'hap.submit','en_GB','submit',1,-1,-1,'2016-08-22 20:26:38',-1,-1,'2016-08-22 20:26:38',NULL,NULL,NULL,NULL,NULL,NULL,NULL,NULL,NULL,NULL,NULL,NULL,NULL,NULL,NULL,NULL,NULL),(135,'hap.logout','zh_CN','退出',1,-1,-1,'2016-08-22 20:26:38',-1,-1,'2016-08-22 20:26:38',NULL,NULL,NULL,NULL,NULL,NULL,NULL,NULL,NULL,NULL,NULL,NULL,NULL,NULL,NULL,NULL,NULL),(136,'hap.logout','en_GB','Logout',1,-1,-1,'2016-08-22 20:26:38',-1,-1,'2016-08-22 20:26:38',NULL,NULL,NULL,NULL,NULL,NULL,NULL,NULL,NULL,NULL,NULL,NULL,NULL,NULL,NULL,NULL,NULL),(137,'hap.preferences','zh_CN','首选项',1,-1,-1,'2016-08-22 20:26:38',-1,-1,'2016-08-22 20:26:38',NULL,NULL,NULL,NULL,NULL,NULL,NULL,NULL,NULL,NULL,NULL,NULL,NULL,NULL,NULL,NULL,NULL),(138,'hap.preferences','en_GB','Preference',1,-1,-1,'2016-08-22 20:26:38',-1,-1,'2016-08-22 20:26:38',NULL,NULL,NULL,NULL,NULL,NULL,NULL,NULL,NULL,NULL,NULL,NULL,NULL,NULL,NULL,NULL,NULL),(141,'hap.ok','zh_CN','确定',1,-1,-1,'2016-08-22 20:26:38',-1,-1,'2016-08-22 20:26:38',NULL,NULL,NULL,NULL,NULL,NULL,NULL,NULL,NULL,NULL,NULL,NULL,NULL,NULL,NULL,NULL,NULL),(142,'hap.ok','en_GB','OK',1,-1,-1,'2016-08-22 20:26:38',-1,-1,'2016-08-22 20:26:38',NULL,NULL,NULL,NULL,NULL,NULL,NULL,NULL,NULL,NULL,NULL,NULL,NULL,NULL,NULL,NULL,NULL),(161,'lov.placeholder','zh_CN','提示',1,-1,-1,'2016-08-22 20:26:38',-1,-1,'2016-08-22 20:26:38',NULL,NULL,NULL,NULL,NULL,NULL,NULL,NULL,NULL,NULL,NULL,NULL,NULL,NULL,NULL,NULL,NULL),(162,'lov.placeholder','en_GB','tips',1,-1,-1,'2016-08-22 20:26:38',-1,-1,'2016-08-22 20:26:38',NULL,NULL,NULL,NULL,NULL,NULL,NULL,NULL,NULL,NULL,NULL,NULL,NULL,NULL,NULL,NULL,NULL),(163,'lov.dropdown','zh_CN','自动完成',1,-1,-1,'2016-08-22 20:26:38',-1,-1,'2016-08-22 20:26:38',NULL,NULL,NULL,NULL,NULL,NULL,NULL,NULL,NULL,NULL,NULL,NULL,NULL,NULL,NULL,NULL,NULL),(164,'lov.dropdown','en_GB','autocomplete',1,-1,-1,'2016-08-22 20:26:38',-1,-1,'2016-08-22 20:26:38',NULL,NULL,NULL,NULL,NULL,NULL,NULL,NULL,NULL,NULL,NULL,NULL,NULL,NULL,NULL,NULL,NULL),(165,'lov.code','zh_CN','代码',1,-1,-1,'2016-08-22 20:26:38',-1,-1,'2016-08-22 20:26:38',NULL,NULL,NULL,NULL,NULL,NULL,NULL,NULL,NULL,NULL,NULL,NULL,NULL,NULL,NULL,NULL,NULL),(166,'lov.code','en_GB','Code',1,-1,-1,'2016-08-22 20:26:38',-1,-1,'2016-08-22 20:26:38',NULL,NULL,NULL,NULL,NULL,NULL,NULL,NULL,NULL,NULL,NULL,NULL,NULL,NULL,NULL,NULL,NULL),(167,'lov.description','en_GB','Description',1,-1,-1,'2016-08-22 20:26:38',-1,-1,'2016-08-22 20:26:38',NULL,NULL,NULL,NULL,NULL,NULL,NULL,NULL,NULL,NULL,NULL,NULL,NULL,NULL,NULL,NULL,NULL),(168,'lov.description','zh_CN','描述',1,-1,-1,'2016-08-22 20:26:38',-1,-1,'2016-08-22 20:26:38',NULL,NULL,NULL,NULL,NULL,NULL,NULL,NULL,NULL,NULL,NULL,NULL,NULL,NULL,NULL,NULL,NULL),(169,'lov.height','zh_CN','高度',1,-1,-1,'2016-08-22 20:26:38',-1,-1,'2016-08-22 20:26:38',NULL,NULL,NULL,NULL,NULL,NULL,NULL,NULL,NULL,NULL,NULL,NULL,NULL,NULL,NULL,NULL,NULL),(170,'lov.height','en_GB','Height',1,-1,-1,'2016-08-22 20:26:38',-1,-1,'2016-08-22 20:26:38',NULL,NULL,NULL,NULL,NULL,NULL,NULL,NULL,NULL,NULL,NULL,NULL,NULL,NULL,NULL,NULL,NULL),(171,'lov.lovid','zh_CN','Lov Id',1,-1,-1,'2016-08-22 20:26:38',-1,-1,'2016-08-22 20:26:38',NULL,NULL,NULL,NULL,NULL,NULL,NULL,NULL,NULL,NULL,NULL,NULL,NULL,NULL,NULL,NULL,NULL),(172,'lov.lovid','en_GB','Lov Id',1,-1,-1,'2016-08-22 20:26:38',-1,-1,'2016-08-22 20:26:38',NULL,NULL,NULL,NULL,NULL,NULL,NULL,NULL,NULL,NULL,NULL,NULL,NULL,NULL,NULL,NULL,NULL),(173,'lov.lovitems','zh_CN','Lov Items',1,-1,-1,'2016-08-22 20:26:38',-1,-1,'2016-08-22 20:26:38',NULL,NULL,NULL,NULL,NULL,NULL,NULL,NULL,NULL,NULL,NULL,NULL,NULL,NULL,NULL,NULL,NULL),(174,'lov.lovitems','en_GB','Lov Items',1,-1,-1,'2016-08-22 20:26:38',-1,-1,'2016-08-22 20:26:38',NULL,NULL,NULL,NULL,NULL,NULL,NULL,NULL,NULL,NULL,NULL,NULL,NULL,NULL,NULL,NULL,NULL),(175,'lov.sqlid','zh_CN','Sql Id',1,-1,-1,'2016-08-22 20:26:38',-1,-1,'2016-08-22 20:26:38',NULL,NULL,NULL,NULL,NULL,NULL,NULL,NULL,NULL,NULL,NULL,NULL,NULL,NULL,NULL,NULL,NULL),(176,'lov.sqlid','en_GB','Sql Id',1,-1,-1,'2016-08-22 20:26:38',-1,-1,'2016-08-22 20:26:38',NULL,NULL,NULL,NULL,NULL,NULL,NULL,NULL,NULL,NULL,NULL,NULL,NULL,NULL,NULL,NULL,NULL),(177,'lov.textfield','zh_CN','TextField',1,-1,-1,'2016-08-22 20:26:38',-1,-1,'2016-08-22 20:26:38',NULL,NULL,NULL,NULL,NULL,NULL,NULL,NULL,NULL,NULL,NULL,NULL,NULL,NULL,NULL,NULL,NULL),(178,'lov.textfield','en_GB','TextField',1,-1,-1,'2016-08-22 20:26:38',-1,-1,'2016-08-22 20:26:38',NULL,NULL,NULL,NULL,NULL,NULL,NULL,NULL,NULL,NULL,NULL,NULL,NULL,NULL,NULL,NULL,NULL),(179,'lov.title','zh_CN','标题',1,-1,-1,'2016-08-22 20:26:38',-1,-1,'2016-08-22 20:26:38',NULL,NULL,NULL,NULL,NULL,NULL,NULL,NULL,NULL,NULL,NULL,NULL,NULL,NULL,NULL,NULL,NULL),(180,'lov.title','en_GB','Title',1,-1,-1,'2016-08-22 20:26:38',-1,-1,'2016-08-22 20:26:38',NULL,NULL,NULL,NULL,NULL,NULL,NULL,NULL,NULL,NULL,NULL,NULL,NULL,NULL,NULL,NULL,NULL),(181,'lov.valuefield','zh_CN','ValueField',1,-1,-1,'2016-08-22 20:26:38',-1,-1,'2016-08-22 20:26:38',NULL,NULL,NULL,NULL,NULL,NULL,NULL,NULL,NULL,NULL,NULL,NULL,NULL,NULL,NULL,NULL,NULL),(182,'lov.valuefield','en_GB','ValueField',1,-1,-1,'2016-08-22 20:26:38',-1,-1,'2016-08-22 20:26:38',NULL,NULL,NULL,NULL,NULL,NULL,NULL,NULL,NULL,NULL,NULL,NULL,NULL,NULL,NULL,NULL,NULL),(183,'lov.width','zh_CN','宽度',1,-1,-1,'2016-08-22 20:26:38',-1,-1,'2016-08-22 20:26:38',NULL,NULL,NULL,NULL,NULL,NULL,NULL,NULL,NULL,NULL,NULL,NULL,NULL,NULL,NULL,NULL,NULL),(184,'lov.width','en_GB','Width',1,-1,-1,'2016-08-22 20:26:38',-1,-1,'2016-08-22 20:26:38',NULL,NULL,NULL,NULL,NULL,NULL,NULL,NULL,NULL,NULL,NULL,NULL,NULL,NULL,NULL,NULL,NULL),(185,'lovitem.display','zh_CN','显示',1,-1,-1,'2016-08-22 20:26:38',-1,-1,'2016-08-22 20:26:38',NULL,NULL,NULL,NULL,NULL,NULL,NULL,NULL,NULL,NULL,NULL,NULL,NULL,NULL,NULL,NULL,NULL),(186,'lovitem.display','en_GB','Display',1,-1,-1,'2016-08-22 20:26:38',-1,-1,'2016-08-22 20:26:38',NULL,NULL,NULL,NULL,NULL,NULL,NULL,NULL,NULL,NULL,NULL,NULL,NULL,NULL,NULL,NULL,NULL),(187,'lovitem.name','zh_CN','字段名',1,-1,-1,'2016-08-22 20:26:38',-1,-1,'2016-08-22 20:26:38',NULL,NULL,NULL,NULL,NULL,NULL,NULL,NULL,NULL,NULL,NULL,NULL,NULL,NULL,NULL,NULL,NULL),(188,'lovitem.name','en_GB','Name',1,-1,-1,'2016-08-22 20:26:38',-1,-1,'2016-08-22 20:26:38',NULL,NULL,NULL,NULL,NULL,NULL,NULL,NULL,NULL,NULL,NULL,NULL,NULL,NULL,NULL,NULL,NULL),(189,'lovitem.gridfieldwidth','zh_CN','列宽度',1,-1,-1,'2016-08-22 20:26:38',-1,-1,'2016-08-22 20:26:38',NULL,NULL,NULL,NULL,NULL,NULL,NULL,NULL,NULL,NULL,NULL,NULL,NULL,NULL,NULL,NULL,NULL),(190,'lovitem.gridfieldwidth','en_GB','ColumnWidth',1,-1,-1,'2016-08-22 20:26:38',-1,-1,'2016-08-22 20:26:38',NULL,NULL,NULL,NULL,NULL,NULL,NULL,NULL,NULL,NULL,NULL,NULL,NULL,NULL,NULL,NULL,NULL),(191,'lovitem.conditionfield','zh_CN','查询字段',1,-1,-1,'2016-08-22 20:26:38',-1,-1,'2016-08-22 20:26:38',NULL,NULL,NULL,NULL,NULL,NULL,NULL,NULL,NULL,NULL,NULL,NULL,NULL,NULL,NULL,NULL,NULL),(192,'lovitem.conditionfield','en_GB','Conditions',1,-1,-1,'2016-08-22 20:26:38',-1,-1,'2016-08-22 20:26:38',NULL,NULL,NULL,NULL,NULL,NULL,NULL,NULL,NULL,NULL,NULL,NULL,NULL,NULL,NULL,NULL,NULL),(193,'lovitem.newline','zh_CN','新行',1,-1,-1,'2016-08-22 20:26:38',-1,-1,'2016-08-22 20:26:38',NULL,NULL,NULL,NULL,NULL,NULL,NULL,NULL,NULL,NULL,NULL,NULL,NULL,NULL,NULL,NULL,NULL),(194,'lovitem.newline','en_GB','Newline',1,-1,-1,'2016-08-22 20:26:38',-1,-1,'2016-08-22 20:26:38',NULL,NULL,NULL,NULL,NULL,NULL,NULL,NULL,NULL,NULL,NULL,NULL,NULL,NULL,NULL,NULL,NULL),(195,'lovitem.type','zh_CN','查询配置',1,-1,-1,'2016-08-22 20:26:38',-1,-1,'2016-08-22 20:26:38',NULL,NULL,NULL,NULL,NULL,NULL,NULL,NULL,NULL,NULL,NULL,NULL,NULL,NULL,NULL,NULL,NULL),(196,'lovitem.type','en_GB','Type',1,-1,-1,'2016-08-22 20:26:38',-1,-1,'2016-08-22 20:26:38',NULL,NULL,NULL,NULL,NULL,NULL,NULL,NULL,NULL,NULL,NULL,NULL,NULL,NULL,NULL,NULL,NULL),(197,'lovitem.opts','zh_CN','参数',1,-1,-1,'2016-08-22 20:26:38',-1,-1,'2016-08-22 20:26:38',NULL,NULL,NULL,NULL,NULL,NULL,NULL,NULL,NULL,NULL,NULL,NULL,NULL,NULL,NULL,NULL,NULL),(198,'lovitem.opts','en_GB','Opts',1,-1,-1,'2016-08-22 20:26:38',-1,-1,'2016-08-22 20:26:38',NULL,NULL,NULL,NULL,NULL,NULL,NULL,NULL,NULL,NULL,NULL,NULL,NULL,NULL,NULL,NULL,NULL),(199,'lovitem.dropdown','zh_CN','Dropdown',1,-1,-1,'2016-08-22 20:26:38',-1,-1,'2016-08-22 20:26:38',NULL,NULL,NULL,NULL,NULL,NULL,NULL,NULL,NULL,NULL,NULL,NULL,NULL,NULL,NULL,NULL,NULL),(200,'lovitem.dropdown','en_GB','Dropdown',1,-1,-1,'2016-08-22 20:26:38',-1,-1,'2016-08-22 20:26:38',NULL,NULL,NULL,NULL,NULL,NULL,NULL,NULL,NULL,NULL,NULL,NULL,NULL,NULL,NULL,NULL,NULL),(201,'lovitem.gridcolumn','zh_CN','表格列',1,-1,-1,'2016-08-22 20:26:38',-1,-1,'2016-08-22 20:26:38',NULL,NULL,NULL,NULL,NULL,NULL,NULL,NULL,NULL,NULL,NULL,NULL,NULL,NULL,NULL,NULL,NULL),(202,'lovitem.gridcolumn','en_GB','GridColumn',1,-1,-1,'2016-08-22 20:26:38',-1,-1,'2016-08-22 20:26:38',NULL,NULL,NULL,NULL,NULL,NULL,NULL,NULL,NULL,NULL,NULL,NULL,NULL,NULL,NULL,NULL,NULL),(203,'lov.delayload','zh_CN','延迟加载',1,-1,-1,'2016-08-22 20:26:38',-1,-1,'2016-08-22 20:26:38',NULL,NULL,NULL,NULL,NULL,NULL,NULL,NULL,NULL,NULL,NULL,NULL,NULL,NULL,NULL,NULL,NULL),(204,'lov.delayload','en_GB','DelayLoad',1,-1,-1,'2016-08-22 20:26:38',-1,-1,'2016-08-22 20:26:38',NULL,NULL,NULL,NULL,NULL,NULL,NULL,NULL,NULL,NULL,NULL,NULL,NULL,NULL,NULL,NULL,NULL),(205,'lov.needqueryparam','zh_CN','查询条件必输',1,-1,-1,'2016-08-22 20:26:38',-1,-1,'2016-08-22 20:26:38',NULL,NULL,NULL,NULL,NULL,NULL,NULL,NULL,NULL,NULL,NULL,NULL,NULL,NULL,NULL,NULL,NULL),(206,'lov.needqueryparam','en_GB','NeedQueryParam',1,-1,-1,'2016-08-22 20:26:38',-1,-1,'2016-08-22 20:26:38',NULL,NULL,NULL,NULL,NULL,NULL,NULL,NULL,NULL,NULL,NULL,NULL,NULL,NULL,NULL,NULL,NULL),(207,'lovitem.conditionfieldwidth','zh_CN','查询字段宽度',1,-1,-1,'2016-08-22 20:26:38',-1,-1,'2016-08-22 20:26:38',NULL,NULL,NULL,NULL,NULL,NULL,NULL,NULL,NULL,NULL,NULL,NULL,NULL,NULL,NULL,NULL,NULL),(208,'lovitem.conditionfieldwidth','en_GB','Width',1,-1,-1,'2016-08-22 20:26:38',-1,-1,'2016-08-22 20:26:38',NULL,NULL,NULL,NULL,NULL,NULL,NULL,NULL,NULL,NULL,NULL,NULL,NULL,NULL,NULL,NULL,NULL),(209,'lovitem.conditionfieldsequence','zh_CN','查询字段序号',1,-1,-1,'2016-08-22 20:26:38',-1,-1,'2016-08-22 20:26:38',NULL,NULL,NULL,NULL,NULL,NULL,NULL,NULL,NULL,NULL,NULL,NULL,NULL,NULL,NULL,NULL,NULL),(210,'lovitem.conditionfieldsequence','en_GB','Sequence',1,-1,-1,'2016-08-22 20:26:38',-1,-1,'2016-08-22 20:26:38',NULL,NULL,NULL,NULL,NULL,NULL,NULL,NULL,NULL,NULL,NULL,NULL,NULL,NULL,NULL,NULL,NULL),(211,'lovitem.conditionfieldname','zh_CN','查询字段名',1,-1,-1,'2016-08-22 20:26:38',-1,-1,'2016-08-22 20:26:38',NULL,NULL,NULL,NULL,NULL,NULL,NULL,NULL,NULL,NULL,NULL,NULL,NULL,NULL,NULL,NULL,NULL),(212,'lovitem.conditionfieldname','en_GB','Name',1,-1,-1,'2016-08-22 20:26:38',-1,-1,'2016-08-22 20:26:38',NULL,NULL,NULL,NULL,NULL,NULL,NULL,NULL,NULL,NULL,NULL,NULL,NULL,NULL,NULL,NULL,NULL),(213,'lovitem.conditionfieldselectcode','zh_CN','快速编码',1,-1,-1,'2016-08-22 20:26:38',-1,-1,'2016-08-22 20:26:38',NULL,NULL,NULL,NULL,NULL,NULL,NULL,NULL,NULL,NULL,NULL,NULL,NULL,NULL,NULL,NULL,NULL),(214,'lovitem.conditionfieldselectcode','en_GB','Code',1,-1,-1,'2016-08-22 20:26:38',-1,-1,'2016-08-22 20:26:38',NULL,NULL,NULL,NULL,NULL,NULL,NULL,NULL,NULL,NULL,NULL,NULL,NULL,NULL,NULL,NULL,NULL),(215,'lovitem.conditionfieldlovcode','zh_CN','通用lov编码',1,-1,-1,'2016-08-22 20:26:38',-1,-1,'2016-08-22 20:26:38',NULL,NULL,NULL,NULL,NULL,NULL,NULL,NULL,NULL,NULL,NULL,NULL,NULL,NULL,NULL,NULL,NULL),(216,'lovitem.conditionfieldlovcode','en_GB','LovCode',1,-1,-1,'2016-08-22 20:26:38',-1,-1,'2016-08-22 20:26:38',NULL,NULL,NULL,NULL,NULL,NULL,NULL,NULL,NULL,NULL,NULL,NULL,NULL,NULL,NULL,NULL,NULL),(217,'lovitem.gridfieldsequence','zh_CN','列序号',1,-1,-1,'2016-08-22 20:26:38',-1,-1,'2016-08-22 20:26:38',NULL,NULL,NULL,NULL,NULL,NULL,NULL,NULL,NULL,NULL,NULL,NULL,NULL,NULL,NULL,NULL,NULL),(218,'lovitem.gridfieldsequence','en_GB','Sequence',1,-1,-1,'2016-08-22 20:26:38',-1,-1,'2016-08-22 20:26:38',NULL,NULL,NULL,NULL,NULL,NULL,NULL,NULL,NULL,NULL,NULL,NULL,NULL,NULL,NULL,NULL,NULL),(219,'lovitem.gridcolumnalign','zh_CN','列对齐方式',1,-1,-1,'2016-08-22 20:26:38',-1,-1,'2016-08-22 20:26:38',NULL,NULL,NULL,NULL,NULL,NULL,NULL,NULL,NULL,NULL,NULL,NULL,NULL,NULL,NULL,NULL,NULL),(220,'lovitem.gridcolumnalign','en_GB','Column Align',1,-1,-1,'2016-08-22 20:26:38',-1,-1,'2016-08-22 20:26:38',NULL,NULL,NULL,NULL,NULL,NULL,NULL,NULL,NULL,NULL,NULL,NULL,NULL,NULL,NULL,NULL,NULL),(221,'lov.autocompletefield','zh_CN','自动完成显示列',1,-1,-1,'2016-08-22 20:26:38',-1,-1,'2016-08-22 20:26:38',NULL,NULL,NULL,NULL,NULL,NULL,NULL,NULL,NULL,NULL,NULL,NULL,NULL,NULL,NULL,NULL,NULL),(222,'lov.autocompletefield','en_GB','AutoCompleteColumn',1,-1,-1,'2016-08-22 20:26:38',-1,-1,'2016-08-22 20:26:38',NULL,NULL,NULL,NULL,NULL,NULL,NULL,NULL,NULL,NULL,NULL,NULL,NULL,NULL,NULL,NULL,NULL),(223,'lov.canpopup','zh_CN','弹出选择框',1,-1,-1,'2016-08-22 20:26:38',-1,-1,'2016-08-22 20:26:38',NULL,NULL,NULL,NULL,NULL,NULL,NULL,NULL,NULL,NULL,NULL,NULL,NULL,NULL,NULL,NULL,NULL),(224,'lov.canpopup','en_GB','popup',1,-1,-1,'2016-08-22 20:26:38',-1,-1,'2016-08-22 20:26:38',NULL,NULL,NULL,NULL,NULL,NULL,NULL,NULL,NULL,NULL,NULL,NULL,NULL,NULL,NULL,NULL,NULL),(225,'lov.editable','zh_CN','可编辑',1,-1,-1,'2016-08-22 20:26:38',-1,-1,'2016-08-22 20:26:38',NULL,NULL,NULL,NULL,NULL,NULL,NULL,NULL,NULL,NULL,NULL,NULL,NULL,NULL,NULL,NULL,NULL),(226,'lov.editable','en_GB','editable',1,-1,-1,'2016-08-22 20:26:38',-1,-1,'2016-08-22 20:26:38',NULL,NULL,NULL,NULL,NULL,NULL,NULL,NULL,NULL,NULL,NULL,NULL,NULL,NULL,NULL,NULL,NULL),(227,'lovitem.field_type','zh_CN','字段类型',1,-1,-1,'2016-08-22 20:26:38',-1,-1,'2016-08-22 20:26:38',NULL,NULL,NULL,NULL,NULL,NULL,NULL,NULL,NULL,NULL,NULL,NULL,NULL,NULL,NULL,NULL,NULL),(228,'lovitem.field_type','en_GB','field type',1,-1,-1,'2016-08-22 20:26:38',-1,-1,'2016-08-22 20:26:38',NULL,NULL,NULL,NULL,NULL,NULL,NULL,NULL,NULL,NULL,NULL,NULL,NULL,NULL,NULL,NULL,NULL),(229,'lovitem.ds_type','zh_CN','数据来源',1,-1,-1,'2016-08-22 20:26:38',-1,-1,'2016-08-22 20:26:38',NULL,NULL,NULL,NULL,NULL,NULL,NULL,NULL,NULL,NULL,NULL,NULL,NULL,NULL,NULL,NULL,NULL),(230,'lovitem.ds_type','en_GB','数据来源',1,-1,-1,'2016-08-22 20:26:38',-1,-1,'2016-08-22 20:26:38',NULL,NULL,NULL,NULL,NULL,NULL,NULL,NULL,NULL,NULL,NULL,NULL,NULL,NULL,NULL,NULL,NULL),(231,'lovitem.ds_type.url','zh_CN','URL',1,-1,-1,'2016-08-22 20:26:38',-1,-1,'2016-08-22 20:26:38',NULL,NULL,NULL,NULL,NULL,NULL,NULL,NULL,NULL,NULL,NULL,NULL,NULL,NULL,NULL,NULL,NULL),(232,'lovitem.ds_type.url','en_GB','URL',1,-1,-1,'2016-08-22 20:26:38',-1,-1,'2016-08-22 20:26:38',NULL,NULL,NULL,NULL,NULL,NULL,NULL,NULL,NULL,NULL,NULL,NULL,NULL,NULL,NULL,NULL,NULL),(233,'lovitem.ds_type.code','zh_CN','快速编码',1,-1,-1,'2016-08-22 20:26:38',-1,-1,'2016-08-22 20:26:38',NULL,NULL,NULL,NULL,NULL,NULL,NULL,NULL,NULL,NULL,NULL,NULL,NULL,NULL,NULL,NULL,NULL),(234,'lovitem.ds_type.code','en_GB','Sys Code',1,-1,-1,'2016-08-22 20:26:38',-1,-1,'2016-08-22 20:26:38',NULL,NULL,NULL,NULL,NULL,NULL,NULL,NULL,NULL,NULL,NULL,NULL,NULL,NULL,NULL,NULL,NULL),(235,'user.username','zh_CN','用户名',1,-1,-1,'2016-08-22 20:26:38',-1,-1,'2016-08-22 20:26:38',NULL,NULL,NULL,NULL,NULL,NULL,NULL,NULL,NULL,NULL,NULL,NULL,NULL,NULL,NULL,NULL,NULL),(236,'user.username','en_GB','User Name',1,-1,-1,'2016-08-22 20:26:38',-1,-1,'2016-08-22 20:26:38',NULL,NULL,NULL,NULL,NULL,NULL,NULL,NULL,NULL,NULL,NULL,NULL,NULL,NULL,NULL,NULL,NULL),(237,'user.password','zh_CN','密码',1,-1,-1,'2016-08-22 20:26:38',-1,-1,'2016-08-22 20:26:38',NULL,NULL,NULL,NULL,NULL,NULL,NULL,NULL,NULL,NULL,NULL,NULL,NULL,NULL,NULL,NULL,NULL),(238,'user.password','en_GB','Password',1,-1,-1,'2016-08-22 20:26:38',-1,-1,'2016-08-22 20:26:38',NULL,NULL,NULL,NULL,NULL,NULL,NULL,NULL,NULL,NULL,NULL,NULL,NULL,NULL,NULL,NULL,NULL),(239,'user.email','zh_CN','邮件',1,-1,-1,'2016-08-22 20:26:38',-1,-1,'2016-08-22 20:26:38',NULL,NULL,NULL,NULL,NULL,NULL,NULL,NULL,NULL,NULL,NULL,NULL,NULL,NULL,NULL,NULL,NULL),(240,'user.email','en_GB','Email',1,-1,-1,'2016-08-22 20:26:38',-1,-1,'2016-08-22 20:26:38',NULL,NULL,NULL,NULL,NULL,NULL,NULL,NULL,NULL,NULL,NULL,NULL,NULL,NULL,NULL,NULL,NULL),(241,'user.phone','zh_CN','电话',1,-1,-1,'2016-08-22 20:26:38',-1,-1,'2016-08-22 20:26:38',NULL,NULL,NULL,NULL,NULL,NULL,NULL,NULL,NULL,NULL,NULL,NULL,NULL,NULL,NULL,NULL,NULL),(242,'user.phone','en_GB','Phone',1,-1,-1,'2016-08-22 20:26:38',-1,-1,'2016-08-22 20:26:38',NULL,NULL,NULL,NULL,NULL,NULL,NULL,NULL,NULL,NULL,NULL,NULL,NULL,NULL,NULL,NULL,NULL),(243,'role.rolecode','zh_CN','角色代码',1,-1,-1,'2016-08-22 20:26:38',-1,-1,'2016-08-22 20:26:38',NULL,NULL,NULL,NULL,NULL,NULL,NULL,NULL,NULL,NULL,NULL,NULL,NULL,NULL,NULL,NULL,NULL),(244,'role.rolecode','en_GB','Role Code',1,-1,-1,'2016-08-22 20:26:38',-1,-1,'2016-08-22 20:26:38',NULL,NULL,NULL,NULL,NULL,NULL,NULL,NULL,NULL,NULL,NULL,NULL,NULL,NULL,NULL,NULL,NULL),(245,'role.rolename','zh_CN','角色名称',1,-1,-1,'2016-08-22 20:26:38',-1,-1,'2016-08-22 20:26:38',NULL,NULL,NULL,NULL,NULL,NULL,NULL,NULL,NULL,NULL,NULL,NULL,NULL,NULL,NULL,NULL,NULL),(246,'role.rolename','en_GB','Role Name',1,-1,-1,'2016-08-22 20:26:38',-1,-1,'2016-08-22 20:26:38',NULL,NULL,NULL,NULL,NULL,NULL,NULL,NULL,NULL,NULL,NULL,NULL,NULL,NULL,NULL,NULL,NULL),(247,'role.roledescription','zh_CN','角色描述',1,-1,-1,'2016-08-22 20:26:38',-1,-1,'2016-08-22 20:26:38',NULL,NULL,NULL,NULL,NULL,NULL,NULL,NULL,NULL,NULL,NULL,NULL,NULL,NULL,NULL,NULL,NULL),(248,'role.roledescription','en_GB','Description',1,-1,-1,'2016-08-22 20:26:38',-1,-1,'2016-08-22 20:26:38',NULL,NULL,NULL,NULL,NULL,NULL,NULL,NULL,NULL,NULL,NULL,NULL,NULL,NULL,NULL,NULL,NULL),(249,'user.allocationrole','zh_CN','角色分配',1,-1,-1,'2016-08-22 20:26:38',-1,-1,'2016-08-22 20:26:38',NULL,NULL,NULL,NULL,NULL,NULL,NULL,NULL,NULL,NULL,NULL,NULL,NULL,NULL,NULL,NULL,NULL),(250,'user.allocationrole','en_GB','Role Allocate',1,-1,-1,'2016-08-22 20:26:38',-1,-1,'2016-08-22 20:26:38',NULL,NULL,NULL,NULL,NULL,NULL,NULL,NULL,NULL,NULL,NULL,NULL,NULL,NULL,NULL,NULL,NULL),(251,'code.code','zh_CN','代码',1,-1,-1,'2016-08-22 20:26:38',-1,-1,'2016-08-22 20:26:38',NULL,NULL,NULL,NULL,NULL,NULL,NULL,NULL,NULL,NULL,NULL,NULL,NULL,NULL,NULL,NULL,NULL),(252,'code.code','en_GB','Code',1,-1,-1,'2016-08-22 20:26:38',-1,-1,'2016-08-22 20:26:38',NULL,NULL,NULL,NULL,NULL,NULL,NULL,NULL,NULL,NULL,NULL,NULL,NULL,NULL,NULL,NULL,NULL),(253,'code.description','zh_CN','描述',1,-1,-1,'2016-08-22 20:26:38',-1,-1,'2016-08-22 20:26:38',NULL,NULL,NULL,NULL,NULL,NULL,NULL,NULL,NULL,NULL,NULL,NULL,NULL,NULL,NULL,NULL,NULL),(254,'code.description','en_GB','Description',1,-1,-1,'2016-08-22 20:26:38',-1,-1,'2016-08-22 20:26:38',NULL,NULL,NULL,NULL,NULL,NULL,NULL,NULL,NULL,NULL,NULL,NULL,NULL,NULL,NULL,NULL,NULL),(255,'hap.action','zh_CN','操作',1,-1,-1,'2016-08-22 20:26:38',-1,-1,'2016-08-22 20:26:38',NULL,NULL,NULL,NULL,NULL,NULL,NULL,NULL,NULL,NULL,NULL,NULL,NULL,NULL,NULL,NULL,NULL),(256,'hap.action','en_GB','Operation',1,-1,-1,'2016-08-22 20:26:38',-1,-1,'2016-08-22 20:26:38',NULL,NULL,NULL,NULL,NULL,NULL,NULL,NULL,NULL,NULL,NULL,NULL,NULL,NULL,NULL,NULL,NULL),(257,'codevalue.value','zh_CN','值',1,-1,-1,'2016-08-22 20:26:38',-1,-1,'2016-08-22 20:26:38',NULL,NULL,NULL,NULL,NULL,NULL,NULL,NULL,NULL,NULL,NULL,NULL,NULL,NULL,NULL,NULL,NULL),(258,'codevalue.value','en_GB','Value',1,-1,-1,'2016-08-22 20:26:38',-1,-1,'2016-08-22 20:26:38',NULL,NULL,NULL,NULL,NULL,NULL,NULL,NULL,NULL,NULL,NULL,NULL,NULL,NULL,NULL,NULL,NULL),(259,'codevalue.meaning','zh_CN','含义',1,-1,-1,'2016-08-22 20:26:38',-1,-1,'2016-08-22 20:26:38',NULL,NULL,NULL,NULL,NULL,NULL,NULL,NULL,NULL,NULL,NULL,NULL,NULL,NULL,NULL,NULL,NULL),(260,'codevalue.meaning','en_GB','Meaning',1,-1,-1,'2016-08-22 20:26:38',-1,-1,'2016-08-22 20:26:38',NULL,NULL,NULL,NULL,NULL,NULL,NULL,NULL,NULL,NULL,NULL,NULL,NULL,NULL,NULL,NULL,NULL),(261,'codevalue.description','zh_CN','描述',1,-1,-1,'2016-08-22 20:26:38',-1,-1,'2016-08-22 20:26:38',NULL,NULL,NULL,NULL,NULL,NULL,NULL,NULL,NULL,NULL,NULL,NULL,NULL,NULL,NULL,NULL,NULL),(262,'codevalue.description','en_GB','Description',1,-1,-1,'2016-08-22 20:26:38',-1,-1,'2016-08-22 20:26:38',NULL,NULL,NULL,NULL,NULL,NULL,NULL,NULL,NULL,NULL,NULL,NULL,NULL,NULL,NULL,NULL,NULL),(263,'profile.profilename','zh_CN','名称',1,-1,-1,'2016-08-22 20:26:38',-1,-1,'2016-08-22 20:26:38',NULL,NULL,NULL,NULL,NULL,NULL,NULL,NULL,NULL,NULL,NULL,NULL,NULL,NULL,NULL,NULL,NULL),(264,'profile.profilename','en_GB','Name',1,-1,-1,'2016-08-22 20:26:38',-1,-1,'2016-08-22 20:26:38',NULL,NULL,NULL,NULL,NULL,NULL,NULL,NULL,NULL,NULL,NULL,NULL,NULL,NULL,NULL,NULL,NULL),(265,'profile.description','zh_CN','描述',1,-1,-1,'2016-08-22 20:26:38',-1,-1,'2016-08-22 20:26:38',NULL,NULL,NULL,NULL,NULL,NULL,NULL,NULL,NULL,NULL,NULL,NULL,NULL,NULL,NULL,NULL,NULL),(266,'profile.description','en_GB','Description',1,-1,-1,'2016-08-22 20:26:38',-1,-1,'2016-08-22 20:26:38',NULL,NULL,NULL,NULL,NULL,NULL,NULL,NULL,NULL,NULL,NULL,NULL,NULL,NULL,NULL,NULL,NULL),(267,'language.langcode','zh_CN','语言代码',1,-1,-1,'2016-08-22 20:26:38',-1,-1,'2016-08-22 20:26:38',NULL,NULL,NULL,NULL,NULL,NULL,NULL,NULL,NULL,NULL,NULL,NULL,NULL,NULL,NULL,NULL,NULL),(268,'language.langcode','en_GB','Lang Code',1,-1,-1,'2016-08-22 20:26:38',-1,-1,'2016-08-22 20:26:38',NULL,NULL,NULL,NULL,NULL,NULL,NULL,NULL,NULL,NULL,NULL,NULL,NULL,NULL,NULL,NULL,NULL),(269,'language.baselang','zh_CN','基准语言',1,-1,-1,'2016-08-22 20:26:38',-1,-1,'2016-08-22 20:26:38',NULL,NULL,NULL,NULL,NULL,NULL,NULL,NULL,NULL,NULL,NULL,NULL,NULL,NULL,NULL,NULL,NULL),(270,'language.baselang','en_GB','Base Lang',1,-1,-1,'2016-08-22 20:26:38',-1,-1,'2016-08-22 20:26:38',NULL,NULL,NULL,NULL,NULL,NULL,NULL,NULL,NULL,NULL,NULL,NULL,NULL,NULL,NULL,NULL,NULL),(271,'language.description','zh_CN','描述',1,-1,-1,'2016-08-22 20:26:38',-1,-1,'2016-08-22 20:26:38',NULL,NULL,NULL,NULL,NULL,NULL,NULL,NULL,NULL,NULL,NULL,NULL,NULL,NULL,NULL,NULL,NULL),(272,'language.description','en_GB','Description',1,-1,-1,'2016-08-22 20:26:38',-1,-1,'2016-08-22 20:26:38',NULL,NULL,NULL,NULL,NULL,NULL,NULL,NULL,NULL,NULL,NULL,NULL,NULL,NULL,NULL,NULL,NULL),(273,'jobdetaildto.jobname','zh_CN','任务名称',1,-1,-1,'2016-08-22 20:26:38',-1,-1,'2016-08-22 20:26:38',NULL,NULL,NULL,NULL,NULL,NULL,NULL,NULL,NULL,NULL,NULL,NULL,NULL,NULL,NULL,NULL,NULL),(274,'jobdetaildto.jobname','en_GB','Job Name',1,-1,-1,'2016-08-22 20:26:38',-1,-1,'2016-08-22 20:26:38',NULL,NULL,NULL,NULL,NULL,NULL,NULL,NULL,NULL,NULL,NULL,NULL,NULL,NULL,NULL,NULL,NULL),(275,'jobdetaildto.jobgroup','zh_CN','任务组',1,-1,-1,'2016-08-22 20:26:38',-1,-1,'2016-08-22 20:26:38',NULL,NULL,NULL,NULL,NULL,NULL,NULL,NULL,NULL,NULL,NULL,NULL,NULL,NULL,NULL,NULL,NULL),(276,'jobdetaildto.jobgroup','en_GB','Job Group',1,-1,-1,'2016-08-22 20:26:38',-1,-1,'2016-08-22 20:26:38',NULL,NULL,NULL,NULL,NULL,NULL,NULL,NULL,NULL,NULL,NULL,NULL,NULL,NULL,NULL,NULL,NULL),(277,'jobdetaildto.jobclassname','zh_CN','任务类名',1,-1,-1,'2016-08-22 20:26:38',-1,-1,'2016-08-22 20:26:38',NULL,NULL,NULL,NULL,NULL,NULL,NULL,NULL,NULL,NULL,NULL,NULL,NULL,NULL,NULL,NULL,NULL),(278,'jobdetaildto.jobclassname','en_GB','Job Class',1,-1,-1,'2016-08-22 20:26:38',-1,-1,'2016-08-22 20:26:38',NULL,NULL,NULL,NULL,NULL,NULL,NULL,NULL,NULL,NULL,NULL,NULL,NULL,NULL,NULL,NULL,NULL),(279,'jobdetaildto.description','zh_CN','任务描述',1,-1,-1,'2016-08-22 20:26:38',-1,-1,'2016-08-22 20:26:38',NULL,NULL,NULL,NULL,NULL,NULL,NULL,NULL,NULL,NULL,NULL,NULL,NULL,NULL,NULL,NULL,NULL),(280,'jobdetaildto.description','en_GB','Job Description',1,-1,-1,'2016-08-22 20:26:38',-1,-1,'2016-08-22 20:26:38',NULL,NULL,NULL,NULL,NULL,NULL,NULL,NULL,NULL,NULL,NULL,NULL,NULL,NULL,NULL,NULL,NULL),(281,'jobrunninginfodto.previousfiretime','zh_CN','上次执行时间',1,-1,-1,'2016-08-22 20:26:38',-1,-1,'2016-08-22 20:26:38',NULL,NULL,NULL,NULL,NULL,NULL,NULL,NULL,NULL,NULL,NULL,NULL,NULL,NULL,NULL,NULL,NULL),(282,'jobrunninginfodto.previousfiretime','en_GB','Pre Fire Time',1,-1,-1,'2016-08-22 20:26:38',-1,-1,'2016-08-22 20:26:38',NULL,NULL,NULL,NULL,NULL,NULL,NULL,NULL,NULL,NULL,NULL,NULL,NULL,NULL,NULL,NULL,NULL),(283,'jobrunninginfodto.scheduledfiretime','zh_CN','计划执行时间',1,-1,-1,'2016-08-22 20:26:38',-1,-1,'2016-08-22 20:26:38',NULL,NULL,NULL,NULL,NULL,NULL,NULL,NULL,NULL,NULL,NULL,NULL,NULL,NULL,NULL,NULL,NULL),(284,'jobrunninginfodto.scheduledfiretime','en_GB','Sched Fire Time',1,-1,-1,'2016-08-22 20:26:38',-1,-1,'2016-08-22 20:26:38',NULL,NULL,NULL,NULL,NULL,NULL,NULL,NULL,NULL,NULL,NULL,NULL,NULL,NULL,NULL,NULL,NULL),(285,'jobrunninginfodto.nextfiretime','zh_CN','下次执行时间',1,-1,-1,'2016-08-22 20:26:38',-1,-1,'2016-08-22 20:26:38',NULL,NULL,NULL,NULL,NULL,NULL,NULL,NULL,NULL,NULL,NULL,NULL,NULL,NULL,NULL,NULL,NULL),(286,'jobrunninginfodto.nextfiretime','en_GB','Next Fire Time',1,-1,-1,'2016-08-22 20:26:38',-1,-1,'2016-08-22 20:26:38',NULL,NULL,NULL,NULL,NULL,NULL,NULL,NULL,NULL,NULL,NULL,NULL,NULL,NULL,NULL,NULL,NULL),(287,'jobrunninginfodto.firetime','zh_CN','实际执行时间',1,-1,-1,'2016-08-22 20:26:38',-1,-1,'2016-08-22 20:26:38',NULL,NULL,NULL,NULL,NULL,NULL,NULL,NULL,NULL,NULL,NULL,NULL,NULL,NULL,NULL,NULL,NULL),(288,'jobrunninginfodto.firetime','en_GB','Accurate Fire Time',1,-1,-1,'2016-08-22 20:26:38',-1,-1,'2016-08-22 20:26:38',NULL,NULL,NULL,NULL,NULL,NULL,NULL,NULL,NULL,NULL,NULL,NULL,NULL,NULL,NULL,NULL,NULL),(289,'jobrunninginfodto.jobstatus','zh_CN','任务状态',1,-1,-1,'2016-08-22 20:26:38',-1,-1,'2016-08-22 20:26:38',NULL,NULL,NULL,NULL,NULL,NULL,NULL,NULL,NULL,NULL,NULL,NULL,NULL,NULL,NULL,NULL,NULL),(290,'jobrunninginfodto.jobstatus','en_GB','Job Status',1,-1,-1,'2016-08-22 20:26:38',-1,-1,'2016-08-22 20:26:38',NULL,NULL,NULL,NULL,NULL,NULL,NULL,NULL,NULL,NULL,NULL,NULL,NULL,NULL,NULL,NULL,NULL),(291,'jobrunninginfodto.executionsummary','zh_CN','执行概要',1,-1,-1,'2016-08-22 20:26:38',-1,-1,'2016-08-22 20:26:38',NULL,NULL,NULL,NULL,NULL,NULL,NULL,NULL,NULL,NULL,NULL,NULL,NULL,NULL,NULL,NULL,NULL),(292,'jobrunninginfodto.executionsummary','en_GB','Execution Summary',1,-1,-1,'2016-08-22 20:26:38',-1,-1,'2016-08-22 20:26:38',NULL,NULL,NULL,NULL,NULL,NULL,NULL,NULL,NULL,NULL,NULL,NULL,NULL,NULL,NULL,NULL,NULL),(293,'hap.pause','zh_CN','暂停',1,-1,-1,'2016-08-22 20:26:38',-1,-1,'2016-08-22 20:26:38',NULL,NULL,NULL,NULL,NULL,NULL,NULL,NULL,NULL,NULL,NULL,NULL,NULL,NULL,NULL,NULL,NULL),(294,'hap.pause','en_GB','Pause',1,-1,-1,'2016-08-22 20:26:38',-1,-1,'2016-08-22 20:26:38',NULL,NULL,NULL,NULL,NULL,NULL,NULL,NULL,NULL,NULL,NULL,NULL,NULL,NULL,NULL,NULL,NULL),(295,'hap.resume','zh_CN','恢复',1,-1,-1,'2016-08-22 20:26:38',-1,-1,'2016-08-22 20:26:38',NULL,NULL,NULL,NULL,NULL,NULL,NULL,NULL,NULL,NULL,NULL,NULL,NULL,NULL,NULL,NULL,NULL),(296,'hap.resume','en_GB','Resume',1,-1,-1,'2016-08-22 20:26:38',-1,-1,'2016-08-22 20:26:38',NULL,NULL,NULL,NULL,NULL,NULL,NULL,NULL,NULL,NULL,NULL,NULL,NULL,NULL,NULL,NULL,NULL),(297,'job.newcronjob','zh_CN','新建 CRON 任务',1,-1,-1,'2016-08-22 20:26:38',-1,-1,'2016-08-22 20:26:38',NULL,NULL,NULL,NULL,NULL,NULL,NULL,NULL,NULL,NULL,NULL,NULL,NULL,NULL,NULL,NULL,NULL),(298,'job.newcronjob','en_GB','New Cron Job',1,-1,-1,'2016-08-22 20:26:38',-1,-1,'2016-08-22 20:26:38',NULL,NULL,NULL,NULL,NULL,NULL,NULL,NULL,NULL,NULL,NULL,NULL,NULL,NULL,NULL,NULL,NULL),(299,'job.newsimplejob','zh_CN','新建简单任务',1,-1,-1,'2016-08-22 20:26:38',-1,-1,'2016-08-22 20:26:38',NULL,NULL,NULL,NULL,NULL,NULL,NULL,NULL,NULL,NULL,NULL,NULL,NULL,NULL,NULL,NULL,NULL),(300,'job.newsimplejob','en_GB','New Simple Job',1,-1,-1,'2016-08-22 20:26:38',-1,-1,'2016-08-22 20:26:38',NULL,NULL,NULL,NULL,NULL,NULL,NULL,NULL,NULL,NULL,NULL,NULL,NULL,NULL,NULL,NULL,NULL),(301,'prompt.promptcode','zh_CN','代码',1,-1,-1,'2016-08-22 20:26:38',-1,-1,'2016-08-22 20:26:38',NULL,NULL,NULL,NULL,NULL,NULL,NULL,NULL,NULL,NULL,NULL,NULL,NULL,NULL,NULL,NULL,NULL),(302,'prompt.promptcode','en_GB','Prompt Code',1,-1,-1,'2016-08-22 20:26:38',-1,-1,'2016-08-22 20:26:38',NULL,NULL,NULL,NULL,NULL,NULL,NULL,NULL,NULL,NULL,NULL,NULL,NULL,NULL,NULL,NULL,NULL),(303,'prompt.sourcelang','zh_CN','语言',1,-1,-1,'2016-08-22 20:26:38',-1,-1,'2016-08-22 20:26:38',NULL,NULL,NULL,NULL,NULL,NULL,NULL,NULL,NULL,NULL,NULL,NULL,NULL,NULL,NULL,NULL,NULL),(304,'prompt.sourcelang','en_GB','Language',1,-1,-1,'2016-08-22 20:26:38',-1,-1,'2016-08-22 20:26:38',NULL,NULL,NULL,NULL,NULL,NULL,NULL,NULL,NULL,NULL,NULL,NULL,NULL,NULL,NULL,NULL,NULL),(305,'prompt.description','zh_CN','描述',1,-1,-1,'2016-08-22 20:26:38',-1,-1,'2016-08-22 20:26:38',NULL,NULL,NULL,NULL,NULL,NULL,NULL,NULL,NULL,NULL,NULL,NULL,NULL,NULL,NULL,NULL,NULL),(306,'prompt.description','en_GB','Description',1,-1,-1,'2016-08-22 20:26:38',-1,-1,'2016-08-22 20:26:38',NULL,NULL,NULL,NULL,NULL,NULL,NULL,NULL,NULL,NULL,NULL,NULL,NULL,NULL,NULL,NULL,NULL),(307,'function.modulecode','zh_CN','模块代码',1,-1,-1,'2016-08-22 20:26:38',-1,-1,'2016-08-22 20:26:38',NULL,NULL,NULL,NULL,NULL,NULL,NULL,NULL,NULL,NULL,NULL,NULL,NULL,NULL,NULL,NULL,NULL),(308,'function.modulecode','en_GB','Module Code',1,-1,-1,'2016-08-22 20:26:38',-1,-1,'2016-08-22 20:26:38',NULL,NULL,NULL,NULL,NULL,NULL,NULL,NULL,NULL,NULL,NULL,NULL,NULL,NULL,NULL,NULL,NULL),(309,'function.functioncode','zh_CN','功能代码',1,-1,-1,'2016-08-22 20:26:38',-1,-1,'2016-08-22 20:26:38',NULL,NULL,NULL,NULL,NULL,NULL,NULL,NULL,NULL,NULL,NULL,NULL,NULL,NULL,NULL,NULL,NULL),(310,'funciton.functioncode','en_GB','Function Code',1,-1,-1,'2016-08-22 20:26:38',-1,-1,'2016-08-22 20:26:38',NULL,NULL,NULL,NULL,NULL,NULL,NULL,NULL,NULL,NULL,NULL,NULL,NULL,NULL,NULL,NULL,NULL),(311,'function.functionname','zh_CN','功能名称',1,-1,-1,'2016-08-22 20:26:38',-1,-1,'2016-08-22 20:26:38',NULL,NULL,NULL,NULL,NULL,NULL,NULL,NULL,NULL,NULL,NULL,NULL,NULL,NULL,NULL,NULL,NULL),(312,'function.functionname','en_GB','Function Name',1,-1,-1,'2016-08-22 20:26:38',-1,-1,'2016-08-22 20:26:38',NULL,NULL,NULL,NULL,NULL,NULL,NULL,NULL,NULL,NULL,NULL,NULL,NULL,NULL,NULL,NULL,NULL),(313,'function.parentfunctionid','zh_CN','父级功能',1,-1,-1,'2016-08-22 20:26:38',-1,-1,'2016-08-22 20:26:38',NULL,NULL,NULL,NULL,NULL,NULL,NULL,NULL,NULL,NULL,NULL,NULL,NULL,NULL,NULL,NULL,NULL),(314,'function.parentfunctionid','en_GB','Parent Function',1,-1,-1,'2016-08-22 20:26:38',-1,-1,'2016-08-22 20:26:38',NULL,NULL,NULL,NULL,NULL,NULL,NULL,NULL,NULL,NULL,NULL,NULL,NULL,NULL,NULL,NULL,NULL),(315,'function.functionicon','zh_CN','功能图标',1,-1,-1,'2016-08-22 20:26:38',-1,-1,'2016-08-22 20:26:38',NULL,NULL,NULL,NULL,NULL,NULL,NULL,NULL,NULL,NULL,NULL,NULL,NULL,NULL,NULL,NULL,NULL),(316,'function.functionicon','en_GB','Function Icon',1,-1,-1,'2016-08-22 20:26:38',-1,-1,'2016-08-22 20:26:38',NULL,NULL,NULL,NULL,NULL,NULL,NULL,NULL,NULL,NULL,NULL,NULL,NULL,NULL,NULL,NULL,NULL),(317,'function.functionsequence','zh_CN','功能序号',1,-1,-1,'2016-08-22 20:26:38',-1,-1,'2016-08-22 20:26:38',NULL,NULL,NULL,NULL,NULL,NULL,NULL,NULL,NULL,NULL,NULL,NULL,NULL,NULL,NULL,NULL,NULL),(318,'function.functionsequence','en_GB','Function Seq',1,-1,-1,'2016-08-22 20:26:38',-1,-1,'2016-08-22 20:26:38',NULL,NULL,NULL,NULL,NULL,NULL,NULL,NULL,NULL,NULL,NULL,NULL,NULL,NULL,NULL,NULL,NULL),(319,'function.functiondescription','zh_CN','功能描述',1,-1,-1,'2016-08-22 20:26:38',-1,-1,'2016-08-22 20:26:38',NULL,NULL,NULL,NULL,NULL,NULL,NULL,NULL,NULL,NULL,NULL,NULL,NULL,NULL,NULL,NULL,NULL),(320,'function.functiondescription','en_GB','Description',1,-1,-1,'2016-08-22 20:26:38',-1,-1,'2016-08-22 20:26:38',NULL,NULL,NULL,NULL,NULL,NULL,NULL,NULL,NULL,NULL,NULL,NULL,NULL,NULL,NULL,NULL,NULL),(321,'function.mainpage','zh_CN','入口页面',1,-1,-1,'2016-08-22 20:26:38',-1,-1,'2016-08-22 20:26:38',NULL,NULL,NULL,NULL,NULL,NULL,NULL,NULL,NULL,NULL,NULL,NULL,NULL,NULL,NULL,NULL,NULL),(322,'function.mainpage','en_GB','Entry Page',1,-1,-1,'2016-08-22 20:26:38',-1,-1,'2016-08-22 20:26:38',NULL,NULL,NULL,NULL,NULL,NULL,NULL,NULL,NULL,NULL,NULL,NULL,NULL,NULL,NULL,NULL,NULL),(323,'function.functionresource','zh_CN','功能资源',1,-1,-1,'2016-08-22 20:26:38',-1,-1,'2016-08-22 20:26:38',NULL,NULL,NULL,NULL,NULL,NULL,NULL,NULL,NULL,NULL,NULL,NULL,NULL,NULL,NULL,NULL,NULL),(324,'function.functionresource','en_GB','Resources',1,-1,-1,'2016-08-22 20:26:38',-1,-1,'2016-08-22 20:26:38',NULL,NULL,NULL,NULL,NULL,NULL,NULL,NULL,NULL,NULL,NULL,NULL,NULL,NULL,NULL,NULL,NULL),(325,'function.resourceallocation','zh_CN','分配资源',1,-1,-1,'2016-08-22 20:26:38',-1,-1,'2016-08-22 20:26:38',NULL,NULL,NULL,NULL,NULL,NULL,NULL,NULL,NULL,NULL,NULL,NULL,NULL,NULL,NULL,NULL,NULL),(326,'function.resourceallocation','en_GB','Resource Allocation',1,-1,-1,'2016-08-22 20:26:38',-1,-1,'2016-08-22 20:26:38',NULL,NULL,NULL,NULL,NULL,NULL,NULL,NULL,NULL,NULL,NULL,NULL,NULL,NULL,NULL,NULL,NULL),(327,'resource.url','zh_CN','URL',1,-1,-1,'2016-08-22 20:26:38',-1,-1,'2016-08-22 20:26:38',NULL,NULL,NULL,NULL,NULL,NULL,NULL,NULL,NULL,NULL,NULL,NULL,NULL,NULL,NULL,NULL,NULL),(328,'resource.url','en_GB','URL',1,-1,-1,'2016-08-22 20:26:38',-1,-1,'2016-08-22 20:26:38',NULL,NULL,NULL,NULL,NULL,NULL,NULL,NULL,NULL,NULL,NULL,NULL,NULL,NULL,NULL,NULL,NULL),(329,'resource.type','zh_CN','类型',1,-1,-1,'2016-08-22 20:26:38',-1,-1,'2016-08-22 20:26:38',NULL,NULL,NULL,NULL,NULL,NULL,NULL,NULL,NULL,NULL,NULL,NULL,NULL,NULL,NULL,NULL,NULL),(330,'resource.type','en_GB','Type',1,-1,-1,'2016-08-22 20:26:38',-1,-1,'2016-08-22 20:26:38',NULL,NULL,NULL,NULL,NULL,NULL,NULL,NULL,NULL,NULL,NULL,NULL,NULL,NULL,NULL,NULL,NULL),(331,'resource.name','zh_CN','名称',1,-1,-1,'2016-08-22 20:26:38',-1,-1,'2016-08-22 20:26:38',NULL,NULL,NULL,NULL,NULL,NULL,NULL,NULL,NULL,NULL,NULL,NULL,NULL,NULL,NULL,NULL,NULL),(332,'resource.name','en_GB','Name',1,-1,-1,'2016-08-22 20:26:38',-1,-1,'2016-08-22 20:26:38',NULL,NULL,NULL,NULL,NULL,NULL,NULL,NULL,NULL,NULL,NULL,NULL,NULL,NULL,NULL,NULL,NULL),(333,'resource.loginrequire','zh_CN','需要登录',1,-1,-1,'2016-08-22 20:26:38',-1,-1,'2016-08-22 20:26:38',NULL,NULL,NULL,NULL,NULL,NULL,NULL,NULL,NULL,NULL,NULL,NULL,NULL,NULL,NULL,NULL,NULL),(334,'resource.loginrequire','en_GB','Login Require',1,-1,-1,'2016-08-22 20:26:38',-1,-1,'2016-08-22 20:26:38',NULL,NULL,NULL,NULL,NULL,NULL,NULL,NULL,NULL,NULL,NULL,NULL,NULL,NULL,NULL,NULL,NULL),(335,'resource.accesscheck','zh_CN','权限控制',1,-1,-1,'2016-08-22 20:26:38',-1,-1,'2016-08-22 20:26:38',NULL,NULL,NULL,NULL,NULL,NULL,NULL,NULL,NULL,NULL,NULL,NULL,NULL,NULL,NULL,NULL,NULL),(336,'resource.accesscheck','en_GB','Access Check',1,-1,-1,'2016-08-22 20:26:38',-1,-1,'2016-08-22 20:26:38',NULL,NULL,NULL,NULL,NULL,NULL,NULL,NULL,NULL,NULL,NULL,NULL,NULL,NULL,NULL,NULL,NULL),(337,'resource.description','zh_CN','描述',1,-1,-1,'2016-08-22 20:26:38',-1,-1,'2016-08-22 20:26:38',NULL,NULL,NULL,NULL,NULL,NULL,NULL,NULL,NULL,NULL,NULL,NULL,NULL,NULL,NULL,NULL,NULL),(338,'resource.description','en_GB','Description',1,-1,-1,'2016-08-22 20:26:38',-1,-1,'2016-08-22 20:26:38',NULL,NULL,NULL,NULL,NULL,NULL,NULL,NULL,NULL,NULL,NULL,NULL,NULL,NULL,NULL,NULL,NULL),(339,'resource.resourceitem','zh_CN','资源组件',1,-1,-1,'2016-08-22 20:26:38',-1,-1,'2016-08-22 20:26:38',NULL,NULL,NULL,NULL,NULL,NULL,NULL,NULL,NULL,NULL,NULL,NULL,NULL,NULL,NULL,NULL,NULL),(340,'resource.resourceitem','en_GB','Resource Item',1,-1,-1,'2016-08-22 20:26:38',-1,-1,'2016-08-22 20:26:38',NULL,NULL,NULL,NULL,NULL,NULL,NULL,NULL,NULL,NULL,NULL,NULL,NULL,NULL,NULL,NULL,NULL),(341,'resource.itemallocation','zh_CN','组件定义',1,-1,-1,'2016-08-22 20:26:38',-1,-1,'2016-08-22 20:26:38',NULL,NULL,NULL,NULL,NULL,NULL,NULL,NULL,NULL,NULL,NULL,NULL,NULL,NULL,NULL,NULL,NULL),(342,'resource.itemallocation','en_GB','Items',1,-1,-1,'2016-08-22 20:26:38',-1,-1,'2016-08-22 20:26:38',NULL,NULL,NULL,NULL,NULL,NULL,NULL,NULL,NULL,NULL,NULL,NULL,NULL,NULL,NULL,NULL,NULL),(343,'resourceitem.itemid','zh_CN','组件标识',1,-1,-1,'2016-08-22 20:26:38',-1,-1,'2016-08-22 20:26:38',NULL,NULL,NULL,NULL,NULL,NULL,NULL,NULL,NULL,NULL,NULL,NULL,NULL,NULL,NULL,NULL,NULL),(344,'resourceitem.itemid','en_GB','Item ID',1,-1,-1,'2016-08-22 20:26:38',-1,-1,'2016-08-22 20:26:38',NULL,NULL,NULL,NULL,NULL,NULL,NULL,NULL,NULL,NULL,NULL,NULL,NULL,NULL,NULL,NULL,NULL),(345,'resourceitem.itemname','zh_CN','组件名称',1,-1,-1,'2016-08-22 20:26:38',-1,-1,'2016-08-22 20:26:38',NULL,NULL,NULL,NULL,NULL,NULL,NULL,NULL,NULL,NULL,NULL,NULL,NULL,NULL,NULL,NULL,NULL),(346,'resourceitem.itemname','en_GB','Item Name',1,-1,-1,'2016-08-22 20:26:38',-1,-1,'2016-08-22 20:26:38',NULL,NULL,NULL,NULL,NULL,NULL,NULL,NULL,NULL,NULL,NULL,NULL,NULL,NULL,NULL,NULL,NULL),(347,'resourceitem.description','zh_CN','描述',1,-1,-1,'2016-08-22 20:26:38',-1,-1,'2016-08-22 20:26:38',NULL,NULL,NULL,NULL,NULL,NULL,NULL,NULL,NULL,NULL,NULL,NULL,NULL,NULL,NULL,NULL,NULL),(348,'resourceitem.description','en_GB','Description',1,-1,-1,'2016-08-22 20:26:38',-1,-1,'2016-08-22 20:26:38',NULL,NULL,NULL,NULL,NULL,NULL,NULL,NULL,NULL,NULL,NULL,NULL,NULL,NULL,NULL,NULL,NULL),(349,'resourceitem.resource','zh_CN','目标资源',1,-1,-1,'2016-08-22 20:26:38',-1,-1,'2016-08-22 20:26:38',NULL,NULL,NULL,NULL,NULL,NULL,NULL,NULL,NULL,NULL,NULL,NULL,NULL,NULL,NULL,NULL,NULL),(350,'resourceitem.resource','en_GB','Target Resource',1,-1,-1,'2016-08-22 20:26:38',-1,-1,'2016-08-22 20:26:38',NULL,NULL,NULL,NULL,NULL,NULL,NULL,NULL,NULL,NULL,NULL,NULL,NULL,NULL,NULL,NULL,NULL),(351,'hap.expand','zh_CN','展开',1,-1,-1,'2016-08-22 20:26:38',-1,-1,'2016-08-22 20:26:38',NULL,NULL,NULL,NULL,NULL,NULL,NULL,NULL,NULL,NULL,NULL,NULL,NULL,NULL,NULL,NULL,NULL),(352,'hap.expand','en_GB','Expand',1,-1,-1,'2016-08-22 20:26:38',-1,-1,'2016-08-22 20:26:38',NULL,NULL,NULL,NULL,NULL,NULL,NULL,NULL,NULL,NULL,NULL,NULL,NULL,NULL,NULL,NULL,NULL),(353,'hap.collapse','zh_CN','合并',1,-1,-1,'2016-08-22 20:26:38',-1,-1,'2016-08-22 20:26:38',NULL,NULL,NULL,NULL,NULL,NULL,NULL,NULL,NULL,NULL,NULL,NULL,NULL,NULL,NULL,NULL,NULL),(354,'hap.collapse','en_GB','Collapse',1,-1,-1,'2016-08-22 20:26:38',-1,-1,'2016-08-22 20:26:38',NULL,NULL,NULL,NULL,NULL,NULL,NULL,NULL,NULL,NULL,NULL,NULL,NULL,NULL,NULL,NULL,NULL),(355,'hap.comment','zh_CN','备注',1,-1,-1,'2016-08-22 20:26:38',-1,-1,'2016-08-22 20:26:38',NULL,NULL,NULL,NULL,NULL,NULL,NULL,NULL,NULL,NULL,NULL,NULL,NULL,NULL,NULL,NULL,NULL),(356,'hap.comment','en_GB','Comment',1,-1,-1,'2016-08-22 20:26:38',-1,-1,'2016-08-22 20:26:38',NULL,NULL,NULL,NULL,NULL,NULL,NULL,NULL,NULL,NULL,NULL,NULL,NULL,NULL,NULL,NULL,NULL),(357,'messageemailconfig.configcode','zh_CN','配置代码',1,-1,-1,'2016-08-22 20:26:38',-1,-1,'2016-08-22 20:26:38',NULL,NULL,NULL,NULL,NULL,NULL,NULL,NULL,NULL,NULL,NULL,NULL,NULL,NULL,NULL,NULL,NULL),(358,'messageemailconfig.configcode','en_GB','Config Code',1,-1,-1,'2016-08-22 20:26:38',-1,-1,'2016-08-22 20:26:38',NULL,NULL,NULL,NULL,NULL,NULL,NULL,NULL,NULL,NULL,NULL,NULL,NULL,NULL,NULL,NULL,NULL),(359,'messageemailconfig.introduction','zh_CN','简介',1,-1,-1,'2016-08-22 20:26:38',-1,-1,'2016-08-22 20:26:38',NULL,NULL,NULL,NULL,NULL,NULL,NULL,NULL,NULL,NULL,NULL,NULL,NULL,NULL,NULL,NULL,NULL),(360,'messageemailconfig.introduction','en_GB','Introduction',1,-1,-1,'2016-08-22 20:26:38',-1,-1,'2016-08-22 20:26:38',NULL,NULL,NULL,NULL,NULL,NULL,NULL,NULL,NULL,NULL,NULL,NULL,NULL,NULL,NULL,NULL,NULL),(361,'messageemailconfig.host','zh_CN','发送服务器',1,-1,-1,'2016-08-22 20:26:38',-1,-1,'2016-08-22 20:26:38',NULL,NULL,NULL,NULL,NULL,NULL,NULL,NULL,NULL,NULL,NULL,NULL,NULL,NULL,NULL,NULL,NULL),(362,'messageemailconfig.host','en_GB','SMTP Host',1,-1,-1,'2016-08-22 20:26:38',-1,-1,'2016-08-22 20:26:38',NULL,NULL,NULL,NULL,NULL,NULL,NULL,NULL,NULL,NULL,NULL,NULL,NULL,NULL,NULL,NULL,NULL),(363,'messageemailconfig.port','zh_CN','端口',1,-1,-1,'2016-08-22 20:26:38',-1,-1,'2016-08-22 20:26:38',NULL,NULL,NULL,NULL,NULL,NULL,NULL,NULL,NULL,NULL,NULL,NULL,NULL,NULL,NULL,NULL,NULL),(364,'messageemailconfig.port','en_GB','Port',1,-1,-1,'2016-08-22 20:26:38',-1,-1,'2016-08-22 20:26:38',NULL,NULL,NULL,NULL,NULL,NULL,NULL,NULL,NULL,NULL,NULL,NULL,NULL,NULL,NULL,NULL,NULL),(365,'messageemailconfig.trytimes','zh_CN','重试次数',1,-1,-1,'2016-08-22 20:26:38',-1,-1,'2016-08-22 20:26:38',NULL,NULL,NULL,NULL,NULL,NULL,NULL,NULL,NULL,NULL,NULL,NULL,NULL,NULL,NULL,NULL,NULL),(366,'messageemailconfig.trytimes','en_GB','Try Times',1,-1,-1,'2016-08-22 20:26:38',-1,-1,'2016-08-22 20:26:38',NULL,NULL,NULL,NULL,NULL,NULL,NULL,NULL,NULL,NULL,NULL,NULL,NULL,NULL,NULL,NULL,NULL),(367,'messageemailconfig.usewhitelist','zh_CN','启用白名单',1,-1,-1,'2016-08-22 20:26:38',-1,-1,'2016-08-22 20:26:38',NULL,NULL,NULL,NULL,NULL,NULL,NULL,NULL,NULL,NULL,NULL,NULL,NULL,NULL,NULL,NULL,NULL),(368,'messageemailconfig.usewhitelist','en_GB','Use White List',1,-1,-1,'2016-08-22 20:26:38',-1,-1,'2016-08-22 20:26:38',NULL,NULL,NULL,NULL,NULL,NULL,NULL,NULL,NULL,NULL,NULL,NULL,NULL,NULL,NULL,NULL,NULL),(369,'messageemailconfig.username','zh_CN','用户名',1,-1,-1,'2016-08-22 20:26:38',-1,-1,'2016-08-22 20:26:38',NULL,NULL,NULL,NULL,NULL,NULL,NULL,NULL,NULL,NULL,NULL,NULL,NULL,NULL,NULL,NULL,NULL),(370,'messageemailconfig.username','en_GB','User Name',1,-1,-1,'2016-08-22 20:26:38',-1,-1,'2016-08-22 20:26:38',NULL,NULL,NULL,NULL,NULL,NULL,NULL,NULL,NULL,NULL,NULL,NULL,NULL,NULL,NULL,NULL,NULL),(371,'messageemailconfig.password','zh_CN','密码',1,-1,-1,'2016-08-22 20:26:38',-1,-1,'2016-08-22 20:26:38',NULL,NULL,NULL,NULL,NULL,NULL,NULL,NULL,NULL,NULL,NULL,NULL,NULL,NULL,NULL,NULL,NULL),(372,'messageemailconfig.password','en_GB','Password',1,-1,-1,'2016-08-22 20:26:38',-1,-1,'2016-08-22 20:26:38',NULL,NULL,NULL,NULL,NULL,NULL,NULL,NULL,NULL,NULL,NULL,NULL,NULL,NULL,NULL,NULL,NULL),(373,'messageemailconfig.accountcode','zh_CN','账户代码',1,-1,-1,'2016-08-22 20:26:38',-1,-1,'2016-08-22 20:26:38',NULL,NULL,NULL,NULL,NULL,NULL,NULL,NULL,NULL,NULL,NULL,NULL,NULL,NULL,NULL,NULL,NULL),(374,'messageemailconfig.accountcode','en_GB','Account Code',1,-1,-1,'2016-08-22 20:26:38',-1,-1,'2016-08-22 20:26:38',NULL,NULL,NULL,NULL,NULL,NULL,NULL,NULL,NULL,NULL,NULL,NULL,NULL,NULL,NULL,NULL,NULL),(375,'messageemailconfig.account','zh_CN','账户',1,-1,-1,'2016-08-22 20:26:38',-1,-1,'2016-08-22 20:26:38',NULL,NULL,NULL,NULL,NULL,NULL,NULL,NULL,NULL,NULL,NULL,NULL,NULL,NULL,NULL,NULL,NULL),(376,'messageemailconfig.account','en_GB','Account',1,-1,-1,'2016-08-22 20:26:38',-1,-1,'2016-08-22 20:26:38',NULL,NULL,NULL,NULL,NULL,NULL,NULL,NULL,NULL,NULL,NULL,NULL,NULL,NULL,NULL,NULL,NULL),(377,'messageemailconfig.whitelist','zh_CN','白名单',1,-1,-1,'2016-08-22 20:26:38',-1,-1,'2016-08-22 20:26:38',NULL,NULL,NULL,NULL,NULL,NULL,NULL,NULL,NULL,NULL,NULL,NULL,NULL,NULL,NULL,NULL,NULL),(378,'messageemailconfig.whitelist','en_GB','White List',1,-1,-1,'2016-08-22 20:26:38',-1,-1,'2016-08-22 20:26:38',NULL,NULL,NULL,NULL,NULL,NULL,NULL,NULL,NULL,NULL,NULL,NULL,NULL,NULL,NULL,NULL,NULL),(379,'messageemailconfig.address','zh_CN','地址',1,-1,-1,'2016-08-22 20:26:38',-1,-1,'2016-08-22 20:26:38',NULL,NULL,NULL,NULL,NULL,NULL,NULL,NULL,NULL,NULL,NULL,NULL,NULL,NULL,NULL,NULL,NULL),(380,'messageemailconfig.address','en_GB','Address',1,-1,-1,'2016-08-22 20:26:38',-1,-1,'2016-08-22 20:26:38',NULL,NULL,NULL,NULL,NULL,NULL,NULL,NULL,NULL,NULL,NULL,NULL,NULL,NULL,NULL,NULL,NULL),(381,'messagetemplate.templatecode','zh_CN','模板代码',1,-1,-1,'2016-08-22 20:26:38',-1,-1,'2016-08-22 20:26:38',NULL,NULL,NULL,NULL,NULL,NULL,NULL,NULL,NULL,NULL,NULL,NULL,NULL,NULL,NULL,NULL,NULL),(382,'messagetemplate.templatecode','en_GB','Template Code',1,-1,-1,'2016-08-22 20:26:38',-1,-1,'2016-08-22 20:26:38',NULL,NULL,NULL,NULL,NULL,NULL,NULL,NULL,NULL,NULL,NULL,NULL,NULL,NULL,NULL,NULL,NULL),(383,'messagetemplate.name','zh_CN','模板名称',1,-1,-1,'2016-08-22 20:26:38',-1,-1,'2016-08-22 20:26:38',NULL,NULL,NULL,NULL,NULL,NULL,NULL,NULL,NULL,NULL,NULL,NULL,NULL,NULL,NULL,NULL,NULL),(384,'messagetemplate.name','en_GB','Template Name',1,-1,-1,'2016-08-22 20:26:38',-1,-1,'2016-08-22 20:26:38',NULL,NULL,NULL,NULL,NULL,NULL,NULL,NULL,NULL,NULL,NULL,NULL,NULL,NULL,NULL,NULL,NULL),(385,'messagetemplate.prioritylevel','zh_CN','优先级',1,-1,-1,'2016-08-22 20:26:38',-1,-1,'2016-08-22 20:26:38',NULL,NULL,NULL,NULL,NULL,NULL,NULL,NULL,NULL,NULL,NULL,NULL,NULL,NULL,NULL,NULL,NULL),(386,'messagetemplate.prioritylevel','en_GB','Priority',1,-1,-1,'2016-08-22 20:26:38',-1,-1,'2016-08-22 20:26:38',NULL,NULL,NULL,NULL,NULL,NULL,NULL,NULL,NULL,NULL,NULL,NULL,NULL,NULL,NULL,NULL,NULL),(387,'messagetemplate.subject','zh_CN','主题',1,-1,-1,'2016-08-22 20:26:38',-1,-1,'2016-08-22 20:26:38',NULL,NULL,NULL,NULL,NULL,NULL,NULL,NULL,NULL,NULL,NULL,NULL,NULL,NULL,NULL,NULL,NULL),(388,'messagetemplate.subject','en_GB','Subject',1,-1,-1,'2016-08-22 20:26:38',-1,-1,'2016-08-22 20:26:38',NULL,NULL,NULL,NULL,NULL,NULL,NULL,NULL,NULL,NULL,NULL,NULL,NULL,NULL,NULL,NULL,NULL),(389,'messagetemplate.content','zh_CN','内容',1,-1,-1,'2016-08-22 20:26:38',-1,-1,'2016-08-22 20:26:38',NULL,NULL,NULL,NULL,NULL,NULL,NULL,NULL,NULL,NULL,NULL,NULL,NULL,NULL,NULL,NULL,NULL),(390,'messagetemplate.content','en_GB','Content',1,-1,-1,'2016-08-22 20:26:38',-1,-1,'2016-08-22 20:26:38',NULL,NULL,NULL,NULL,NULL,NULL,NULL,NULL,NULL,NULL,NULL,NULL,NULL,NULL,NULL,NULL,NULL),(391,'message.subject','zh_CN','主题',1,-1,-1,'2016-08-22 20:26:38',-1,-1,'2016-08-22 20:26:38',NULL,NULL,NULL,NULL,NULL,NULL,NULL,NULL,NULL,NULL,NULL,NULL,NULL,NULL,NULL,NULL,NULL),(392,'message.subject','en_GB','Subject',1,-1,-1,'2016-08-22 20:26:38',-1,-1,'2016-08-22 20:26:38',NULL,NULL,NULL,NULL,NULL,NULL,NULL,NULL,NULL,NULL,NULL,NULL,NULL,NULL,NULL,NULL,NULL),(393,'message.content','zh_CN','内容',1,-1,-1,'2016-08-22 20:26:38',-1,-1,'2016-08-22 20:26:38',NULL,NULL,NULL,NULL,NULL,NULL,NULL,NULL,NULL,NULL,NULL,NULL,NULL,NULL,NULL,NULL,NULL),(394,'message.content','en_GB','Content',1,-1,-1,'2016-08-22 20:26:38',-1,-1,'2016-08-22 20:26:38',NULL,NULL,NULL,NULL,NULL,NULL,NULL,NULL,NULL,NULL,NULL,NULL,NULL,NULL,NULL,NULL,NULL),(395,'message.receivers','zh_CN','收件人',1,-1,-1,'2016-08-22 20:26:38',-1,-1,'2016-08-22 20:26:38',NULL,NULL,NULL,NULL,NULL,NULL,NULL,NULL,NULL,NULL,NULL,NULL,NULL,NULL,NULL,NULL,NULL),(396,'message.receivers','en_GB','Receivers',1,-1,-1,'2016-08-22 20:26:38',-1,-1,'2016-08-22 20:26:38',NULL,NULL,NULL,NULL,NULL,NULL,NULL,NULL,NULL,NULL,NULL,NULL,NULL,NULL,NULL,NULL,NULL),(399,'user.info','zh_CN','用户信息',1,-1,-1,'2016-08-22 20:26:38',-1,-1,'2016-08-22 20:26:38',NULL,NULL,NULL,NULL,NULL,NULL,NULL,NULL,NULL,NULL,NULL,NULL,NULL,NULL,NULL,NULL,NULL),(400,'user.info','en_GB','User Info',1,-1,-1,'2016-08-22 20:26:38',-1,-1,'2016-08-22 20:26:38',NULL,NULL,NULL,NULL,NULL,NULL,NULL,NULL,NULL,NULL,NULL,NULL,NULL,NULL,NULL,NULL,NULL),(401,'user.status','zh_CN','状态',1,-1,-1,'2016-08-22 20:26:38',-1,-1,'2016-08-22 20:26:38',NULL,NULL,NULL,NULL,NULL,NULL,NULL,NULL,NULL,NULL,NULL,NULL,NULL,NULL,NULL,NULL,NULL),(402,'user.status','en_GB','Status',1,-1,-1,'2016-08-22 20:26:38',-1,-1,'2016-08-22 20:26:38',NULL,NULL,NULL,NULL,NULL,NULL,NULL,NULL,NULL,NULL,NULL,NULL,NULL,NULL,NULL,NULL,NULL),(403,'user.updatepassword','zh_CN','修改密码',1,-1,-1,'2016-08-22 20:26:38',-1,-1,'2016-08-22 20:26:38',NULL,NULL,NULL,NULL,NULL,NULL,NULL,NULL,NULL,NULL,NULL,NULL,NULL,NULL,NULL,NULL,NULL),(404,'user.updatepassword','en_GB','Update Password',1,-1,-1,'2016-08-22 20:26:38',-1,-1,'2016-08-22 20:26:38',NULL,NULL,NULL,NULL,NULL,NULL,NULL,NULL,NULL,NULL,NULL,NULL,NULL,NULL,NULL,NULL,NULL),(405,'user.current_password','zh_CN','当前密码',1,-1,-1,'2016-08-22 20:26:38',-1,-1,'2016-08-22 20:26:38',NULL,NULL,NULL,NULL,NULL,NULL,NULL,NULL,NULL,NULL,NULL,NULL,NULL,NULL,NULL,NULL,NULL),(406,'user.current_password','en_GB','Current Password',1,-1,-1,'2016-08-22 20:26:38',-1,-1,'2016-08-22 20:26:38',NULL,NULL,NULL,NULL,NULL,NULL,NULL,NULL,NULL,NULL,NULL,NULL,NULL,NULL,NULL,NULL,NULL),(407,'user.new_password','zh_CN','新密码',1,-1,-1,'2016-08-22 20:26:38',-1,-1,'2016-08-22 20:26:38',NULL,NULL,NULL,NULL,NULL,NULL,NULL,NULL,NULL,NULL,NULL,NULL,NULL,NULL,NULL,NULL,NULL),(408,'user.new_password','en_GB','New Password',1,-1,-1,'2016-08-22 20:26:38',-1,-1,'2016-08-22 20:26:38',NULL,NULL,NULL,NULL,NULL,NULL,NULL,NULL,NULL,NULL,NULL,NULL,NULL,NULL,NULL,NULL,NULL),(409,'user.again_new_password','zh_CN','确认新密码',1,-1,-1,'2016-08-22 20:26:38',-1,-1,'2016-08-22 20:26:38',NULL,NULL,NULL,NULL,NULL,NULL,NULL,NULL,NULL,NULL,NULL,NULL,NULL,NULL,NULL,NULL,NULL),(410,'user.again_new_password','en_GB','New Password Again',1,-1,-1,'2016-08-22 20:26:38',-1,-1,'2016-08-22 20:26:38',NULL,NULL,NULL,NULL,NULL,NULL,NULL,NULL,NULL,NULL,NULL,NULL,NULL,NULL,NULL,NULL,NULL),(411,'preference.timezone','zh_CN','时区',1,-1,-1,'2016-08-22 20:26:38',-1,-1,'2016-08-22 20:26:38',NULL,NULL,NULL,NULL,NULL,NULL,NULL,NULL,NULL,NULL,NULL,NULL,NULL,NULL,NULL,NULL,NULL),(412,'preference.timezone','en_GB','TimeZone',1,-1,-1,'2016-08-22 20:26:38',-1,-1,'2016-08-22 20:26:38',NULL,NULL,NULL,NULL,NULL,NULL,NULL,NULL,NULL,NULL,NULL,NULL,NULL,NULL,NULL,NULL,NULL),(413,'profilevalue.levelid','zh_CN','层级',1,-1,-1,'2016-08-22 20:26:38',-1,-1,'2016-08-22 20:26:38',NULL,NULL,NULL,NULL,NULL,NULL,NULL,NULL,NULL,NULL,NULL,NULL,NULL,NULL,NULL,NULL,NULL),(414,'profilevalue.levelid','en_GB','Level',1,-1,-1,'2016-08-22 20:26:38',-1,-1,'2016-08-22 20:26:38',NULL,NULL,NULL,NULL,NULL,NULL,NULL,NULL,NULL,NULL,NULL,NULL,NULL,NULL,NULL,NULL,NULL),(415,'profilevalue.levelvalue','zh_CN','层级值',1,-1,-1,'2016-08-22 20:26:38',-1,-1,'2016-08-22 20:26:38',NULL,NULL,NULL,NULL,NULL,NULL,NULL,NULL,NULL,NULL,NULL,NULL,NULL,NULL,NULL,NULL,NULL),(416,'profilevalue.levelvalue','en_GB','Level Value',1,-1,-1,'2016-08-22 20:26:38',-1,-1,'2016-08-22 20:26:38',NULL,NULL,NULL,NULL,NULL,NULL,NULL,NULL,NULL,NULL,NULL,NULL,NULL,NULL,NULL,NULL,NULL),(417,'profilevalue.profilevalue','zh_CN','配置值',1,-1,-1,'2016-08-22 20:26:38',-1,-1,'2016-08-22 20:26:38',NULL,NULL,NULL,NULL,NULL,NULL,NULL,NULL,NULL,NULL,NULL,NULL,NULL,NULL,NULL,NULL,NULL),(418,'profilevalue.profilevalue','en_GB','Profile Value',1,-1,-1,'2016-08-22 20:26:38',-1,-1,'2016-08-22 20:26:38',NULL,NULL,NULL,NULL,NULL,NULL,NULL,NULL,NULL,NULL,NULL,NULL,NULL,NULL,NULL,NULL,NULL),(419,'attachcategory.categoryname','zh_CN','目录名称',1,-1,-1,'2016-08-22 20:26:38',-1,-1,'2016-08-22 20:26:38',NULL,NULL,NULL,NULL,NULL,NULL,NULL,NULL,NULL,NULL,NULL,NULL,NULL,NULL,NULL,NULL,NULL),(420,'attachcategory.categoryname','en_GB','Category Name',1,-1,-1,'2016-08-22 20:26:38',-1,-1,'2016-08-22 20:26:38',NULL,NULL,NULL,NULL,NULL,NULL,NULL,NULL,NULL,NULL,NULL,NULL,NULL,NULL,NULL,NULL,NULL),(421,'attachcategory.categorypath','zh_CN','存储路径',1,-1,-1,'2016-08-22 20:26:38',-1,-1,'2016-08-22 20:26:38',NULL,NULL,NULL,NULL,NULL,NULL,NULL,NULL,NULL,NULL,NULL,NULL,NULL,NULL,NULL,NULL,NULL),(422,'attachcategory.categorypath','en_GB','Save Path',1,-1,-1,'2016-08-22 20:26:38',-1,-1,'2016-08-22 20:26:38',NULL,NULL,NULL,NULL,NULL,NULL,NULL,NULL,NULL,NULL,NULL,NULL,NULL,NULL,NULL,NULL,NULL),(423,'attachcategory.description','zh_CN','描述',1,-1,-1,'2016-08-22 20:26:38',-1,-1,'2016-08-22 20:26:38',NULL,NULL,NULL,NULL,NULL,NULL,NULL,NULL,NULL,NULL,NULL,NULL,NULL,NULL,NULL,NULL,NULL),(424,'attachcategory.description','en_GB','Description',1,-1,-1,'2016-08-22 20:26:38',-1,-1,'2016-08-22 20:26:38',NULL,NULL,NULL,NULL,NULL,NULL,NULL,NULL,NULL,NULL,NULL,NULL,NULL,NULL,NULL,NULL,NULL),(425,'attachcategory.allowedfiletype','zh_CN','文件类型',1,-1,-1,'2016-08-22 20:26:38',-1,-1,'2016-08-22 20:26:38',NULL,NULL,NULL,NULL,NULL,NULL,NULL,NULL,NULL,NULL,NULL,NULL,NULL,NULL,NULL,NULL,NULL),(426,'attachcategory.allowedfiletype','en_GB','File Type',1,-1,-1,'2016-08-22 20:26:38',-1,-1,'2016-08-22 20:26:38',NULL,NULL,NULL,NULL,NULL,NULL,NULL,NULL,NULL,NULL,NULL,NULL,NULL,NULL,NULL,NULL,NULL),(427,'attachcategory.allowedfilesize','zh_CN','最大文件长度',1,-1,-1,'2016-08-22 20:26:38',-1,-1,'2016-08-22 20:26:38',NULL,NULL,NULL,NULL,NULL,NULL,NULL,NULL,NULL,NULL,NULL,NULL,NULL,NULL,NULL,NULL,NULL),(428,'attachcategory.allowedfilesize','en_GB','Allow File Size',1,-1,-1,'2016-08-22 20:26:38',-1,-1,'2016-08-22 20:26:38',NULL,NULL,NULL,NULL,NULL,NULL,NULL,NULL,NULL,NULL,NULL,NULL,NULL,NULL,NULL,NULL,NULL),(429,'attachcategory.sourcetype','zh_CN','来源类型',1,-1,-1,'2016-08-22 20:26:38',-1,-1,'2016-08-22 20:26:38',NULL,NULL,NULL,NULL,NULL,NULL,NULL,NULL,NULL,NULL,NULL,NULL,NULL,NULL,NULL,NULL,NULL),(430,'attachcategory.sourcetype','en_GB','Source Type',1,-1,-1,'2016-08-22 20:26:38',-1,-1,'2016-08-22 20:26:38',NULL,NULL,NULL,NULL,NULL,NULL,NULL,NULL,NULL,NULL,NULL,NULL,NULL,NULL,NULL,NULL,NULL),(431,'attachcategory.isunique','zh_CN','唯一',1,-1,-1,'2016-08-22 20:26:38',-1,-1,'2016-08-22 20:26:38',NULL,NULL,NULL,NULL,NULL,NULL,NULL,NULL,NULL,NULL,NULL,NULL,NULL,NULL,NULL,NULL,NULL),(432,'attachcategory.isunique','en_GB','Unique',1,-1,-1,'2016-08-22 20:26:38',-1,-1,'2016-08-22 20:26:38',NULL,NULL,NULL,NULL,NULL,NULL,NULL,NULL,NULL,NULL,NULL,NULL,NULL,NULL,NULL,NULL,NULL),(433,'attachcategory.statusname','zh_CN','状态',1,-1,-1,'2016-08-22 20:26:38',-1,-1,'2016-08-22 20:26:38',NULL,NULL,NULL,NULL,NULL,NULL,NULL,NULL,NULL,NULL,NULL,NULL,NULL,NULL,NULL,NULL,NULL),(434,'attachcategory.statusname','en_GB','Status',1,-1,-1,'2016-08-22 20:26:38',-1,-1,'2016-08-22 20:26:38',NULL,NULL,NULL,NULL,NULL,NULL,NULL,NULL,NULL,NULL,NULL,NULL,NULL,NULL,NULL,NULL,NULL),(435,'attachcategory.statusname.normal','zh_CN','普通',1,-1,-1,'2016-08-22 20:26:38',-1,-1,'2016-08-22 20:26:38',NULL,NULL,NULL,NULL,NULL,NULL,NULL,NULL,NULL,NULL,NULL,NULL,NULL,NULL,NULL,NULL,NULL),(436,'attachcategory.statusname.normal','en_GB','Normal',1,-1,-1,'2016-08-22 20:26:38',-1,-1,'2016-08-22 20:26:38',NULL,NULL,NULL,NULL,NULL,NULL,NULL,NULL,NULL,NULL,NULL,NULL,NULL,NULL,NULL,NULL,NULL),(437,'attachcategory.statusname.archived','zh_CN','压缩',1,-1,-1,'2016-08-22 20:26:38',-1,-1,'2016-08-22 20:26:38',NULL,NULL,NULL,NULL,NULL,NULL,NULL,NULL,NULL,NULL,NULL,NULL,NULL,NULL,NULL,NULL,NULL),(438,'attachcategory.statusname.archived','en_GB','Archived',1,-1,-1,'2016-08-22 20:26:38',-1,-1,'2016-08-22 20:26:38',NULL,NULL,NULL,NULL,NULL,NULL,NULL,NULL,NULL,NULL,NULL,NULL,NULL,NULL,NULL,NULL,NULL),(439,'attachcategory.archive','zh_CN','压缩',1,-1,-1,'2016-08-22 20:26:38',-1,-1,'2016-08-22 20:26:38',NULL,NULL,NULL,NULL,NULL,NULL,NULL,NULL,NULL,NULL,NULL,NULL,NULL,NULL,NULL,NULL,NULL),(440,'attachcategory.archive','en_GB','Archive',1,-1,-1,'2016-08-22 20:26:38',-1,-1,'2016-08-22 20:26:38',NULL,NULL,NULL,NULL,NULL,NULL,NULL,NULL,NULL,NULL,NULL,NULL,NULL,NULL,NULL,NULL,NULL),(441,'sysfile.filename','zh_CN','文件名',1,-1,-1,'2016-08-22 20:26:38',-1,-1,'2016-08-22 20:26:38',NULL,NULL,NULL,NULL,NULL,NULL,NULL,NULL,NULL,NULL,NULL,NULL,NULL,NULL,NULL,NULL,NULL),(442,'sysfile.filename','en_GB','File Name',1,-1,-1,'2016-08-22 20:26:38',-1,-1,'2016-08-22 20:26:38',NULL,NULL,NULL,NULL,NULL,NULL,NULL,NULL,NULL,NULL,NULL,NULL,NULL,NULL,NULL,NULL,NULL),(443,'sysfile.filesize','zh_CN','文件大小',1,-1,-1,'2016-08-22 20:26:38',-1,-1,'2016-08-22 20:26:38',NULL,NULL,NULL,NULL,NULL,NULL,NULL,NULL,NULL,NULL,NULL,NULL,NULL,NULL,NULL,NULL,NULL),(444,'sysfile.filesize','en_GB','File Size',1,-1,-1,'2016-08-22 20:26:38',-1,-1,'2016-08-22 20:26:38',NULL,NULL,NULL,NULL,NULL,NULL,NULL,NULL,NULL,NULL,NULL,NULL,NULL,NULL,NULL,NULL,NULL),(445,'sysfile.uploaddate','zh_CN','上传日期',1,-1,-1,'2016-08-22 20:26:38',-1,-1,'2016-08-22 20:26:38',NULL,NULL,NULL,NULL,NULL,NULL,NULL,NULL,NULL,NULL,NULL,NULL,NULL,NULL,NULL,NULL,NULL),(446,'sysfile.uploaddate','en_GB','Upload Date',1,-1,-1,'2016-08-22 20:26:38',-1,-1,'2016-08-22 20:26:38',NULL,NULL,NULL,NULL,NULL,NULL,NULL,NULL,NULL,NULL,NULL,NULL,NULL,NULL,NULL,NULL,NULL),(447,'sysfile.filetype','zh_CN','文件类型',1,-1,-1,'2016-08-22 20:26:38',-1,-1,'2016-08-22 20:26:38',NULL,NULL,NULL,NULL,NULL,NULL,NULL,NULL,NULL,NULL,NULL,NULL,NULL,NULL,NULL,NULL,NULL),(448,'sysfile.filetype','en_GB','File Type',1,-1,-1,'2016-08-22 20:26:38',-1,-1,'2016-08-22 20:26:38',NULL,NULL,NULL,NULL,NULL,NULL,NULL,NULL,NULL,NULL,NULL,NULL,NULL,NULL,NULL,NULL,NULL),(449,'hap.view','zh_CN','查看',1,-1,-1,'2016-08-22 20:26:38',-1,-1,'2016-08-22 20:26:38',NULL,NULL,NULL,NULL,NULL,NULL,NULL,NULL,NULL,NULL,NULL,NULL,NULL,NULL,NULL,NULL,NULL),(450,'hap.view','en_GB','View',1,-1,-1,'2016-08-22 20:26:39',-1,-1,'2016-08-22 20:26:39',NULL,NULL,NULL,NULL,NULL,NULL,NULL,NULL,NULL,NULL,NULL,NULL,NULL,NULL,NULL,NULL,NULL),(451,'sysfile.upload','zh_CN','上传',1,-1,-1,'2016-08-22 20:26:39',-1,-1,'2016-08-22 20:26:39',NULL,NULL,NULL,NULL,NULL,NULL,NULL,NULL,NULL,NULL,NULL,NULL,NULL,NULL,NULL,NULL,NULL),(452,'sysfile.upload','en_GB','Upload',1,-1,-1,'2016-08-22 20:26:39',-1,-1,'2016-08-22 20:26:39',NULL,NULL,NULL,NULL,NULL,NULL,NULL,NULL,NULL,NULL,NULL,NULL,NULL,NULL,NULL,NULL,NULL),(453,'hap.tip.info','zh_CN','提示',1,-1,-1,'2016-08-22 20:26:39',-1,-1,'2016-08-22 20:26:39',NULL,NULL,NULL,NULL,NULL,NULL,NULL,NULL,NULL,NULL,NULL,NULL,NULL,NULL,NULL,NULL,NULL),(454,'hap.tip.info','en_GB','Information',1,-1,-1,'2016-08-22 20:26:39',-1,-1,'2016-08-22 20:26:39',NULL,NULL,NULL,NULL,NULL,NULL,NULL,NULL,NULL,NULL,NULL,NULL,NULL,NULL,NULL,NULL,NULL),(455,'hap.tip.success','zh_CN','成功',1,-1,-1,'2016-08-22 20:26:39',-1,-1,'2016-08-22 20:26:39',NULL,NULL,NULL,NULL,NULL,NULL,NULL,NULL,NULL,NULL,NULL,NULL,NULL,NULL,NULL,NULL,NULL),(456,'hap.tip.success','en_GB','Success',1,-1,-1,'2016-08-22 20:26:39',-1,-1,'2016-08-22 20:26:39',NULL,NULL,NULL,NULL,NULL,NULL,NULL,NULL,NULL,NULL,NULL,NULL,NULL,NULL,NULL,NULL,NULL),(457,'function.resourcechoose','zh_CN','选择资源',1,-1,-1,'2016-08-22 20:26:39',-1,-1,'2016-08-22 20:26:39',NULL,NULL,NULL,NULL,NULL,NULL,NULL,NULL,NULL,NULL,NULL,NULL,NULL,NULL,NULL,NULL,NULL),(458,'function.resourcechoose','en_GB','Choose Resource',1,-1,-1,'2016-08-22 20:26:39',-1,-1,'2016-08-22 20:26:39',NULL,NULL,NULL,NULL,NULL,NULL,NULL,NULL,NULL,NULL,NULL,NULL,NULL,NULL,NULL,NULL,NULL),(459,'hap.tip.delete_confirm','zh_CN','确定删除？',1,-1,-1,'2016-08-22 20:26:39',-1,-1,'2016-08-22 20:26:39',NULL,NULL,NULL,NULL,NULL,NULL,NULL,NULL,NULL,NULL,NULL,NULL,NULL,NULL,NULL,NULL,NULL),(460,'hap.tip.delete_confirm','en_GB','Confirm Delete?',1,-1,-1,'2016-08-22 20:26:39',-1,-1,'2016-08-22 20:26:39',NULL,NULL,NULL,NULL,NULL,NULL,NULL,NULL,NULL,NULL,NULL,NULL,NULL,NULL,NULL,NULL,NULL),(461,'hap.confirm','zh_CN','确认',1,-1,-1,'2016-08-22 20:26:39',-1,-1,'2016-08-22 20:26:39',NULL,NULL,NULL,NULL,NULL,NULL,NULL,NULL,NULL,NULL,NULL,NULL,NULL,NULL,NULL,NULL,NULL),(462,'hap.confirm','en_GB','Confirm',1,-1,-1,'2016-08-22 20:26:39',-1,-1,'2016-08-22 20:26:39',NULL,NULL,NULL,NULL,NULL,NULL,NULL,NULL,NULL,NULL,NULL,NULL,NULL,NULL,NULL,NULL,NULL),(463,'role.changerole','zh_CN','切换角色',1,-1,-1,'2016-08-22 20:26:39',-1,-1,'2016-08-22 20:26:39',NULL,NULL,NULL,NULL,NULL,NULL,NULL,NULL,NULL,NULL,NULL,NULL,NULL,NULL,NULL,NULL,NULL),(464,'role.changerole','en_GB','Change Role',1,-1,-1,'2016-08-22 20:26:39',-1,-1,'2016-08-22 20:26:39',NULL,NULL,NULL,NULL,NULL,NULL,NULL,NULL,NULL,NULL,NULL,NULL,NULL,NULL,NULL,NULL,NULL),(472,'user.verificode','zh_CN','验证码',1,-1,-1,'2016-08-22 20:26:39',-1,-1,'2016-08-22 20:26:39',NULL,NULL,NULL,NULL,NULL,NULL,NULL,NULL,NULL,NULL,NULL,NULL,NULL,NULL,NULL,NULL,NULL),(473,'user.verificode','en_GB','Verify Code',1,-1,-1,'2016-08-22 20:26:39',-1,-1,'2016-08-22 20:26:39',NULL,NULL,NULL,NULL,NULL,NULL,NULL,NULL,NULL,NULL,NULL,NULL,NULL,NULL,NULL,NULL,NULL),(474,'account.common.logintip','zh_CN','请登录',1,-1,-1,'2016-08-22 20:26:39',-1,-1,'2016-08-22 20:26:39',NULL,NULL,NULL,NULL,NULL,NULL,NULL,NULL,NULL,NULL,NULL,NULL,NULL,NULL,NULL,NULL,NULL),(475,'account.common.logintip','en_GB','Please Login',1,-1,-1,'2016-08-22 20:26:39',-1,-1,'2016-08-22 20:26:39',NULL,NULL,NULL,NULL,NULL,NULL,NULL,NULL,NULL,NULL,NULL,NULL,NULL,NULL,NULL,NULL,NULL),(476,'hap.confirm_exit','zh_CN','确定退出？',1,-1,-1,'2016-08-22 20:26:39',-1,-1,'2016-08-22 20:26:39',NULL,NULL,NULL,NULL,NULL,NULL,NULL,NULL,NULL,NULL,NULL,NULL,NULL,NULL,NULL,NULL,NULL),(477,'hap.confirm_exit','en_GB','Quit?',1,-1,-1,'2016-08-22 20:26:39',-1,-1,'2016-08-22 20:26:39',NULL,NULL,NULL,NULL,NULL,NULL,NULL,NULL,NULL,NULL,NULL,NULL,NULL,NULL,NULL,NULL,NULL),(478,'rolefunction.select_role','zh_CN','选择角色',1,-1,-1,'2016-08-22 20:26:39',-1,-1,'2016-08-22 20:26:39',NULL,NULL,NULL,NULL,NULL,NULL,NULL,NULL,NULL,NULL,NULL,NULL,NULL,NULL,NULL,NULL,NULL),(479,'rolefunction.select_role','en_GB','Select Role',1,-1,-1,'2016-08-22 20:26:39',-1,-1,'2016-08-22 20:26:39',NULL,NULL,NULL,NULL,NULL,NULL,NULL,NULL,NULL,NULL,NULL,NULL,NULL,NULL,NULL,NULL,NULL),(480,'hap.login','zh_CN','登录',1,-1,-1,'2016-08-22 20:26:39',-1,-1,'2016-08-22 20:26:39',NULL,NULL,NULL,NULL,NULL,NULL,NULL,NULL,NULL,NULL,NULL,NULL,NULL,NULL,NULL,NULL,NULL),(481,'hap.login','en_GB','Login',1,-1,-1,'2016-08-22 20:26:39',-1,-1,'2016-08-22 20:26:39',NULL,NULL,NULL,NULL,NULL,NULL,NULL,NULL,NULL,NULL,NULL,NULL,NULL,NULL,NULL,NULL,NULL),(482,'hap.multilanguage_editor','zh_CN','多语言编辑',1,-1,-1,'2016-08-22 20:26:39',-1,-1,'2016-08-22 20:26:39',NULL,NULL,NULL,NULL,NULL,NULL,NULL,NULL,NULL,NULL,NULL,NULL,NULL,NULL,NULL,NULL,NULL),(483,'hap.multilanguage_editor','en_GB','MultiLangauge Edit',1,-1,-1,'2016-08-22 20:26:39',-1,-1,'2016-08-22 20:26:39',NULL,NULL,NULL,NULL,NULL,NULL,NULL,NULL,NULL,NULL,NULL,NULL,NULL,NULL,NULL,NULL,NULL),(484,'error.login.verification_code_error','zh_CN','验证码错误',1,-1,-1,'2016-08-22 20:26:39',-1,-1,'2016-08-22 20:26:39',NULL,NULL,NULL,NULL,NULL,NULL,NULL,NULL,NULL,NULL,NULL,NULL,NULL,NULL,NULL,NULL,NULL),(485,'error.login.verification_code_error','en_GB','Verification Code Error',1,-1,-1,'2016-08-22 20:26:39',-1,-1,'2016-08-22 20:26:39',NULL,NULL,NULL,NULL,NULL,NULL,NULL,NULL,NULL,NULL,NULL,NULL,NULL,NULL,NULL,NULL,NULL),(488,'error.login.name_password_not_match','zh_CN','用户名或密码错误',1,-1,-1,'2016-08-22 20:26:39',-1,-1,'2016-08-22 20:26:39',NULL,NULL,NULL,NULL,NULL,NULL,NULL,NULL,NULL,NULL,NULL,NULL,NULL,NULL,NULL,NULL,NULL),(489,'error.login.name_password_not_match','en_GB','Wrong user name or password',1,-1,-1,'2016-08-22 20:26:39',-1,-1,'2016-08-22 20:26:39',NULL,NULL,NULL,NULL,NULL,NULL,NULL,NULL,NULL,NULL,NULL,NULL,NULL,NULL,NULL,NULL,NULL),(490,'hfs.ass.fruit.fruitdescription','zh_CN','水果描述',1,-1,-1,'2016-08-23 21:34:17',3,3,'2016-08-23 21:34:17',3,NULL,NULL,NULL,NULL,NULL,NULL,NULL,NULL,NULL,NULL,NULL,NULL,NULL,NULL,NULL,NULL),(491,'hfs.ass.fruit.fruitdescription','en_GB','FruitDescription',2,-1,-1,'2016-08-23 21:34:17',3,3,'2016-08-25 15:01:11',3,NULL,NULL,NULL,NULL,NULL,NULL,NULL,NULL,NULL,NULL,NULL,NULL,NULL,NULL,NULL,NULL),(492,'hfs.ass.fruit.date','en_GB','fruitDate',1,-1,-1,'2016-08-25 15:01:11',3,3,'2016-08-25 15:01:11',3,NULL,NULL,NULL,NULL,NULL,NULL,NULL,NULL,NULL,NULL,NULL,NULL,NULL,NULL,NULL,NULL),(493,'hfs.ass.fruit.date','zh_CN','日期',1,-1,-1,'2016-08-25 15:01:11',3,3,'2016-08-25 15:01:11',3,NULL,NULL,NULL,NULL,NULL,NULL,NULL,NULL,NULL,NULL,NULL,NULL,NULL,NULL,NULL,NULL),(494,'sysfile.download','zh_CN','下载',1,-1,-1,'2016-08-25 20:18:50',3,3,'2016-08-25 20:18:50',3,NULL,NULL,NULL,NULL,NULL,NULL,NULL,NULL,NULL,NULL,NULL,NULL,NULL,NULL,NULL,NULL),(495,'sysfile.download','en_GB','download',1,-1,-1,'2016-08-25 20:18:50',3,3,'2016-08-25 20:18:50',3,NULL,NULL,NULL,NULL,NULL,NULL,NULL,NULL,NULL,NULL,NULL,NULL,NULL,NULL,NULL,NULL),(496,'hap.sales.companyname','zh_CN','公司名称',1,-1,-1,'2016-08-26 15:51:00',3,3,'2016-08-26 15:51:00',3,NULL,NULL,NULL,NULL,NULL,NULL,NULL,NULL,NULL,NULL,NULL,NULL,NULL,NULL,NULL,NULL),(497,'hap.sales.companyname','en_GB','companyName',1,-1,-1,'2016-08-26 15:51:00',3,3,'2016-08-26 15:51:00',3,NULL,NULL,NULL,NULL,NULL,NULL,NULL,NULL,NULL,NULL,NULL,NULL,NULL,NULL,NULL,NULL),(498,'hap.sales.companynumber','zh_CN','公司代码',1,-1,-1,'2016-08-26 15:51:00',3,3,'2016-08-26 15:51:00',3,NULL,NULL,NULL,NULL,NULL,NULL,NULL,NULL,NULL,NULL,NULL,NULL,NULL,NULL,NULL,NULL),(499,'hap.sales.companynumber','en_GB','companyNumber',1,-1,-1,'2016-08-26 15:51:00',3,3,'2016-08-26 15:51:00',3,NULL,NULL,NULL,NULL,NULL,NULL,NULL,NULL,NULL,NULL,NULL,NULL,NULL,NULL,NULL,NULL),(500,'hap.sales.companyid','zh_CN','公司ID',1,-1,-1,'2016-08-26 15:57:05',3,3,'2016-08-26 15:57:05',3,NULL,NULL,NULL,NULL,NULL,NULL,NULL,NULL,NULL,NULL,NULL,NULL,NULL,NULL,NULL,NULL),(501,'hap.sales.companyid','en_GB','companyId',1,-1,-1,'2016-08-26 15:57:05',3,3,'2016-08-26 15:57:05',3,NULL,NULL,NULL,NULL,NULL,NULL,NULL,NULL,NULL,NULL,NULL,NULL,NULL,NULL,NULL,NULL),(502,'hap.sales.customername','zh_CN','客户名称',1,-1,-1,'2016-08-26 15:57:05',3,3,'2016-08-26 15:57:05',3,NULL,NULL,NULL,NULL,NULL,NULL,NULL,NULL,NULL,NULL,NULL,NULL,NULL,NULL,NULL,NULL),(503,'hap.sales.customername','en_GB','customerName',1,-1,-1,'2016-08-26 15:57:05',3,3,'2016-08-26 15:57:05',3,NULL,NULL,NULL,NULL,NULL,NULL,NULL,NULL,NULL,NULL,NULL,NULL,NULL,NULL,NULL,NULL),(504,'hap.sales.customerid','zh_CN','客户ID',2,-1,-1,'2016-08-26 15:57:05',3,3,'2016-08-26 16:55:13',3,NULL,NULL,NULL,NULL,NULL,NULL,NULL,NULL,NULL,NULL,NULL,NULL,NULL,NULL,NULL,NULL),(505,'hap.sales.customerid','en_GB','cusromerId',1,-1,-1,'2016-08-26 15:57:05',3,3,'2016-08-26 15:57:05',3,NULL,NULL,NULL,NULL,NULL,NULL,NULL,NULL,NULL,NULL,NULL,NULL,NULL,NULL,NULL,NULL),(506,'hap.sales.ordernumber','zh_CN','销售订单号',1,-1,-1,'2016-08-26 16:38:47',3,3,'2016-08-26 16:38:47',3,NULL,NULL,NULL,NULL,NULL,NULL,NULL,NULL,NULL,NULL,NULL,NULL,NULL,NULL,NULL,NULL),(507,'hap.sales.ordernumber','en_GB','orderNumber',1,-1,-1,'2016-08-26 16:38:47',3,3,'2016-08-26 16:38:47',3,NULL,NULL,NULL,NULL,NULL,NULL,NULL,NULL,NULL,NULL,NULL,NULL,NULL,NULL,NULL,NULL),(508,'hap.sales.inventoryitemcode','zh_CN','物料编码',1,-1,-1,'2016-08-26 16:38:47',3,3,'2016-08-26 16:38:47',3,NULL,NULL,NULL,NULL,NULL,NULL,NULL,NULL,NULL,NULL,NULL,NULL,NULL,NULL,NULL,NULL),(509,'hap.sales.inventoryitemcode','en_GB','inventoryItemCode',1,-1,-1,'2016-08-26 16:38:47',3,3,'2016-08-26 16:38:47',3,NULL,NULL,NULL,NULL,NULL,NULL,NULL,NULL,NULL,NULL,NULL,NULL,NULL,NULL,NULL,NULL),(510,'hap.sales.inventoryitemdescription','zh_CN','物料描述',1,-1,-1,'2016-08-26 16:38:47',3,3,'2016-08-26 16:38:47',3,NULL,NULL,NULL,NULL,NULL,NULL,NULL,NULL,NULL,NULL,NULL,NULL,NULL,NULL,NULL,NULL),(511,'hap.sales.inventoryitemdescription','en_GB','inventoryItemDescription',1,-1,-1,'2016-08-26 16:38:47',3,3,'2016-08-26 16:38:47',3,NULL,NULL,NULL,NULL,NULL,NULL,NULL,NULL,NULL,NULL,NULL,NULL,NULL,NULL,NULL,NULL),(512,'hap.sales.exportexcel','zh_CN','导出Excel',1,-1,-1,'2016-08-26 16:38:47',3,3,'2016-08-26 16:38:47',3,NULL,NULL,NULL,NULL,NULL,NULL,NULL,NULL,NULL,NULL,NULL,NULL,NULL,NULL,NULL,NULL),(513,'hap.sales.exportexcel','en_GB','exportExcel',1,-1,-1,'2016-08-26 16:38:47',3,3,'2016-08-26 16:38:47',3,NULL,NULL,NULL,NULL,NULL,NULL,NULL,NULL,NULL,NULL,NULL,NULL,NULL,NULL,NULL,NULL),(516,'hap.sales.orderdate','zh_CN','订单日期',1,-1,-1,'2016-08-26 16:50:55',3,3,'2016-08-26 16:50:55',3,NULL,NULL,NULL,NULL,NULL,NULL,NULL,NULL,NULL,NULL,NULL,NULL,NULL,NULL,NULL,NULL),(517,'hap.sales.orderdate','en_GB','orderDate',1,-1,-1,'2016-08-26 16:50:55',3,3,'2016-08-26 16:50:55',3,NULL,NULL,NULL,NULL,NULL,NULL,NULL,NULL,NULL,NULL,NULL,NULL,NULL,NULL,NULL,NULL),(518,'hap.sales.orderstatus','zh_CN','订单状态',1,-1,-1,'2016-08-26 16:51:26',3,3,'2016-08-26 16:51:26',3,NULL,NULL,NULL,NULL,NULL,NULL,NULL,NULL,NULL,NULL,NULL,NULL,NULL,NULL,NULL,NULL),(519,'hap.sales.orderstatus','en_GB','orderStatus',1,-1,-1,'2016-08-26 16:51:26',3,3,'2016-08-26 16:51:26',3,NULL,NULL,NULL,NULL,NULL,NULL,NULL,NULL,NULL,NULL,NULL,NULL,NULL,NULL,NULL,NULL),(520,'hap.sales.orderamount','zh_CN','订单金额',1,-1,-1,'2016-08-26 16:52:08',3,3,'2016-08-26 16:52:08',3,NULL,NULL,NULL,NULL,NULL,NULL,NULL,NULL,NULL,NULL,NULL,NULL,NULL,NULL,NULL,NULL),(521,'hap.sales.orderamount','en_GB','orderAmount',1,-1,-1,'2016-08-26 16:52:08',3,3,'2016-08-26 16:52:08',3,NULL,NULL,NULL,NULL,NULL,NULL,NULL,NULL,NULL,NULL,NULL,NULL,NULL,NULL,NULL,NULL),(524,'hap.sales.customernumber','zh_CN','客户编码',1,-1,-1,'2016-08-26 18:43:07',3,3,'2016-08-26 18:43:07',3,NULL,NULL,NULL,NULL,NULL,NULL,NULL,NULL,NULL,NULL,NULL,NULL,NULL,NULL,NULL,NULL),(525,'hap.sales.customernumber','en_GB','customerNumber',1,-1,-1,'2016-08-26 18:43:07',3,3,'2016-08-26 18:43:07',3,NULL,NULL,NULL,NULL,NULL,NULL,NULL,NULL,NULL,NULL,NULL,NULL,NULL,NULL,NULL,NULL),(526,'orderstatus.rejected','en_GB','rejected',2,-1,-1,'2016-08-27 16:10:18',3,3,'2016-08-27 17:15:19',3,NULL,NULL,NULL,NULL,NULL,NULL,NULL,NULL,NULL,NULL,NULL,NULL,NULL,NULL,NULL,NULL),(527,'orderstatus.rejected','zh_CN','已拒绝',2,-1,-1,'2016-08-27 16:10:18',3,3,'2016-08-27 17:15:20',3,NULL,NULL,NULL,NULL,NULL,NULL,NULL,NULL,NULL,NULL,NULL,NULL,NULL,NULL,NULL,NULL),(528,'orderstatus.create','en_GB','create',2,-1,-1,'2016-08-27 16:10:18',3,3,'2016-08-27 16:18:06',3,NULL,NULL,NULL,NULL,NULL,NULL,NULL,NULL,NULL,NULL,NULL,NULL,NULL,NULL,NULL,NULL),(529,'orderstatus.create','zh_CN','新建',2,-1,-1,'2016-08-27 16:10:18',3,3,'2016-08-27 16:18:06',3,NULL,NULL,NULL,NULL,NULL,NULL,NULL,NULL,NULL,NULL,NULL,NULL,NULL,NULL,NULL,NULL),(530,'orderstatus.approved','en_GB','resolved',1,-1,-1,'2016-08-27 16:10:18',3,3,'2016-08-27 16:10:18',3,NULL,NULL,NULL,NULL,NULL,NULL,NULL,NULL,NULL,NULL,NULL,NULL,NULL,NULL,NULL,NULL),(531,'orderstatus.approved','zh_CN','已审批',1,-1,-1,'2016-08-27 16:10:18',3,3,'2016-08-27 16:10:18',3,NULL,NULL,NULL,NULL,NULL,NULL,NULL,NULL,NULL,NULL,NULL,NULL,NULL,NULL,NULL,NULL),(532,'orderstatus.submited','en_GB','submited',1,-1,-1,'2016-08-27 16:10:18',3,3,'2016-08-27 16:10:18',3,NULL,NULL,NULL,NULL,NULL,NULL,NULL,NULL,NULL,NULL,NULL,NULL,NULL,NULL,NULL,NULL),(533,'orderstatus.submited','zh_CN','已提交',1,-1,-1,'2016-08-27 16:10:19',3,3,'2016-08-27 16:10:19',3,NULL,NULL,NULL,NULL,NULL,NULL,NULL,NULL,NULL,NULL,NULL,NULL,NULL,NULL,NULL,NULL);

#
# Data for table "sys_resource_b"
#

INSERT INTO `sys_resource_b` (`RESOURCE_ID`,`URL`,`TYPE`,`NAME`,`DESCRIPTION`,`LOGIN_REQUIRE`,`ACCESS_CHECK`,`OBJECT_VERSION_NUMBER`,`REQUEST_ID`,`PROGRAM_ID`,`CREATION_DATE`,`CREATED_BY`,`LAST_UPDATED_BY`,`LAST_UPDATE_DATE`,`LAST_UPDATE_LOGIN`,`ATTRIBUTE_CATEGORY`,`ATTRIBUTE1`,`ATTRIBUTE2`,`ATTRIBUTE3`,`ATTRIBUTE4`,`ATTRIBUTE5`,`ATTRIBUTE6`,`ATTRIBUTE7`,`ATTRIBUTE8`,`ATTRIBUTE9`,`ATTRIBUTE10`,`ATTRIBUTE11`,`ATTRIBUTE12`,`ATTRIBUTE13`,`ATTRIBUTE14`,`ATTRIBUTE15`) VALUES (101,'sys/sys_function.html','HTML','功能管理','功能管理','Y','Y',1,-1,-1,'2016-08-22 20:26:39',-1,-1,'2016-08-22 20:26:39',NULL,NULL,NULL,NULL,NULL,NULL,NULL,NULL,NULL,NULL,NULL,NULL,NULL,NULL,NULL,NULL,NULL),(102,'sys/sys_prompt.html','HTML','描述维护','描述维护','Y','Y',1,-1,-1,'2016-08-22 20:26:39',-1,-1,'2016-08-22 20:26:39',NULL,NULL,NULL,NULL,NULL,NULL,NULL,NULL,NULL,NULL,NULL,NULL,NULL,NULL,NULL,NULL,NULL),(103,'sys/sys_code.html','HTML','代码维护','代码维护','Y','Y',1,-1,-1,'2016-08-22 20:26:39',-1,-1,'2016-08-22 20:26:39',NULL,NULL,NULL,NULL,NULL,NULL,NULL,NULL,NULL,NULL,NULL,NULL,NULL,NULL,NULL,NULL,NULL),(104,'sys/sys_lov.html','HTML','LOV维护','LOV维护','Y','Y',1,-1,-1,'2016-08-22 20:26:39',-1,-1,'2016-08-22 20:26:39',NULL,NULL,NULL,NULL,NULL,NULL,NULL,NULL,NULL,NULL,NULL,NULL,NULL,NULL,NULL,NULL,NULL),(105,'sys/sys_profile.html','HTML','配置维护','配置维护','Y','Y',1,-1,-1,'2016-08-22 20:26:39',-1,-1,'2016-08-22 20:26:39',NULL,NULL,NULL,NULL,NULL,NULL,NULL,NULL,NULL,NULL,NULL,NULL,NULL,NULL,NULL,NULL,NULL),(121,'sys/sys_resource.html','HTML','资源注册','资源注册','Y','Y',1,-1,-1,'2016-08-22 20:26:39',-1,-1,'2016-08-22 20:26:39',NULL,NULL,NULL,NULL,NULL,NULL,NULL,NULL,NULL,NULL,NULL,NULL,NULL,NULL,NULL,NULL,NULL),(122,'sys/sys_role_function.html','HTML','功能分配','功能分配','Y','Y',1,-1,-1,'2016-08-22 20:26:39',-1,-1,'2016-08-22 20:26:39',NULL,NULL,NULL,NULL,NULL,NULL,NULL,NULL,NULL,NULL,NULL,NULL,NULL,NULL,NULL,NULL,NULL),(123,'sys/sys_user.html','HTML','用户管理','用户管理','Y','Y',1,-1,-1,'2016-08-22 20:26:39',-1,-1,'2016-08-22 20:26:39',NULL,NULL,NULL,NULL,NULL,NULL,NULL,NULL,NULL,NULL,NULL,NULL,NULL,NULL,NULL,NULL,NULL),(125,'sys/sys_role.html','HTML','角色管理','角色管理','Y','Y',1,-1,-1,'2016-08-22 20:26:39',-1,-1,'2016-08-22 20:26:39',NULL,NULL,NULL,NULL,NULL,NULL,NULL,NULL,NULL,NULL,NULL,NULL,NULL,NULL,NULL,NULL,NULL),(126,'sys/sys_user_role.html','HTML','角色分配','角色分配','Y','Y',1,-1,-1,'2016-08-22 20:26:39',-1,-1,'2016-08-22 20:26:39',NULL,NULL,NULL,NULL,NULL,NULL,NULL,NULL,NULL,NULL,NULL,NULL,NULL,NULL,NULL,NULL,NULL),(127,'job/job_detail.html','HTML','任务明细','任务明细','Y','Y',1,-1,-1,'2016-08-22 20:26:39',-1,-1,'2016-08-22 20:26:39',NULL,NULL,NULL,NULL,NULL,NULL,NULL,NULL,NULL,NULL,NULL,NULL,NULL,NULL,NULL,NULL,NULL),(128,'job/job_running_info.html','HTML','执行记录','执行记录','Y','Y',1,-1,-1,'2016-08-22 20:26:39',-1,-1,'2016-08-22 20:26:39',NULL,NULL,NULL,NULL,NULL,NULL,NULL,NULL,NULL,NULL,NULL,NULL,NULL,NULL,NULL,NULL,NULL),(142,'sys/sys_language.html','HTML','语言维护','语言维护','Y','Y',1,-1,-1,'2016-08-22 20:26:39',-1,-1,'2016-08-22 20:26:39',NULL,NULL,NULL,NULL,NULL,NULL,NULL,NULL,NULL,NULL,NULL,NULL,NULL,NULL,NULL,NULL,NULL),(143,'mail/sys_message_email_config.html','HTML','邮件账户','邮件账户','Y','Y',1,-1,-1,'2016-08-22 20:26:39',-1,-1,'2016-08-22 20:26:39',NULL,NULL,NULL,NULL,NULL,NULL,NULL,NULL,NULL,NULL,NULL,NULL,NULL,NULL,NULL,NULL,NULL),(144,'mail/sys_message_template.html','HTML','邮件模板','邮件模板','Y','Y',1,-1,-1,'2016-08-22 20:26:39',-1,-1,'2016-08-22 20:26:39',NULL,NULL,NULL,NULL,NULL,NULL,NULL,NULL,NULL,NULL,NULL,NULL,NULL,NULL,NULL,NULL,NULL),(145,'mail/sys_message_test.html','HTML','邮件测试','邮件测试','Y','Y',1,-1,-1,'2016-08-22 20:26:39',-1,-1,'2016-08-22 20:26:39',NULL,NULL,NULL,NULL,NULL,NULL,NULL,NULL,NULL,NULL,NULL,NULL,NULL,NULL,NULL,NULL,NULL),(146,'attach/sys_attach_category_manage.html','HTML','目录管理','目录管理','Y','Y',1,-1,-1,'2016-08-22 20:26:39',-1,-1,'2016-08-22 20:26:39',NULL,NULL,NULL,NULL,NULL,NULL,NULL,NULL,NULL,NULL,NULL,NULL,NULL,NULL,NULL,NULL,NULL),(147,'attach/sys_attach_category_edit.html','HTML','目录编辑','目录编辑','Y','Y',1,-1,-1,'2016-08-22 20:26:39',-1,-1,'2016-08-22 20:26:39',NULL,NULL,NULL,NULL,NULL,NULL,NULL,NULL,NULL,NULL,NULL,NULL,NULL,NULL,NULL,NULL,NULL),(148,'attach/sys_file_manage.html','HTML','文件管理','文件管理','Y','Y',1,-1,-1,'2016-08-22 20:26:39',-1,-1,'2016-08-22 20:26:39',NULL,NULL,NULL,NULL,NULL,NULL,NULL,NULL,NULL,NULL,NULL,NULL,NULL,NULL,NULL,NULL,NULL),(149,'attach/sys_attachment_create.html','HTML','上传测试','上传测试','Y','Y',1,-1,-1,'2016-08-22 20:26:39',-1,-1,'2016-08-22 20:26:39',NULL,NULL,NULL,NULL,NULL,NULL,NULL,NULL,NULL,NULL,NULL,NULL,NULL,NULL,NULL,NULL,NULL),(150,'403.html','HTML','403','403','N','N',1,-1,-1,'2016-08-22 20:26:39',-1,-1,'2016-08-22 20:26:39',NULL,NULL,NULL,NULL,NULL,NULL,NULL,NULL,NULL,NULL,NULL,NULL,NULL,NULL,NULL,NULL,NULL),(151,'404.html','HTML','404','404','N','N',1,-1,-1,'2016-08-22 20:26:39',-1,-1,'2016-08-22 20:26:39',NULL,NULL,NULL,NULL,NULL,NULL,NULL,NULL,NULL,NULL,NULL,NULL,NULL,NULL,NULL,NULL,NULL),(152,'500.html','HTML','500','500','N','N',1,-1,-1,'2016-08-22 20:26:39',-1,-1,'2016-08-22 20:26:39',NULL,NULL,NULL,NULL,NULL,NULL,NULL,NULL,NULL,NULL,NULL,NULL,NULL,NULL,NULL,NULL,NULL),(153,'login.html','HTML','登录','登录','N','N',1,-1,-1,'2016-08-22 20:26:39',-1,-1,'2016-08-22 20:26:39',NULL,NULL,NULL,NULL,NULL,NULL,NULL,NULL,NULL,NULL,NULL,NULL,NULL,NULL,NULL,NULL,NULL),(154,'index.html','HTML','首页','首页','Y','N',1,-1,-1,'2016-08-22 20:26:39',-1,-1,'2016-08-22 20:26:39',NULL,NULL,NULL,NULL,NULL,NULL,NULL,NULL,NULL,NULL,NULL,NULL,NULL,NULL,NULL,NULL,NULL),(155,'role.html','HTML','角色选择','角色选择','Y','N',1,-1,-1,'2016-08-22 20:26:39',-1,-1,'2016-08-22 20:26:39',NULL,NULL,NULL,NULL,NULL,NULL,NULL,NULL,NULL,NULL,NULL,NULL,NULL,NULL,NULL,NULL,NULL),(156,'timeout.html','HTML','超时','超时','N','N',1,-1,-1,'2016-08-22 20:26:39',-1,-1,'2016-08-22 20:26:39',NULL,NULL,NULL,NULL,NULL,NULL,NULL,NULL,NULL,NULL,NULL,NULL,NULL,NULL,NULL,NULL,NULL),(157,'sys/sys_code_edit.html','HTML','编辑快码','编辑快码','Y','Y',1,-1,-1,'2016-08-22 20:26:39',-1,-1,'2016-08-22 20:26:39',NULL,NULL,NULL,NULL,NULL,NULL,NULL,NULL,NULL,NULL,NULL,NULL,NULL,NULL,NULL,NULL,NULL),(158,'sys/sys_function_addresource.html','HTML','添加资源','添加资源','Y','Y',1,-1,-1,'2016-08-22 20:26:39',-1,-1,'2016-08-22 20:26:39',NULL,NULL,NULL,NULL,NULL,NULL,NULL,NULL,NULL,NULL,NULL,NULL,NULL,NULL,NULL,NULL,NULL),(159,'sys_function_resource.html','HTML','功能资源','功能资源','Y','Y',1,-1,-1,'2016-08-22 20:26:39',-1,-1,'2016-08-22 20:26:39',NULL,NULL,NULL,NULL,NULL,NULL,NULL,NULL,NULL,NULL,NULL,NULL,NULL,NULL,NULL,NULL,NULL),(160,'sys/sys_lov_edit.html','HTML','编辑 LOV','编辑 LOV','Y','Y',1,-1,-1,'2016-08-22 20:26:39',-1,-1,'2016-08-22 20:26:39',NULL,NULL,NULL,NULL,NULL,NULL,NULL,NULL,NULL,NULL,NULL,NULL,NULL,NULL,NULL,NULL,NULL),(161,'sys/sys_lov_preview.html','HTML','LOV 预览','LOV 预览','Y','Y',1,-1,-1,'2016-08-22 20:26:39',-1,-1,'2016-08-22 20:26:39',NULL,NULL,NULL,NULL,NULL,NULL,NULL,NULL,NULL,NULL,NULL,NULL,NULL,NULL,NULL,NULL,NULL),(162,'sys/sys_multilanguage_editor.html','HTML','多语言编辑器','多语言编辑器','Y','N',1,-1,-1,'2016-08-22 20:26:39',-1,-1,'2016-08-22 20:26:39',NULL,NULL,NULL,NULL,NULL,NULL,NULL,NULL,NULL,NULL,NULL,NULL,NULL,NULL,NULL,NULL,NULL),(163,'sys/sys_profile_edit.html','HTML','编辑配置文件','编辑配置文件','Y','Y',1,-1,-1,'2016-08-22 20:26:39',-1,-1,'2016-08-22 20:26:39',NULL,NULL,NULL,NULL,NULL,NULL,NULL,NULL,NULL,NULL,NULL,NULL,NULL,NULL,NULL,NULL,NULL),(164,'sys/sys_resource_item.html','HTML','资源组件','资源组件','Y','Y',1,-1,-1,'2016-08-22 20:26:39',-1,-1,'2016-08-22 20:26:39',NULL,NULL,NULL,NULL,NULL,NULL,NULL,NULL,NULL,NULL,NULL,NULL,NULL,NULL,NULL,NULL,NULL),(165,'sys/sys_role_resource_item.html','HTML','分配资源组件','分配资源组件','Y','Y',1,-1,-1,'2016-08-22 20:26:39',-1,-1,'2016-08-22 20:26:39',NULL,NULL,NULL,NULL,NULL,NULL,NULL,NULL,NULL,NULL,NULL,NULL,NULL,NULL,NULL,NULL,NULL),(166,'sys/sys_user_chooserole.html','HTML','选择角色','选择角色','Y','Y',1,-1,-1,'2016-08-22 20:26:39',-1,-1,'2016-08-22 20:26:39',NULL,NULL,NULL,NULL,NULL,NULL,NULL,NULL,NULL,NULL,NULL,NULL,NULL,NULL,NULL,NULL,NULL),(167,'sys/um/sys_login_success.html','HTML','登录成功','登录成功','Y','N',1,-1,-1,'2016-08-22 20:26:39',-1,-1,'2016-08-22 20:26:39',NULL,NULL,NULL,NULL,NULL,NULL,NULL,NULL,NULL,NULL,NULL,NULL,NULL,NULL,NULL,NULL,NULL),(168,'sys/um/sys_update_password.html','HTML','更改密码','更改密码','Y','N',1,-1,-1,'2016-08-22 20:26:39',-1,-1,'2016-08-22 20:26:39',NULL,NULL,NULL,NULL,NULL,NULL,NULL,NULL,NULL,NULL,NULL,NULL,NULL,NULL,NULL,NULL,NULL),(169,'sys/um/sys_user_info.html','HTML','用户信息','用户信息','Y','N',1,-1,-1,'2016-08-22 20:26:39',-1,-1,'2016-08-22 20:26:39',NULL,NULL,NULL,NULL,NULL,NULL,NULL,NULL,NULL,NULL,NULL,NULL,NULL,NULL,NULL,NULL,NULL),(170,'sys_icon.html','HTML','图标选择','图标选择','Y','N',1,-1,-1,'2016-08-22 20:26:39',-1,-1,'2016-08-22 20:26:39',NULL,NULL,NULL,NULL,NULL,NULL,NULL,NULL,NULL,NULL,NULL,NULL,NULL,NULL,NULL,NULL,NULL),(171,'sys/role/queryRoleNotUserRole','SERVICE','选择非当前角色','选择非当前角色','Y','Y',1,-1,-1,'2016-08-22 20:26:39',-1,-1,'2016-08-22 20:26:39',NULL,NULL,NULL,NULL,NULL,NULL,NULL,NULL,NULL,NULL,NULL,NULL,NULL,NULL,NULL,NULL,NULL),(172,'sys/role/query','SERVICE','角色查询','角色查询','Y','Y',1,-1,-1,'2016-08-22 20:26:39',-1,-1,'2016-08-22 20:26:39',NULL,NULL,NULL,NULL,NULL,NULL,NULL,NULL,NULL,NULL,NULL,NULL,NULL,NULL,NULL,NULL,NULL),(173,'sys/role/submit','SERVICE','角色更新','角色更新','Y','Y',1,-1,-1,'2016-08-22 20:26:39',-1,-1,'2016-08-22 20:26:39',NULL,NULL,NULL,NULL,NULL,NULL,NULL,NULL,NULL,NULL,NULL,NULL,NULL,NULL,NULL,NULL,NULL),(174,'sys/role/delete','SERVICE','角色删除','角色删除','Y','Y',1,-1,-1,'2016-08-22 20:26:39',-1,-1,'2016-08-22 20:26:39',NULL,NULL,NULL,NULL,NULL,NULL,NULL,NULL,NULL,NULL,NULL,NULL,NULL,NULL,NULL,NULL,NULL),(175,'sys/user/query','SERVICE','用户查询','用户查询','Y','Y',1,-1,-1,'2016-08-22 20:26:39',-1,-1,'2016-08-22 20:26:39',NULL,NULL,NULL,NULL,NULL,NULL,NULL,NULL,NULL,NULL,NULL,NULL,NULL,NULL,NULL,NULL,NULL),(176,'sys/user/submit','SERVICE','更新用户','更新用户','Y','Y',1,-1,-1,'2016-08-22 20:26:39',-1,-1,'2016-08-22 20:26:39',NULL,NULL,NULL,NULL,NULL,NULL,NULL,NULL,NULL,NULL,NULL,NULL,NULL,NULL,NULL,NULL,NULL),(177,'sys/user/remove','SERVICE','删除用户','删除用户','Y','Y',1,-1,-1,'2016-08-22 20:26:39',-1,-1,'2016-08-22 20:26:39',NULL,NULL,NULL,NULL,NULL,NULL,NULL,NULL,NULL,NULL,NULL,NULL,NULL,NULL,NULL,NULL,NULL),(178,'sys/um/updateUserInfo','SERVICE','更新个人信息','更新个人信息','Y','N',1,-1,-1,'2016-08-22 20:26:39',-1,-1,'2016-08-22 20:26:39',NULL,NULL,NULL,NULL,NULL,NULL,NULL,NULL,NULL,NULL,NULL,NULL,NULL,NULL,NULL,NULL,NULL),(179,'sys/um/isExistsUser','SERVICE','用户是否存在','用户是否存在','Y','N',1,-1,-1,'2016-08-22 20:26:39',-1,-1,'2016-08-22 20:26:39',NULL,NULL,NULL,NULL,NULL,NULL,NULL,NULL,NULL,NULL,NULL,NULL,NULL,NULL,NULL,NULL,NULL),(180,'sys/um/isExistsPhone','SERVICE','电话号码检查','电话号码检查','Y','N',1,-1,-1,'2016-08-22 20:26:39',-1,-1,'2016-08-22 20:26:39',NULL,NULL,NULL,NULL,NULL,NULL,NULL,NULL,NULL,NULL,NULL,NULL,NULL,NULL,NULL,NULL,NULL),(181,'sys/um/isExistsEmail','SERVICE','用户邮件检查','用户邮件检查','Y','N',1,-1,-1,'2016-08-22 20:26:39',-1,-1,'2016-08-22 20:26:39',NULL,NULL,NULL,NULL,NULL,NULL,NULL,NULL,NULL,NULL,NULL,NULL,NULL,NULL,NULL,NULL,NULL),(182,'sys/um/query','SERVICE','用户信息查询','用户信息查询','Y','N',1,-1,-1,'2016-08-22 20:26:39',-1,-1,'2016-08-22 20:26:39',NULL,NULL,NULL,NULL,NULL,NULL,NULL,NULL,NULL,NULL,NULL,NULL,NULL,NULL,NULL,NULL,NULL),(183,'sys/um/getSingleUser','SERVICE','单条用户信息','单条用户信息','Y','N',1,-1,-1,'2016-08-22 20:26:39',-1,-1,'2016-08-22 20:26:39',NULL,NULL,NULL,NULL,NULL,NULL,NULL,NULL,NULL,NULL,NULL,NULL,NULL,NULL,NULL,NULL,NULL),(184,'sys/um/updatePassword','SERVICE','更改密码','更改密码','Y','N',1,-1,-1,'2016-08-22 20:26:39',-1,-1,'2016-08-22 20:26:39',NULL,NULL,NULL,NULL,NULL,NULL,NULL,NULL,NULL,NULL,NULL,NULL,NULL,NULL,NULL,NULL,NULL),(185,'sys/userrole/queryUserRoles','SERVICE','查询用户角色','查询用户角色','Y','N',1,-1,-1,'2016-08-22 20:26:39',-1,-1,'2016-08-22 20:26:39',NULL,NULL,NULL,NULL,NULL,NULL,NULL,NULL,NULL,NULL,NULL,NULL,NULL,NULL,NULL,NULL,NULL),(186,'sys/userrole/submit','SERVICE','保存用户角色','保存用户角色','Y','Y',1,-1,-1,'2016-08-22 20:26:39',-1,-1,'2016-08-22 20:26:39',NULL,NULL,NULL,NULL,NULL,NULL,NULL,NULL,NULL,NULL,NULL,NULL,NULL,NULL,NULL,NULL,NULL),(187,'sys/function/fetchResource','SERVICE','获取已分配资源','获取已分配资源','Y','Y',1,-1,-1,'2016-08-22 20:26:39',-1,-1,'2016-08-22 20:26:39',NULL,NULL,NULL,NULL,NULL,NULL,NULL,NULL,NULL,NULL,NULL,NULL,NULL,NULL,NULL,NULL,NULL),(188,'sys/function/fetchNotResource','SERVICE','获取未分配资源','获取未分配资源','Y','Y',1,-1,-1,'2016-08-22 20:26:39',-1,-1,'2016-08-22 20:26:39',NULL,NULL,NULL,NULL,NULL,NULL,NULL,NULL,NULL,NULL,NULL,NULL,NULL,NULL,NULL,NULL,NULL),(189,'sys/function/menus','SERVICE','获取菜单','获取菜单','Y','N',1,-1,-1,'2016-08-22 20:26:39',-1,-1,'2016-08-22 20:26:39',NULL,NULL,NULL,NULL,NULL,NULL,NULL,NULL,NULL,NULL,NULL,NULL,NULL,NULL,NULL,NULL,NULL),(190,'sys/function/query','SERVICE','查询功能','查询功能','Y','Y',1,-1,-1,'2016-08-22 20:26:39',-1,-1,'2016-08-22 20:26:39',NULL,NULL,NULL,NULL,NULL,NULL,NULL,NULL,NULL,NULL,NULL,NULL,NULL,NULL,NULL,NULL,NULL),(191,'sys/function/remove','SERVICE','删除功能','删除功能','Y','Y',1,-1,-1,'2016-08-22 20:26:39',-1,-1,'2016-08-22 20:26:39',NULL,NULL,NULL,NULL,NULL,NULL,NULL,NULL,NULL,NULL,NULL,NULL,NULL,NULL,NULL,NULL,NULL),(192,'sys/function/submit','SERVICE','更新功能','更新功能','Y','Y',1,-1,-1,'2016-08-22 20:26:39',-1,-1,'2016-08-22 20:26:39',NULL,NULL,NULL,NULL,NULL,NULL,NULL,NULL,NULL,NULL,NULL,NULL,NULL,NULL,NULL,NULL,NULL),(193,'sys/function/updateFunctionResource','SERVICE','更新功能资源','更新功能资源','Y','Y',1,-1,-1,'2016-08-22 20:26:39',-1,-1,'2016-08-22 20:26:39',NULL,NULL,NULL,NULL,NULL,NULL,NULL,NULL,NULL,NULL,NULL,NULL,NULL,NULL,NULL,NULL,NULL),(194,'sys/resource/query','SERVICE','查询资源','查询资源','Y','Y',1,-1,-1,'2016-08-22 20:26:39',-1,-1,'2016-08-22 20:26:39',NULL,NULL,NULL,NULL,NULL,NULL,NULL,NULL,NULL,NULL,NULL,NULL,NULL,NULL,NULL,NULL,NULL),(195,'sys/resource/submit','SERVICE','更新资源','更新资源','Y','Y',1,-1,-1,'2016-08-22 20:26:39',-1,-1,'2016-08-22 20:26:39',NULL,NULL,NULL,NULL,NULL,NULL,NULL,NULL,NULL,NULL,NULL,NULL,NULL,NULL,NULL,NULL,NULL),(196,'sys/resource/remove','SERVICE','删除资源','删除资源','Y','Y',1,-1,-1,'2016-08-22 20:26:39',-1,-1,'2016-08-22 20:26:39',NULL,NULL,NULL,NULL,NULL,NULL,NULL,NULL,NULL,NULL,NULL,NULL,NULL,NULL,NULL,NULL,NULL),(197,'sys/resourceItem/query','SERVICE','查询资源组件','查询资源组件','Y','Y',1,-1,-1,'2016-08-22 20:26:39',-1,-1,'2016-08-22 20:26:39',NULL,NULL,NULL,NULL,NULL,NULL,NULL,NULL,NULL,NULL,NULL,NULL,NULL,NULL,NULL,NULL,NULL),(198,'sys/resourceItem/submit','SERVICE','更新资源组件','更新资源组件','Y','Y',1,-1,-1,'2016-08-22 20:26:39',-1,-1,'2016-08-22 20:26:39',NULL,NULL,NULL,NULL,NULL,NULL,NULL,NULL,NULL,NULL,NULL,NULL,NULL,NULL,NULL,NULL,NULL),(199,'sys/resourceItem/remove','SERVICE','删除资源组件','删除资源组件','Y','Y',1,-1,-1,'2016-08-22 20:26:39',-1,-1,'2016-08-22 20:26:39',NULL,NULL,NULL,NULL,NULL,NULL,NULL,NULL,NULL,NULL,NULL,NULL,NULL,NULL,NULL,NULL,NULL),(200,'sys/rolefunction/query','SERVICE','查询角色功能','查询角色功能','Y','Y',1,-1,-1,'2016-08-22 20:26:39',-1,-1,'2016-08-22 20:26:39',NULL,NULL,NULL,NULL,NULL,NULL,NULL,NULL,NULL,NULL,NULL,NULL,NULL,NULL,NULL,NULL,NULL),(201,'sys/rolefunction/submit','SERVICE','更新角色功能','更新角色功能','Y','Y',1,-1,-1,'2016-08-22 20:26:39',-1,-1,'2016-08-22 20:26:39',NULL,NULL,NULL,NULL,NULL,NULL,NULL,NULL,NULL,NULL,NULL,NULL,NULL,NULL,NULL,NULL,NULL),(202,'sys/rolefunction/queryResourceItems','SERVICE','查询功能资源组件','查询功能资源组件','Y','Y',1,-1,-1,'2016-08-22 20:26:39',-1,-1,'2016-08-22 20:26:39',NULL,NULL,NULL,NULL,NULL,NULL,NULL,NULL,NULL,NULL,NULL,NULL,NULL,NULL,NULL,NULL,NULL),(203,'sys/rolefunction/submitResourceItems','SERVICE','更新功能资源组件','更新资源组件','Y','Y',1,-1,-1,'2016-08-22 20:26:39',-1,-1,'2016-08-22 20:26:39',NULL,NULL,NULL,NULL,NULL,NULL,NULL,NULL,NULL,NULL,NULL,NULL,NULL,NULL,NULL,NULL,NULL),(204,'verifiCode','SERVICE','验证码服务','验证码服务','N','N',1,-1,-1,'2016-08-22 20:26:39',-1,-1,'2016-08-22 20:26:39',NULL,NULL,NULL,NULL,NULL,NULL,NULL,NULL,NULL,NULL,NULL,NULL,NULL,NULL,NULL,NULL,NULL),(205,'sys/code/query','SERVICE','查询快码','查询快码','Y','Y',1,-1,-1,'2016-08-22 20:26:39',-1,-1,'2016-08-22 20:26:39',NULL,NULL,NULL,NULL,NULL,NULL,NULL,NULL,NULL,NULL,NULL,NULL,NULL,NULL,NULL,NULL,NULL),(206,'sys/code/submit','SERVICE','更新快码','更新快码','Y','Y',1,-1,-1,'2016-08-22 20:26:39',-1,-1,'2016-08-22 20:26:39',NULL,NULL,NULL,NULL,NULL,NULL,NULL,NULL,NULL,NULL,NULL,NULL,NULL,NULL,NULL,NULL,NULL),(207,'sys/code/remove','SERVICE','删除快码','删除快码','Y','Y',1,-1,-1,'2016-08-22 20:26:39',-1,-1,'2016-08-22 20:26:39',NULL,NULL,NULL,NULL,NULL,NULL,NULL,NULL,NULL,NULL,NULL,NULL,NULL,NULL,NULL,NULL,NULL),(208,'sys/codevalue/query','SERVICE','查询快码值','查询快码值','Y','Y',1,-1,-1,'2016-08-22 20:26:39',-1,-1,'2016-08-22 20:26:39',NULL,NULL,NULL,NULL,NULL,NULL,NULL,NULL,NULL,NULL,NULL,NULL,NULL,NULL,NULL,NULL,NULL),(209,'sys/codevalue/remove','SERVICE','删除快码值','删除快码值','Y','Y',1,-1,-1,'2016-08-22 20:26:39',-1,-1,'2016-08-22 20:26:39',NULL,NULL,NULL,NULL,NULL,NULL,NULL,NULL,NULL,NULL,NULL,NULL,NULL,NULL,NULL,NULL,NULL),(210,'sys/language/query','SERVICE','查询语言','查询语言','Y','Y',1,-1,-1,'2016-08-22 20:26:39',-1,-1,'2016-08-22 20:26:39',NULL,NULL,NULL,NULL,NULL,NULL,NULL,NULL,NULL,NULL,NULL,NULL,NULL,NULL,NULL,NULL,NULL),(211,'sys/language/submit','SERVICE','更新语言','更新语言','Y','Y',1,-1,-1,'2016-08-22 20:26:39',-1,-1,'2016-08-22 20:26:39',NULL,NULL,NULL,NULL,NULL,NULL,NULL,NULL,NULL,NULL,NULL,NULL,NULL,NULL,NULL,NULL,NULL),(212,'sys/language/delete','SERVICE','删除语言','删除语言','Y','Y',1,-1,-1,'2016-08-22 20:26:39',-1,-1,'2016-08-22 20:26:39',NULL,NULL,NULL,NULL,NULL,NULL,NULL,NULL,NULL,NULL,NULL,NULL,NULL,NULL,NULL,NULL,NULL),(213,'sys/lov/query','SERVICE','查询 LOV','查询 LOV','Y','Y',1,-1,-1,'2016-08-22 20:26:39',-1,-1,'2016-08-22 20:26:39',NULL,NULL,NULL,NULL,NULL,NULL,NULL,NULL,NULL,NULL,NULL,NULL,NULL,NULL,NULL,NULL,NULL),(214,'sys/lov/submit','SERVICE','更新 LOV','更新 LOV','Y','Y',1,-1,-1,'2016-08-22 20:26:39',-1,-1,'2016-08-22 20:26:39',NULL,NULL,NULL,NULL,NULL,NULL,NULL,NULL,NULL,NULL,NULL,NULL,NULL,NULL,NULL,NULL,NULL),(215,'sys/lov/remove','SERVICE','删除 LOV','删除 LOV','Y','Y',1,-1,-1,'2016-08-22 20:26:39',-1,-1,'2016-08-22 20:26:39',NULL,NULL,NULL,NULL,NULL,NULL,NULL,NULL,NULL,NULL,NULL,NULL,NULL,NULL,NULL,NULL,NULL),(216,'sys/lov/load','SERVICE','加载 LOV','加载 LOV','Y','N',1,-1,-1,'2016-08-22 20:26:39',-1,-1,'2016-08-22 20:26:39',NULL,NULL,NULL,NULL,NULL,NULL,NULL,NULL,NULL,NULL,NULL,NULL,NULL,NULL,NULL,NULL,NULL),(217,'sys/lovitem/query','SERVICE','查询 LOV 列','查询 LOV 列','Y','Y',1,-1,-1,'2016-08-22 20:26:39',-1,-1,'2016-08-22 20:26:39',NULL,NULL,NULL,NULL,NULL,NULL,NULL,NULL,NULL,NULL,NULL,NULL,NULL,NULL,NULL,NULL,NULL),(218,'sys/lovitem/remove','SERVICE','删除 LOV 列','删除 LOV 列','Y','Y',1,-1,-1,'2016-08-22 20:26:39',-1,-1,'2016-08-22 20:26:39',NULL,NULL,NULL,NULL,NULL,NULL,NULL,NULL,NULL,NULL,NULL,NULL,NULL,NULL,NULL,NULL,NULL),(219,'sys/prompt/query','SERVICE','查询描述','查询描述','Y','Y',1,-1,-1,'2016-08-22 20:26:39',-1,-1,'2016-08-22 20:26:39',NULL,NULL,NULL,NULL,NULL,NULL,NULL,NULL,NULL,NULL,NULL,NULL,NULL,NULL,NULL,NULL,NULL),(220,'sys/prompt/submit','SERVICE','更改描述','更改描述','Y','Y',1,-1,-1,'2016-08-22 20:26:39',-1,-1,'2016-08-22 20:26:39',NULL,NULL,NULL,NULL,NULL,NULL,NULL,NULL,NULL,NULL,NULL,NULL,NULL,NULL,NULL,NULL,NULL),(221,'sys/prompt/remove','SERVICE','删除描述','删除描述','Y','Y',1,-1,-1,'2016-08-22 20:26:39',-1,-1,'2016-08-22 20:26:39',NULL,NULL,NULL,NULL,NULL,NULL,NULL,NULL,NULL,NULL,NULL,NULL,NULL,NULL,NULL,NULL,NULL),(222,'sys/profile/query','SERVICE','查询配置','查询配置','Y','Y',1,-1,-1,'2016-08-22 20:26:39',-1,-1,'2016-08-22 20:26:39',NULL,NULL,NULL,NULL,NULL,NULL,NULL,NULL,NULL,NULL,NULL,NULL,NULL,NULL,NULL,NULL,NULL),(223,'sys/profile/submit','SERVICE','更新配置','更新配置','Y','Y',1,-1,-1,'2016-08-22 20:26:39',-1,-1,'2016-08-22 20:26:39',NULL,NULL,NULL,NULL,NULL,NULL,NULL,NULL,NULL,NULL,NULL,NULL,NULL,NULL,NULL,NULL,NULL),(224,'sys/profile/remove','SERVICE','删除配置','删除配置','Y','Y',1,-1,-1,'2016-08-22 20:26:39',-1,-1,'2016-08-22 20:26:39',NULL,NULL,NULL,NULL,NULL,NULL,NULL,NULL,NULL,NULL,NULL,NULL,NULL,NULL,NULL,NULL,NULL),(225,'sys/profilevalue/query','SERVICE','查询配置值','查询配置值','Y','Y',1,-1,-1,'2016-08-22 20:26:39',-1,-1,'2016-08-22 20:26:39',NULL,NULL,NULL,NULL,NULL,NULL,NULL,NULL,NULL,NULL,NULL,NULL,NULL,NULL,NULL,NULL,NULL),(226,'sys/profilevalue/remove','SERVICE','删除配置值','删除配置值','Y','Y',1,-1,-1,'2016-08-22 20:26:39',-1,-1,'2016-08-22 20:26:39',NULL,NULL,NULL,NULL,NULL,NULL,NULL,NULL,NULL,NULL,NULL,NULL,NULL,NULL,NULL,NULL,NULL),(227,'sys/profilevalue/querylevelvalues','SERVICE','查询指定级别的配置值','查询指定级别的配置值','Y','Y',1,-1,-1,'2016-08-22 20:26:39',-1,-1,'2016-08-22 20:26:39',NULL,NULL,NULL,NULL,NULL,NULL,NULL,NULL,NULL,NULL,NULL,NULL,NULL,NULL,NULL,NULL,NULL),(228,'sys/preferences/savePreferences','SERVICE','保存首选项','保存首选项','Y','N',1,-1,-1,'2016-08-22 20:26:39',-1,-1,'2016-08-22 20:26:39',NULL,NULL,NULL,NULL,NULL,NULL,NULL,NULL,NULL,NULL,NULL,NULL,NULL,NULL,NULL,NULL,NULL),(229,'sys/preferences/queryPreferences','SERVICE','查询首选项','查询首选项','Y','N',1,-1,-1,'2016-08-22 20:26:39',-1,-1,'2016-08-22 20:26:39',NULL,NULL,NULL,NULL,NULL,NULL,NULL,NULL,NULL,NULL,NULL,NULL,NULL,NULL,NULL,NULL,NULL),(230,'job/create','SERVICE','新建任务','新建任务','Y','Y',1,-1,-1,'2016-08-22 20:26:39',-1,-1,'2016-08-22 20:26:39',NULL,NULL,NULL,NULL,NULL,NULL,NULL,NULL,NULL,NULL,NULL,NULL,NULL,NULL,NULL,NULL,NULL),(231,'job/query','SERVICE','查询任务','查询任务','Y','Y',1,-1,-1,'2016-08-22 20:26:39',-1,-1,'2016-08-22 20:26:39',NULL,NULL,NULL,NULL,NULL,NULL,NULL,NULL,NULL,NULL,NULL,NULL,NULL,NULL,NULL,NULL,NULL),(232,'job/pausejob','SERVICE','暂停任务','暂停任务','Y','Y',1,-1,-1,'2016-08-22 20:26:39',-1,-1,'2016-08-22 20:26:39',NULL,NULL,NULL,NULL,NULL,NULL,NULL,NULL,NULL,NULL,NULL,NULL,NULL,NULL,NULL,NULL,NULL),(233,'job/resumejob','SERVICE','恢复任务','恢复任务','Y','Y',1,-1,-1,'2016-08-22 20:26:39',-1,-1,'2016-08-22 20:26:39',NULL,NULL,NULL,NULL,NULL,NULL,NULL,NULL,NULL,NULL,NULL,NULL,NULL,NULL,NULL,NULL,NULL),(234,'job/deletejob','SERVICE','删除任务','删除任务','Y','Y',1,-1,-1,'2016-08-22 20:26:39',-1,-1,'2016-08-22 20:26:39',NULL,NULL,NULL,NULL,NULL,NULL,NULL,NULL,NULL,NULL,NULL,NULL,NULL,NULL,NULL,NULL,NULL),(235,'job/queryInfo','SERVICE','查询任务列表','查询任务列表','Y','Y',1,-1,-1,'2016-08-22 20:26:39',-1,-1,'2016-08-22 20:26:39',NULL,NULL,NULL,NULL,NULL,NULL,NULL,NULL,NULL,NULL,NULL,NULL,NULL,NULL,NULL,NULL,NULL),(236,'job/scheduler/info','SERVICE','调度器信息','调度器信息','Y','Y',1,-1,-1,'2016-08-22 20:26:39',-1,-1,'2016-08-22 20:26:39',NULL,NULL,NULL,NULL,NULL,NULL,NULL,NULL,NULL,NULL,NULL,NULL,NULL,NULL,NULL,NULL,NULL),(237,'job/scheduler/query','SERVICE','查询调度器','查询调度器','Y','Y',1,-1,-1,'2016-08-22 20:26:39',-1,-1,'2016-08-22 20:26:39',NULL,NULL,NULL,NULL,NULL,NULL,NULL,NULL,NULL,NULL,NULL,NULL,NULL,NULL,NULL,NULL,NULL),(238,'job/scheduler/start','SERVICE','启动调度器','启动调度器','Y','Y',1,-1,-1,'2016-08-22 20:26:39',-1,-1,'2016-08-22 20:26:39',NULL,NULL,NULL,NULL,NULL,NULL,NULL,NULL,NULL,NULL,NULL,NULL,NULL,NULL,NULL,NULL,NULL),(239,'job/scheduler/standby','SERVICE','暂停调度器','暂停调度器','Y','Y',1,-1,-1,'2016-08-22 20:26:39',-1,-1,'2016-08-22 20:26:39',NULL,NULL,NULL,NULL,NULL,NULL,NULL,NULL,NULL,NULL,NULL,NULL,NULL,NULL,NULL,NULL,NULL),(240,'job/scheduler/pauseall','SERVICE','暂停所有任务','暂停所有任务','Y','Y',1,-1,-1,'2016-08-22 20:26:39',-1,-1,'2016-08-22 20:26:39',NULL,NULL,NULL,NULL,NULL,NULL,NULL,NULL,NULL,NULL,NULL,NULL,NULL,NULL,NULL,NULL,NULL),(241,'job/scheduler/resumeall','SERVICE','恢复所有任务','恢复所有任务','Y','Y',1,-1,-1,'2016-08-22 20:26:39',-1,-1,'2016-08-22 20:26:39',NULL,NULL,NULL,NULL,NULL,NULL,NULL,NULL,NULL,NULL,NULL,NULL,NULL,NULL,NULL,NULL,NULL),(242,'job/jobinfo/query','SERVICE','查询任务日志','查询任务日志','Y','Y',1,-1,-1,'2016-08-22 20:26:39',-1,-1,'2016-08-22 20:26:39',NULL,NULL,NULL,NULL,NULL,NULL,NULL,NULL,NULL,NULL,NULL,NULL,NULL,NULL,NULL,NULL,NULL),(243,'sys/messageEmailConfig/query','SERVICE','查询邮件配置','查询邮件配置','Y','Y',1,-1,-1,'2016-08-22 20:26:39',-1,-1,'2016-08-22 20:26:39',NULL,NULL,NULL,NULL,NULL,NULL,NULL,NULL,NULL,NULL,NULL,NULL,NULL,NULL,NULL,NULL,NULL),(244,'sys/messageEmailConfig/submit','SERVICE','更新邮件配置','更新邮件配置','Y','Y',1,-1,-1,'2016-08-22 20:26:39',-1,-1,'2016-08-22 20:26:39',NULL,NULL,NULL,NULL,NULL,NULL,NULL,NULL,NULL,NULL,NULL,NULL,NULL,NULL,NULL,NULL,NULL),(245,'sys/messageEmailConfig/remove','SERVICE','删除邮件配置','删除邮件配置','Y','Y',1,-1,-1,'2016-08-22 20:26:39',-1,-1,'2016-08-22 20:26:39',NULL,NULL,NULL,NULL,NULL,NULL,NULL,NULL,NULL,NULL,NULL,NULL,NULL,NULL,NULL,NULL,NULL),(246,'sys/messageEmailConfig/load','SERVICE','加载邮件配置','加载邮件配置','Y','Y',1,-1,-1,'2016-08-22 20:26:39',-1,-1,'2016-08-22 20:26:39',NULL,NULL,NULL,NULL,NULL,NULL,NULL,NULL,NULL,NULL,NULL,NULL,NULL,NULL,NULL,NULL,NULL),(247,'sys/messageEmailConfig/queryMsgConfigQuanties','SERVICE','查询邮件配置数量','查询配置数量','Y','Y',1,-1,-1,'2016-08-22 20:26:39',-1,-1,'2016-08-22 20:26:39',NULL,NULL,NULL,NULL,NULL,NULL,NULL,NULL,NULL,NULL,NULL,NULL,NULL,NULL,NULL,NULL,NULL),(248,'sys/messageEmailAccount/query','SERVICE','查询邮件账户','查询邮件账户','Y','Y',1,-1,-1,'2016-08-22 20:26:39',-1,-1,'2016-08-22 20:26:39',NULL,NULL,NULL,NULL,NULL,NULL,NULL,NULL,NULL,NULL,NULL,NULL,NULL,NULL,NULL,NULL,NULL),(249,'sys/messageEmailAccount/remove','SERVICE','删除邮件账户','删除邮件账户','Y','Y',1,-1,-1,'2016-08-22 20:26:39',-1,-1,'2016-08-22 20:26:39',NULL,NULL,NULL,NULL,NULL,NULL,NULL,NULL,NULL,NULL,NULL,NULL,NULL,NULL,NULL,NULL,NULL),(250,'sys/messageEmailWhiteList/query','SERVICE','查询邮件白名单','查询邮件白名单','Y','Y',1,-1,-1,'2016-08-22 20:26:39',-1,-1,'2016-08-22 20:26:39',NULL,NULL,NULL,NULL,NULL,NULL,NULL,NULL,NULL,NULL,NULL,NULL,NULL,NULL,NULL,NULL,NULL),(251,'sys/messageEmailWhiteList/remove','SERVICE','删除邮件白名单','删除邮件白名单','Y','Y',1,-1,-1,'2016-08-22 20:26:39',-1,-1,'2016-08-22 20:26:39',NULL,NULL,NULL,NULL,NULL,NULL,NULL,NULL,NULL,NULL,NULL,NULL,NULL,NULL,NULL,NULL,NULL),(252,'sys/messageTemplate/query','SERVICE','查询模板','查询模板','Y','Y',1,-1,-1,'2016-08-22 20:26:39',-1,-1,'2016-08-22 20:26:39',NULL,NULL,NULL,NULL,NULL,NULL,NULL,NULL,NULL,NULL,NULL,NULL,NULL,NULL,NULL,NULL,NULL),(253,'sys/messageTemplate/add','SERVICE','新建模板','新建模板','Y','Y',1,-1,-1,'2016-08-22 20:26:39',-1,-1,'2016-08-22 20:26:39',NULL,NULL,NULL,NULL,NULL,NULL,NULL,NULL,NULL,NULL,NULL,NULL,NULL,NULL,NULL,NULL,NULL),(254,'sys/messageTemplate/update','SERVICE','更新模板','更新模板','Y','Y',1,-1,-1,'2016-08-22 20:26:39',-1,-1,'2016-08-22 20:26:39',NULL,NULL,NULL,NULL,NULL,NULL,NULL,NULL,NULL,NULL,NULL,NULL,NULL,NULL,NULL,NULL,NULL),(255,'sys/messageTemplate/remove','SERVICE','删除模板','删除模板','Y','Y',1,-1,-1,'2016-08-22 20:26:39',-1,-1,'2016-08-22 20:26:39',NULL,NULL,NULL,NULL,NULL,NULL,NULL,NULL,NULL,NULL,NULL,NULL,NULL,NULL,NULL,NULL,NULL),(256,'sys/attachcategory/query','SERVICE','查询目录','查询目录','Y','Y',1,-1,-1,'2016-08-22 20:26:39',-1,-1,'2016-08-22 20:26:39',NULL,NULL,NULL,NULL,NULL,NULL,NULL,NULL,NULL,NULL,NULL,NULL,NULL,NULL,NULL,NULL,NULL),(257,'sys/attachcategory/submit','SERVICE','更新目录','更新目录','Y','Y',1,-1,-1,'2016-08-22 20:26:39',-1,-1,'2016-08-22 20:26:39',NULL,NULL,NULL,NULL,NULL,NULL,NULL,NULL,NULL,NULL,NULL,NULL,NULL,NULL,NULL,NULL,NULL),(258,'sys/attachcategory/remove','SERVICE','删除目录','删除目录','Y','Y',1,-1,-1,'2016-08-22 20:26:39',-1,-1,'2016-08-22 20:26:39',NULL,NULL,NULL,NULL,NULL,NULL,NULL,NULL,NULL,NULL,NULL,NULL,NULL,NULL,NULL,NULL,NULL),(259,'sys/attachcategory/tree','SERVICE','查询目录树','查询目录树','Y','Y',1,-1,-1,'2016-08-22 20:26:39',-1,-1,'2016-08-22 20:26:39',NULL,NULL,NULL,NULL,NULL,NULL,NULL,NULL,NULL,NULL,NULL,NULL,NULL,NULL,NULL,NULL,NULL),(260,'sys/attach/manage','SERVICE','附件列表','附件列表','Y','Y',1,-1,-1,'2016-08-22 20:26:39',-1,-1,'2016-08-22 20:26:39',NULL,NULL,NULL,NULL,NULL,NULL,NULL,NULL,NULL,NULL,NULL,NULL,NULL,NULL,NULL,NULL,NULL),(261,'sys/attach/upload','SERVICE','附件上传','附件上传','Y','Y',1,-1,-1,'2016-08-22 20:26:39',-1,-1,'2016-08-22 20:26:39',NULL,NULL,NULL,NULL,NULL,NULL,NULL,NULL,NULL,NULL,NULL,NULL,NULL,NULL,NULL,NULL,NULL),(262,'sys/attach/remove','SERVICE','删除附件','删除附件','Y','Y',1,-1,-1,'2016-08-22 20:26:39',-1,-1,'2016-08-22 20:26:39',NULL,NULL,NULL,NULL,NULL,NULL,NULL,NULL,NULL,NULL,NULL,NULL,NULL,NULL,NULL,NULL,NULL),(263,'sys/attach/file/detail','SERVICE','查看附件内容','查看附件内容','Y','Y',1,-1,-1,'2016-08-22 20:26:39',-1,-1,'2016-08-22 20:26:39',NULL,NULL,NULL,NULL,NULL,NULL,NULL,NULL,NULL,NULL,NULL,NULL,NULL,NULL,NULL,NULL,NULL),(264,'sys/attach/file/view','SERVICE','查看附件','查看附件','Y','Y',1,-1,-1,'2016-08-22 20:26:39',-1,-1,'2016-08-22 20:26:39',NULL,NULL,NULL,NULL,NULL,NULL,NULL,NULL,NULL,NULL,NULL,NULL,NULL,NULL,NULL,NULL,NULL),(265,'sys/attach/file/query','SERVICE','查询目录文件','查询目录文件','Y','Y',1,-1,-1,'2016-08-22 20:26:39',-1,-1,'2016-08-22 20:26:39',NULL,NULL,NULL,NULL,NULL,NULL,NULL,NULL,NULL,NULL,NULL,NULL,NULL,NULL,NULL,NULL,NULL),(266,'sys/attach/file/queryFiles','SERVICE','查询文件','查询目录','Y','Y',1,-1,-1,'2016-08-22 20:26:39',-1,-1,'2016-08-22 20:26:39',NULL,NULL,NULL,NULL,NULL,NULL,NULL,NULL,NULL,NULL,NULL,NULL,NULL,NULL,NULL,NULL,NULL),(267,'sys/attach/file/remove','SERVICE','删除附件','删除附件','Y','Y',1,-1,-1,'2016-08-22 20:26:39',-1,-1,'2016-08-22 20:26:39',NULL,NULL,NULL,NULL,NULL,NULL,NULL,NULL,NULL,NULL,NULL,NULL,NULL,NULL,NULL,NULL,NULL),(269,'mail/sys_message_email_config_edit.html','HTML','编辑邮件配置','编辑邮件配置','Y','Y',1,-1,-1,'2016-08-22 20:26:39',-1,-1,'2016-08-22 20:26:39',NULL,NULL,NULL,NULL,NULL,NULL,NULL,NULL,NULL,NULL,NULL,NULL,NULL,NULL,NULL,NULL,NULL),(271,'mail/sys_message_template_edit.html','HTML','编辑模板','编辑模板','Y','Y',1,-1,-1,'2016-08-22 20:26:39',-1,-1,'2016-08-22 20:26:39',NULL,NULL,NULL,NULL,NULL,NULL,NULL,NULL,NULL,NULL,NULL,NULL,NULL,NULL,NULL,NULL,NULL),(272,'sys/message/sendTest','SERVICE','邮件发送测试','邮件发送测试','Y','Y',1,-1,-1,'2016-08-22 20:26:39',-1,-1,'2016-08-22 20:26:39',NULL,NULL,NULL,NULL,NULL,NULL,NULL,NULL,NULL,NULL,NULL,NULL,NULL,NULL,NULL,NULL,NULL),(273,'job/job_cron_add.html','HTML','新建 CRON 任务','新建CRON 任务','Y','Y',1,-1,-1,'2016-08-22 20:26:39',-1,-1,'2016-08-22 20:26:39',NULL,NULL,NULL,NULL,NULL,NULL,NULL,NULL,NULL,NULL,NULL,NULL,NULL,NULL,NULL,NULL,NULL),(274,'job/job_simple_add.html','HTML','新建简单任务','新建简单任务','Y','Y',1,-1,-1,'2016-08-22 20:26:39',-1,-1,'2016-08-22 20:26:39',NULL,NULL,NULL,NULL,NULL,NULL,NULL,NULL,NULL,NULL,NULL,NULL,NULL,NULL,NULL,NULL,NULL),(275,'job/scheduler.html','HTML','调度器','调度器','Y','Y',1,-1,-1,'2016-08-22 20:26:39',-1,-1,'2016-08-22 20:26:39',NULL,NULL,NULL,NULL,NULL,NULL,NULL,NULL,NULL,NULL,NULL,NULL,NULL,NULL,NULL,NULL,NULL),(276,'job/job_infodetail.html','HTML','任务详细','任务详细','Y','Y',1,-1,-1,'2016-08-22 20:26:39',-1,-1,'2016-08-22 20:26:39',NULL,NULL,NULL,NULL,NULL,NULL,NULL,NULL,NULL,NULL,NULL,NULL,NULL,NULL,NULL,NULL,NULL),(277,'home.html','HTML','首页','首页','Y','N',1,-1,-1,'2016-08-22 20:26:39',-1,-1,'2016-08-22 20:26:39',NULL,NULL,NULL,NULL,NULL,NULL,NULL,NULL,NULL,NULL,NULL,NULL,NULL,NULL,NULL,NULL,NULL),(278,'ass/fruit.html','HTML','水果大战','水果大战','Y','N',4,-1,-1,'2016-08-23 18:49:03',3,3,'2016-08-23 21:04:04',3,NULL,NULL,NULL,NULL,NULL,NULL,NULL,NULL,NULL,NULL,NULL,NULL,NULL,NULL,NULL,NULL),(279,'uploadFile.html','HTML','上传','','Y','N',1,-1,-1,'2016-08-25 18:13:35',3,3,'2016-08-25 18:13:35',3,NULL,NULL,NULL,NULL,NULL,NULL,NULL,NULL,NULL,NULL,NULL,NULL,NULL,NULL,NULL,NULL),(280,'salesOrder/ordersSummary.html','HTML','订单汇总','汇总 销售订单','Y','N',3,-1,-1,'2016-08-26 15:33:01',3,3,'2016-08-26 15:44:14',3,NULL,NULL,NULL,NULL,NULL,NULL,NULL,NULL,NULL,NULL,NULL,NULL,NULL,NULL,NULL,NULL),(281,'salesOrder/orderdetail.html','HTML','订单详情','订单详情','Y','N',2,-1,-1,'2016-08-27 16:27:16',3,3,'2016-08-27 16:28:43',3,NULL,NULL,NULL,NULL,NULL,NULL,NULL,NULL,NULL,NULL,NULL,NULL,NULL,NULL,NULL,NULL);

#
# Data for table "sys_resource_item_b"
#


#
# Data for table "sys_resource_item_tl"
#


#
# Data for table "sys_resource_tl"
#

INSERT INTO `sys_resource_tl` (`RESOURCE_ID`,`LANG`,`NAME`,`DESCRIPTION`,`OBJECT_VERSION_NUMBER`,`REQUEST_ID`,`PROGRAM_ID`,`CREATION_DATE`,`CREATED_BY`,`LAST_UPDATED_BY`,`LAST_UPDATE_DATE`,`LAST_UPDATE_LOGIN`,`ATTRIBUTE_CATEGORY`,`ATTRIBUTE1`,`ATTRIBUTE2`,`ATTRIBUTE3`,`ATTRIBUTE4`,`ATTRIBUTE5`,`ATTRIBUTE6`,`ATTRIBUTE7`,`ATTRIBUTE8`,`ATTRIBUTE9`,`ATTRIBUTE10`,`ATTRIBUTE11`,`ATTRIBUTE12`,`ATTRIBUTE13`,`ATTRIBUTE14`,`ATTRIBUTE15`) VALUES (101,'en_GB','Function','Function',1,-1,-1,'2016-08-22 20:26:39',-1,-1,'2016-08-22 20:26:39',NULL,NULL,NULL,NULL,NULL,NULL,NULL,NULL,NULL,NULL,NULL,NULL,NULL,NULL,NULL,NULL,NULL),(101,'zh_CN','功能管理','功能管理',1,-1,-1,'2016-08-22 20:26:39',-1,-1,'2016-08-22 20:26:39',NULL,NULL,NULL,NULL,NULL,NULL,NULL,NULL,NULL,NULL,NULL,NULL,NULL,NULL,NULL,NULL,NULL),(102,'en_GB','Prompt','Prompt',1,-1,-1,'2016-08-22 20:26:39',-1,-1,'2016-08-22 20:26:39',NULL,NULL,NULL,NULL,NULL,NULL,NULL,NULL,NULL,NULL,NULL,NULL,NULL,NULL,NULL,NULL,NULL),(102,'zh_CN','描述维护','描述维护',1,-1,-1,'2016-08-22 20:26:39',-1,-1,'2016-08-22 20:26:39',NULL,NULL,NULL,NULL,NULL,NULL,NULL,NULL,NULL,NULL,NULL,NULL,NULL,NULL,NULL,NULL,NULL),(103,'en_GB','Code','Code',1,-1,-1,'2016-08-22 20:26:39',-1,-1,'2016-08-22 20:26:39',NULL,NULL,NULL,NULL,NULL,NULL,NULL,NULL,NULL,NULL,NULL,NULL,NULL,NULL,NULL,NULL,NULL),(103,'zh_CN','代码维护','代码维护',1,-1,-1,'2016-08-22 20:26:39',-1,-1,'2016-08-22 20:26:39',NULL,NULL,NULL,NULL,NULL,NULL,NULL,NULL,NULL,NULL,NULL,NULL,NULL,NULL,NULL,NULL,NULL),(104,'en_GB','LOV','LOV',1,-1,-1,'2016-08-22 20:26:39',-1,-1,'2016-08-22 20:26:39',NULL,NULL,NULL,NULL,NULL,NULL,NULL,NULL,NULL,NULL,NULL,NULL,NULL,NULL,NULL,NULL,NULL),(104,'zh_CN','LOV维护','LOV维护',1,-1,-1,'2016-08-22 20:26:39',-1,-1,'2016-08-22 20:26:39',NULL,NULL,NULL,NULL,NULL,NULL,NULL,NULL,NULL,NULL,NULL,NULL,NULL,NULL,NULL,NULL,NULL),(105,'en_GB','Profile','Profile',1,-1,-1,'2016-08-22 20:26:39',-1,-1,'2016-08-22 20:26:39',NULL,NULL,NULL,NULL,NULL,NULL,NULL,NULL,NULL,NULL,NULL,NULL,NULL,NULL,NULL,NULL,NULL),(105,'zh_CN','配置维护','配置维护',1,-1,-1,'2016-08-22 20:26:39',-1,-1,'2016-08-22 20:26:39',NULL,NULL,NULL,NULL,NULL,NULL,NULL,NULL,NULL,NULL,NULL,NULL,NULL,NULL,NULL,NULL,NULL),(121,'en_GB','Resource','Resource',1,-1,-1,'2016-08-22 20:26:39',-1,-1,'2016-08-22 20:26:39',NULL,NULL,NULL,NULL,NULL,NULL,NULL,NULL,NULL,NULL,NULL,NULL,NULL,NULL,NULL,NULL,NULL),(121,'zh_CN','资源注册','资源注册',1,-1,-1,'2016-08-22 20:26:39',-1,-1,'2016-08-22 20:26:39',NULL,NULL,NULL,NULL,NULL,NULL,NULL,NULL,NULL,NULL,NULL,NULL,NULL,NULL,NULL,NULL,NULL),(122,'en_GB','Function Assign','Function Assign',1,-1,-1,'2016-08-22 20:26:39',-1,-1,'2016-08-22 20:26:39',NULL,NULL,NULL,NULL,NULL,NULL,NULL,NULL,NULL,NULL,NULL,NULL,NULL,NULL,NULL,NULL,NULL),(122,'zh_CN','功能分配','功能分配',1,-1,-1,'2016-08-22 20:26:39',-1,-1,'2016-08-22 20:26:39',NULL,NULL,NULL,NULL,NULL,NULL,NULL,NULL,NULL,NULL,NULL,NULL,NULL,NULL,NULL,NULL,NULL),(123,'en_GB','User','User',1,-1,-1,'2016-08-22 20:26:39',-1,-1,'2016-08-22 20:26:39',NULL,NULL,NULL,NULL,NULL,NULL,NULL,NULL,NULL,NULL,NULL,NULL,NULL,NULL,NULL,NULL,NULL),(123,'zh_CN','用户管理','用户管理',1,-1,-1,'2016-08-22 20:26:39',-1,-1,'2016-08-22 20:26:39',NULL,NULL,NULL,NULL,NULL,NULL,NULL,NULL,NULL,NULL,NULL,NULL,NULL,NULL,NULL,NULL,NULL),(125,'en_GB','Role','Role',1,-1,-1,'2016-08-22 20:26:39',-1,-1,'2016-08-22 20:26:39',NULL,NULL,NULL,NULL,NULL,NULL,NULL,NULL,NULL,NULL,NULL,NULL,NULL,NULL,NULL,NULL,NULL),(125,'zh_CN','角色管理','角色管理',1,-1,-1,'2016-08-22 20:26:39',-1,-1,'2016-08-22 20:26:39',NULL,NULL,NULL,NULL,NULL,NULL,NULL,NULL,NULL,NULL,NULL,NULL,NULL,NULL,NULL,NULL,NULL),(126,'en_GB','Role Assign','Role Assign',1,-1,-1,'2016-08-22 20:26:39',-1,-1,'2016-08-22 20:26:39',NULL,NULL,NULL,NULL,NULL,NULL,NULL,NULL,NULL,NULL,NULL,NULL,NULL,NULL,NULL,NULL,NULL),(126,'zh_CN','角色分配','角色分配',1,-1,-1,'2016-08-22 20:26:39',-1,-1,'2016-08-22 20:26:39',NULL,NULL,NULL,NULL,NULL,NULL,NULL,NULL,NULL,NULL,NULL,NULL,NULL,NULL,NULL,NULL,NULL),(127,'en_GB','Job Details','Job Details',1,-1,-1,'2016-08-22 20:26:39',-1,-1,'2016-08-22 20:26:39',NULL,NULL,NULL,NULL,NULL,NULL,NULL,NULL,NULL,NULL,NULL,NULL,NULL,NULL,NULL,NULL,NULL),(127,'zh_CN','任务明细','任务明细',1,-1,-1,'2016-08-22 20:26:39',-1,-1,'2016-08-22 20:26:39',NULL,NULL,NULL,NULL,NULL,NULL,NULL,NULL,NULL,NULL,NULL,NULL,NULL,NULL,NULL,NULL,NULL),(128,'en_GB','Execution Summary','Execution Summary',1,-1,-1,'2016-08-22 20:26:39',-1,-1,'2016-08-22 20:26:39',NULL,NULL,NULL,NULL,NULL,NULL,NULL,NULL,NULL,NULL,NULL,NULL,NULL,NULL,NULL,NULL,NULL),(128,'zh_CN','执行记录','执行记录',1,-1,-1,'2016-08-22 20:26:39',-1,-1,'2016-08-22 20:26:39',NULL,NULL,NULL,NULL,NULL,NULL,NULL,NULL,NULL,NULL,NULL,NULL,NULL,NULL,NULL,NULL,NULL),(142,'en_GB','Language','Language',1,-1,-1,'2016-08-22 20:26:39',-1,-1,'2016-08-22 20:26:39',NULL,NULL,NULL,NULL,NULL,NULL,NULL,NULL,NULL,NULL,NULL,NULL,NULL,NULL,NULL,NULL,NULL),(142,'zh_CN','语言维护','语言维护',1,-1,-1,'2016-08-22 20:26:39',-1,-1,'2016-08-22 20:26:39',NULL,NULL,NULL,NULL,NULL,NULL,NULL,NULL,NULL,NULL,NULL,NULL,NULL,NULL,NULL,NULL,NULL),(143,'en_GB','Email Account','Email Account',1,-1,-1,'2016-08-22 20:26:39',-1,-1,'2016-08-22 20:26:39',NULL,NULL,NULL,NULL,NULL,NULL,NULL,NULL,NULL,NULL,NULL,NULL,NULL,NULL,NULL,NULL,NULL),(143,'zh_CN','邮件账户','邮件账户',1,-1,-1,'2016-08-22 20:26:39',-1,-1,'2016-08-22 20:26:39',NULL,NULL,NULL,NULL,NULL,NULL,NULL,NULL,NULL,NULL,NULL,NULL,NULL,NULL,NULL,NULL,NULL),(144,'en_GB','Email Template','Email Template',1,-1,-1,'2016-08-22 20:26:39',-1,-1,'2016-08-22 20:26:39',NULL,NULL,NULL,NULL,NULL,NULL,NULL,NULL,NULL,NULL,NULL,NULL,NULL,NULL,NULL,NULL,NULL),(144,'zh_CN','邮件模板','邮件模板',1,-1,-1,'2016-08-22 20:26:39',-1,-1,'2016-08-22 20:26:39',NULL,NULL,NULL,NULL,NULL,NULL,NULL,NULL,NULL,NULL,NULL,NULL,NULL,NULL,NULL,NULL,NULL),(145,'en_GB','Email Test','Email Test',1,-1,-1,'2016-08-22 20:26:39',-1,-1,'2016-08-22 20:26:39',NULL,NULL,NULL,NULL,NULL,NULL,NULL,NULL,NULL,NULL,NULL,NULL,NULL,NULL,NULL,NULL,NULL),(145,'zh_CN','邮件测试','邮件测试',1,-1,-1,'2016-08-22 20:26:39',-1,-1,'2016-08-22 20:26:39',NULL,NULL,NULL,NULL,NULL,NULL,NULL,NULL,NULL,NULL,NULL,NULL,NULL,NULL,NULL,NULL,NULL),(146,'en_GB','Category','Category',1,-1,-1,'2016-08-22 20:26:39',-1,-1,'2016-08-22 20:26:39',NULL,NULL,NULL,NULL,NULL,NULL,NULL,NULL,NULL,NULL,NULL,NULL,NULL,NULL,NULL,NULL,NULL),(146,'zh_CN','目录管理','目录管理',1,-1,-1,'2016-08-22 20:26:39',-1,-1,'2016-08-22 20:26:39',NULL,NULL,NULL,NULL,NULL,NULL,NULL,NULL,NULL,NULL,NULL,NULL,NULL,NULL,NULL,NULL,NULL),(147,'en_GB','Category Edit','Category Edit',1,-1,-1,'2016-08-22 20:26:39',-1,-1,'2016-08-22 20:26:39',NULL,NULL,NULL,NULL,NULL,NULL,NULL,NULL,NULL,NULL,NULL,NULL,NULL,NULL,NULL,NULL,NULL),(147,'zh_CN','目录编辑','目录编辑',1,-1,-1,'2016-08-22 20:26:39',-1,-1,'2016-08-22 20:26:39',NULL,NULL,NULL,NULL,NULL,NULL,NULL,NULL,NULL,NULL,NULL,NULL,NULL,NULL,NULL,NULL,NULL),(148,'en_GB','Files','Files',1,-1,-1,'2016-08-22 20:26:39',-1,-1,'2016-08-22 20:26:39',NULL,NULL,NULL,NULL,NULL,NULL,NULL,NULL,NULL,NULL,NULL,NULL,NULL,NULL,NULL,NULL,NULL),(148,'zh_CN','文件管理','文件管理',1,-1,-1,'2016-08-22 20:26:39',-1,-1,'2016-08-22 20:26:39',NULL,NULL,NULL,NULL,NULL,NULL,NULL,NULL,NULL,NULL,NULL,NULL,NULL,NULL,NULL,NULL,NULL),(149,'en_GB','Upload Test','Upload Test',1,-1,-1,'2016-08-22 20:26:39',-1,-1,'2016-08-22 20:26:39',NULL,NULL,NULL,NULL,NULL,NULL,NULL,NULL,NULL,NULL,NULL,NULL,NULL,NULL,NULL,NULL,NULL),(149,'zh_CN','上传测试','上传测试',1,-1,-1,'2016-08-22 20:26:39',-1,-1,'2016-08-22 20:26:39',NULL,NULL,NULL,NULL,NULL,NULL,NULL,NULL,NULL,NULL,NULL,NULL,NULL,NULL,NULL,NULL,NULL),(150,'en_GB','403','403',1,-1,-1,'2016-08-22 20:26:39',-1,-1,'2016-08-22 20:26:39',NULL,NULL,NULL,NULL,NULL,NULL,NULL,NULL,NULL,NULL,NULL,NULL,NULL,NULL,NULL,NULL,NULL),(150,'zh_CN','403','403',1,-1,-1,'2016-08-22 20:26:39',-1,-1,'2016-08-22 20:26:39',NULL,NULL,NULL,NULL,NULL,NULL,NULL,NULL,NULL,NULL,NULL,NULL,NULL,NULL,NULL,NULL,NULL),(151,'en_GB','404','404',1,-1,-1,'2016-08-22 20:26:39',-1,-1,'2016-08-22 20:26:39',NULL,NULL,NULL,NULL,NULL,NULL,NULL,NULL,NULL,NULL,NULL,NULL,NULL,NULL,NULL,NULL,NULL),(151,'zh_CN','404','404',1,-1,-1,'2016-08-22 20:26:39',-1,-1,'2016-08-22 20:26:39',NULL,NULL,NULL,NULL,NULL,NULL,NULL,NULL,NULL,NULL,NULL,NULL,NULL,NULL,NULL,NULL,NULL),(152,'en_GB','500','500',1,-1,-1,'2016-08-22 20:26:39',-1,-1,'2016-08-22 20:26:39',NULL,NULL,NULL,NULL,NULL,NULL,NULL,NULL,NULL,NULL,NULL,NULL,NULL,NULL,NULL,NULL,NULL),(152,'zh_CN','500','500',1,-1,-1,'2016-08-22 20:26:39',-1,-1,'2016-08-22 20:26:39',NULL,NULL,NULL,NULL,NULL,NULL,NULL,NULL,NULL,NULL,NULL,NULL,NULL,NULL,NULL,NULL,NULL),(153,'en_GB','Login','Login',1,-1,-1,'2016-08-22 20:26:39',-1,-1,'2016-08-22 20:26:39',NULL,NULL,NULL,NULL,NULL,NULL,NULL,NULL,NULL,NULL,NULL,NULL,NULL,NULL,NULL,NULL,NULL),(153,'zh_CN','登录','登录',1,-1,-1,'2016-08-22 20:26:39',-1,-1,'2016-08-22 20:26:39',NULL,NULL,NULL,NULL,NULL,NULL,NULL,NULL,NULL,NULL,NULL,NULL,NULL,NULL,NULL,NULL,NULL),(154,'en_GB','Index','Index',1,-1,-1,'2016-08-22 20:26:39',-1,-1,'2016-08-22 20:26:39',NULL,NULL,NULL,NULL,NULL,NULL,NULL,NULL,NULL,NULL,NULL,NULL,NULL,NULL,NULL,NULL,NULL),(154,'zh_CN','首页','首页',1,-1,-1,'2016-08-22 20:26:39',-1,-1,'2016-08-22 20:26:39',NULL,NULL,NULL,NULL,NULL,NULL,NULL,NULL,NULL,NULL,NULL,NULL,NULL,NULL,NULL,NULL,NULL),(155,'en_GB','Role Select','Role Select',1,-1,-1,'2016-08-22 20:26:39',-1,-1,'2016-08-22 20:26:39',NULL,NULL,NULL,NULL,NULL,NULL,NULL,NULL,NULL,NULL,NULL,NULL,NULL,NULL,NULL,NULL,NULL),(155,'zh_CN','角色选择','角色选择',1,-1,-1,'2016-08-22 20:26:39',-1,-1,'2016-08-22 20:26:39',NULL,NULL,NULL,NULL,NULL,NULL,NULL,NULL,NULL,NULL,NULL,NULL,NULL,NULL,NULL,NULL,NULL),(156,'en_GB','Timeout','Timeout',1,-1,-1,'2016-08-22 20:26:39',-1,-1,'2016-08-22 20:26:39',NULL,NULL,NULL,NULL,NULL,NULL,NULL,NULL,NULL,NULL,NULL,NULL,NULL,NULL,NULL,NULL,NULL),(156,'zh_CN','超时','超时',1,-1,-1,'2016-08-22 20:26:39',-1,-1,'2016-08-22 20:26:39',NULL,NULL,NULL,NULL,NULL,NULL,NULL,NULL,NULL,NULL,NULL,NULL,NULL,NULL,NULL,NULL,NULL),(157,'en_GB','Edit Code','Edit Code',1,-1,-1,'2016-08-22 20:26:39',-1,-1,'2016-08-22 20:26:39',NULL,NULL,NULL,NULL,NULL,NULL,NULL,NULL,NULL,NULL,NULL,NULL,NULL,NULL,NULL,NULL,NULL),(157,'zh_CN','编辑快码','编辑快码',1,-1,-1,'2016-08-22 20:26:39',-1,-1,'2016-08-22 20:26:39',NULL,NULL,NULL,NULL,NULL,NULL,NULL,NULL,NULL,NULL,NULL,NULL,NULL,NULL,NULL,NULL,NULL),(158,'en_GB','Add Resource','Add Resource',1,-1,-1,'2016-08-22 20:26:39',-1,-1,'2016-08-22 20:26:39',NULL,NULL,NULL,NULL,NULL,NULL,NULL,NULL,NULL,NULL,NULL,NULL,NULL,NULL,NULL,NULL,NULL),(158,'zh_CN','添加资源','添加资源',1,-1,-1,'2016-08-22 20:26:39',-1,-1,'2016-08-22 20:26:39',NULL,NULL,NULL,NULL,NULL,NULL,NULL,NULL,NULL,NULL,NULL,NULL,NULL,NULL,NULL,NULL,NULL),(159,'en_GB','Function Resource','Function Resource',1,-1,-1,'2016-08-22 20:26:39',-1,-1,'2016-08-22 20:26:39',NULL,NULL,NULL,NULL,NULL,NULL,NULL,NULL,NULL,NULL,NULL,NULL,NULL,NULL,NULL,NULL,NULL),(159,'zh_CN','功能资源','功能资源',1,-1,-1,'2016-08-22 20:26:39',-1,-1,'2016-08-22 20:26:39',NULL,NULL,NULL,NULL,NULL,NULL,NULL,NULL,NULL,NULL,NULL,NULL,NULL,NULL,NULL,NULL,NULL),(160,'en_GB','Edit Lov','Edit Lov',1,-1,-1,'2016-08-22 20:26:39',-1,-1,'2016-08-22 20:26:39',NULL,NULL,NULL,NULL,NULL,NULL,NULL,NULL,NULL,NULL,NULL,NULL,NULL,NULL,NULL,NULL,NULL),(160,'zh_CN','编辑 LOV','编辑 LOV',1,-1,-1,'2016-08-22 20:26:39',-1,-1,'2016-08-22 20:26:39',NULL,NULL,NULL,NULL,NULL,NULL,NULL,NULL,NULL,NULL,NULL,NULL,NULL,NULL,NULL,NULL,NULL),(161,'en_GB','Lov Preview','Lov Preview',1,-1,-1,'2016-08-22 20:26:39',-1,-1,'2016-08-22 20:26:39',NULL,NULL,NULL,NULL,NULL,NULL,NULL,NULL,NULL,NULL,NULL,NULL,NULL,NULL,NULL,NULL,NULL),(161,'zh_CN','LOV 预览','LOV 预览',1,-1,-1,'2016-08-22 20:26:39',-1,-1,'2016-08-22 20:26:39',NULL,NULL,NULL,NULL,NULL,NULL,NULL,NULL,NULL,NULL,NULL,NULL,NULL,NULL,NULL,NULL,NULL),(162,'en_GB','MultiLanguage Editor','MultiLangauge Editor',1,-1,-1,'2016-08-22 20:26:39',-1,-1,'2016-08-22 20:26:39',NULL,NULL,NULL,NULL,NULL,NULL,NULL,NULL,NULL,NULL,NULL,NULL,NULL,NULL,NULL,NULL,NULL),(162,'zh_CN','多语言编辑器','多语言编辑器',1,-1,-1,'2016-08-22 20:26:39',-1,-1,'2016-08-22 20:26:39',NULL,NULL,NULL,NULL,NULL,NULL,NULL,NULL,NULL,NULL,NULL,NULL,NULL,NULL,NULL,NULL,NULL),(163,'en_GB','Edit Profile','Edit Profile',1,-1,-1,'2016-08-22 20:26:39',-1,-1,'2016-08-22 20:26:39',NULL,NULL,NULL,NULL,NULL,NULL,NULL,NULL,NULL,NULL,NULL,NULL,NULL,NULL,NULL,NULL,NULL),(163,'zh_CN','编辑配置文件','编辑配置文件',1,-1,-1,'2016-08-22 20:26:39',-1,-1,'2016-08-22 20:26:39',NULL,NULL,NULL,NULL,NULL,NULL,NULL,NULL,NULL,NULL,NULL,NULL,NULL,NULL,NULL,NULL,NULL),(164,'en_GB','Resource Item','Resource Item',1,-1,-1,'2016-08-22 20:26:39',-1,-1,'2016-08-22 20:26:39',NULL,NULL,NULL,NULL,NULL,NULL,NULL,NULL,NULL,NULL,NULL,NULL,NULL,NULL,NULL,NULL,NULL),(164,'zh_CN','资源组件','资源组件',1,-1,-1,'2016-08-22 20:26:39',-1,-1,'2016-08-22 20:26:39',NULL,NULL,NULL,NULL,NULL,NULL,NULL,NULL,NULL,NULL,NULL,NULL,NULL,NULL,NULL,NULL,NULL),(165,'en_GB','Role Resource Item','Role Resource Item',1,-1,-1,'2016-08-22 20:26:39',-1,-1,'2016-08-22 20:26:39',NULL,NULL,NULL,NULL,NULL,NULL,NULL,NULL,NULL,NULL,NULL,NULL,NULL,NULL,NULL,NULL,NULL),(165,'zh_CN','分配资源组件','分配资源组件',1,-1,-1,'2016-08-22 20:26:39',-1,-1,'2016-08-22 20:26:39',NULL,NULL,NULL,NULL,NULL,NULL,NULL,NULL,NULL,NULL,NULL,NULL,NULL,NULL,NULL,NULL,NULL),(166,'en_GB','Select Role','Role Select',1,-1,-1,'2016-08-22 20:26:39',-1,-1,'2016-08-22 20:26:39',NULL,NULL,NULL,NULL,NULL,NULL,NULL,NULL,NULL,NULL,NULL,NULL,NULL,NULL,NULL,NULL,NULL),(166,'zh_CN','选择角色','选择角色',1,-1,-1,'2016-08-22 20:26:39',-1,-1,'2016-08-22 20:26:39',NULL,NULL,NULL,NULL,NULL,NULL,NULL,NULL,NULL,NULL,NULL,NULL,NULL,NULL,NULL,NULL,NULL),(167,'en_GB','Login Success','Login Success',1,-1,-1,'2016-08-22 20:26:39',-1,-1,'2016-08-22 20:26:39',NULL,NULL,NULL,NULL,NULL,NULL,NULL,NULL,NULL,NULL,NULL,NULL,NULL,NULL,NULL,NULL,NULL),(167,'zh_CN','登录成功','登录成功',1,-1,-1,'2016-08-22 20:26:39',-1,-1,'2016-08-22 20:26:39',NULL,NULL,NULL,NULL,NULL,NULL,NULL,NULL,NULL,NULL,NULL,NULL,NULL,NULL,NULL,NULL,NULL),(168,'en_GB','Update Password','Update Password',1,-1,-1,'2016-08-22 20:26:39',-1,-1,'2016-08-22 20:26:39',NULL,NULL,NULL,NULL,NULL,NULL,NULL,NULL,NULL,NULL,NULL,NULL,NULL,NULL,NULL,NULL,NULL),(168,'zh_CN','更改密码','更改密码',1,-1,-1,'2016-08-22 20:26:39',-1,-1,'2016-08-22 20:26:39',NULL,NULL,NULL,NULL,NULL,NULL,NULL,NULL,NULL,NULL,NULL,NULL,NULL,NULL,NULL,NULL,NULL),(169,'en_GB','User Info','User Info',1,-1,-1,'2016-08-22 20:26:39',-1,-1,'2016-08-22 20:26:39',NULL,NULL,NULL,NULL,NULL,NULL,NULL,NULL,NULL,NULL,NULL,NULL,NULL,NULL,NULL,NULL,NULL),(169,'zh_CN','用户信息','用户信息',1,-1,-1,'2016-08-22 20:26:39',-1,-1,'2016-08-22 20:26:39',NULL,NULL,NULL,NULL,NULL,NULL,NULL,NULL,NULL,NULL,NULL,NULL,NULL,NULL,NULL,NULL,NULL),(170,'en_GB','Icon Select','Icon Select',1,-1,-1,'2016-08-22 20:26:39',-1,-1,'2016-08-22 20:26:39',NULL,NULL,NULL,NULL,NULL,NULL,NULL,NULL,NULL,NULL,NULL,NULL,NULL,NULL,NULL,NULL,NULL),(170,'zh_CN','图标选择','图标选择',1,-1,-1,'2016-08-22 20:26:39',-1,-1,'2016-08-22 20:26:39',NULL,NULL,NULL,NULL,NULL,NULL,NULL,NULL,NULL,NULL,NULL,NULL,NULL,NULL,NULL,NULL,NULL),(171,'en_GB','Select Role','Select role not present',1,-1,-1,'2016-08-22 20:26:39',-1,-1,'2016-08-22 20:26:39',NULL,NULL,NULL,NULL,NULL,NULL,NULL,NULL,NULL,NULL,NULL,NULL,NULL,NULL,NULL,NULL,NULL),(171,'zh_CN','选择非当前角色','选择非当前角色',1,-1,-1,'2016-08-22 20:26:39',-1,-1,'2016-08-22 20:26:39',NULL,NULL,NULL,NULL,NULL,NULL,NULL,NULL,NULL,NULL,NULL,NULL,NULL,NULL,NULL,NULL,NULL),(172,'en_GB','Query Role','Query Role',1,-1,-1,'2016-08-22 20:26:39',-1,-1,'2016-08-22 20:26:39',NULL,NULL,NULL,NULL,NULL,NULL,NULL,NULL,NULL,NULL,NULL,NULL,NULL,NULL,NULL,NULL,NULL),(172,'zh_CN','角色查询','角色查询',1,-1,-1,'2016-08-22 20:26:39',-1,-1,'2016-08-22 20:26:39',NULL,NULL,NULL,NULL,NULL,NULL,NULL,NULL,NULL,NULL,NULL,NULL,NULL,NULL,NULL,NULL,NULL),(173,'en_GB','Update Role','Update Role',1,-1,-1,'2016-08-22 20:26:39',-1,-1,'2016-08-22 20:26:39',NULL,NULL,NULL,NULL,NULL,NULL,NULL,NULL,NULL,NULL,NULL,NULL,NULL,NULL,NULL,NULL,NULL),(173,'zh_CN','角色更新','角色更新',1,-1,-1,'2016-08-22 20:26:39',-1,-1,'2016-08-22 20:26:39',NULL,NULL,NULL,NULL,NULL,NULL,NULL,NULL,NULL,NULL,NULL,NULL,NULL,NULL,NULL,NULL,NULL),(174,'en_GB','Delete Role','Delete Role',1,-1,-1,'2016-08-22 20:26:39',-1,-1,'2016-08-22 20:26:39',NULL,NULL,NULL,NULL,NULL,NULL,NULL,NULL,NULL,NULL,NULL,NULL,NULL,NULL,NULL,NULL,NULL),(174,'zh_CN','角色删除','角色删除',1,-1,-1,'2016-08-22 20:26:39',-1,-1,'2016-08-22 20:26:39',NULL,NULL,NULL,NULL,NULL,NULL,NULL,NULL,NULL,NULL,NULL,NULL,NULL,NULL,NULL,NULL,NULL),(175,'en_GB','Query User','Query User',1,-1,-1,'2016-08-22 20:26:39',-1,-1,'2016-08-22 20:26:39',NULL,NULL,NULL,NULL,NULL,NULL,NULL,NULL,NULL,NULL,NULL,NULL,NULL,NULL,NULL,NULL,NULL),(175,'zh_CN','用户查询','用户查询',1,-1,-1,'2016-08-22 20:26:39',-1,-1,'2016-08-22 20:26:39',NULL,NULL,NULL,NULL,NULL,NULL,NULL,NULL,NULL,NULL,NULL,NULL,NULL,NULL,NULL,NULL,NULL),(176,'en_GB','Update User','Update User',1,-1,-1,'2016-08-22 20:26:39',-1,-1,'2016-08-22 20:26:39',NULL,NULL,NULL,NULL,NULL,NULL,NULL,NULL,NULL,NULL,NULL,NULL,NULL,NULL,NULL,NULL,NULL),(176,'zh_CN','更新用户','更新用户',1,-1,-1,'2016-08-22 20:26:39',-1,-1,'2016-08-22 20:26:39',NULL,NULL,NULL,NULL,NULL,NULL,NULL,NULL,NULL,NULL,NULL,NULL,NULL,NULL,NULL,NULL,NULL),(177,'en_GB','Delete User','Delete User',1,-1,-1,'2016-08-22 20:26:39',-1,-1,'2016-08-22 20:26:39',NULL,NULL,NULL,NULL,NULL,NULL,NULL,NULL,NULL,NULL,NULL,NULL,NULL,NULL,NULL,NULL,NULL),(177,'zh_CN','删除用户','删除用户',1,-1,-1,'2016-08-22 20:26:39',-1,-1,'2016-08-22 20:26:39',NULL,NULL,NULL,NULL,NULL,NULL,NULL,NULL,NULL,NULL,NULL,NULL,NULL,NULL,NULL,NULL,NULL),(178,'en_GB','Update User Info','Update User Info',1,-1,-1,'2016-08-22 20:26:39',-1,-1,'2016-08-22 20:26:39',NULL,NULL,NULL,NULL,NULL,NULL,NULL,NULL,NULL,NULL,NULL,NULL,NULL,NULL,NULL,NULL,NULL),(178,'zh_CN','更新个人信息','更新个人信息',1,-1,-1,'2016-08-22 20:26:39',-1,-1,'2016-08-22 20:26:39',NULL,NULL,NULL,NULL,NULL,NULL,NULL,NULL,NULL,NULL,NULL,NULL,NULL,NULL,NULL,NULL,NULL),(179,'en_GB','User Exists check','User Exists check',1,-1,-1,'2016-08-22 20:26:39',-1,-1,'2016-08-22 20:26:39',NULL,NULL,NULL,NULL,NULL,NULL,NULL,NULL,NULL,NULL,NULL,NULL,NULL,NULL,NULL,NULL,NULL),(179,'zh_CN','用户是否存在','用户是否存在',1,-1,-1,'2016-08-22 20:26:39',-1,-1,'2016-08-22 20:26:39',NULL,NULL,NULL,NULL,NULL,NULL,NULL,NULL,NULL,NULL,NULL,NULL,NULL,NULL,NULL,NULL,NULL),(180,'en_GB','User Phone Check','User Phone Check',1,-1,-1,'2016-08-22 20:26:39',-1,-1,'2016-08-22 20:26:39',NULL,NULL,NULL,NULL,NULL,NULL,NULL,NULL,NULL,NULL,NULL,NULL,NULL,NULL,NULL,NULL,NULL),(180,'zh_CN','电话号码检查','电话号码检查',1,-1,-1,'2016-08-22 20:26:39',-1,-1,'2016-08-22 20:26:39',NULL,NULL,NULL,NULL,NULL,NULL,NULL,NULL,NULL,NULL,NULL,NULL,NULL,NULL,NULL,NULL,NULL),(181,'en_GB','User email Check','User Email Check',1,-1,-1,'2016-08-22 20:26:39',-1,-1,'2016-08-22 20:26:39',NULL,NULL,NULL,NULL,NULL,NULL,NULL,NULL,NULL,NULL,NULL,NULL,NULL,NULL,NULL,NULL,NULL),(181,'zh_CN','用户邮件检查','用户邮件检查',1,-1,-1,'2016-08-22 20:26:39',-1,-1,'2016-08-22 20:26:39',NULL,NULL,NULL,NULL,NULL,NULL,NULL,NULL,NULL,NULL,NULL,NULL,NULL,NULL,NULL,NULL,NULL),(182,'en_GB','Query User Info','Query User Info',1,-1,-1,'2016-08-22 20:26:39',-1,-1,'2016-08-22 20:26:39',NULL,NULL,NULL,NULL,NULL,NULL,NULL,NULL,NULL,NULL,NULL,NULL,NULL,NULL,NULL,NULL,NULL),(182,'zh_CN','用户信息查询','用户信息查询',1,-1,-1,'2016-08-22 20:26:39',-1,-1,'2016-08-22 20:26:39',NULL,NULL,NULL,NULL,NULL,NULL,NULL,NULL,NULL,NULL,NULL,NULL,NULL,NULL,NULL,NULL,NULL),(183,'en_GB','Single User Info','Single User Info',1,-1,-1,'2016-08-22 20:26:39',-1,-1,'2016-08-22 20:26:39',NULL,NULL,NULL,NULL,NULL,NULL,NULL,NULL,NULL,NULL,NULL,NULL,NULL,NULL,NULL,NULL,NULL),(183,'zh_CN','单条用户信息','单条用户信息',1,-1,-1,'2016-08-22 20:26:39',-1,-1,'2016-08-22 20:26:39',NULL,NULL,NULL,NULL,NULL,NULL,NULL,NULL,NULL,NULL,NULL,NULL,NULL,NULL,NULL,NULL,NULL),(184,'en_GB','Update Password','Update Password',1,-1,-1,'2016-08-22 20:26:39',-1,-1,'2016-08-22 20:26:39',NULL,NULL,NULL,NULL,NULL,NULL,NULL,NULL,NULL,NULL,NULL,NULL,NULL,NULL,NULL,NULL,NULL),(184,'zh_CN','更改密码','更改密码',1,-1,-1,'2016-08-22 20:26:39',-1,-1,'2016-08-22 20:26:39',NULL,NULL,NULL,NULL,NULL,NULL,NULL,NULL,NULL,NULL,NULL,NULL,NULL,NULL,NULL,NULL,NULL),(185,'en_GB','Query User Role','Query User Role',1,-1,-1,'2016-08-22 20:26:39',-1,-1,'2016-08-22 20:26:39',NULL,NULL,NULL,NULL,NULL,NULL,NULL,NULL,NULL,NULL,NULL,NULL,NULL,NULL,NULL,NULL,NULL),(185,'zh_CN','查询用户角色','查询用户角色',1,-1,-1,'2016-08-22 20:26:39',-1,-1,'2016-08-22 20:26:39',NULL,NULL,NULL,NULL,NULL,NULL,NULL,NULL,NULL,NULL,NULL,NULL,NULL,NULL,NULL,NULL,NULL),(186,'en_GB','Update User Role','Update User Role',1,-1,-1,'2016-08-22 20:26:39',-1,-1,'2016-08-22 20:26:39',NULL,NULL,NULL,NULL,NULL,NULL,NULL,NULL,NULL,NULL,NULL,NULL,NULL,NULL,NULL,NULL,NULL),(186,'zh_CN','保存用户角色','保存用户角色',1,-1,-1,'2016-08-22 20:26:39',-1,-1,'2016-08-22 20:26:39',NULL,NULL,NULL,NULL,NULL,NULL,NULL,NULL,NULL,NULL,NULL,NULL,NULL,NULL,NULL,NULL,NULL),(187,'en_GB','Fetch Assigned Resource','Fetch Assigned Resouce',1,-1,-1,'2016-08-22 20:26:39',-1,-1,'2016-08-22 20:26:39',NULL,NULL,NULL,NULL,NULL,NULL,NULL,NULL,NULL,NULL,NULL,NULL,NULL,NULL,NULL,NULL,NULL),(187,'zh_CN','获取已分配资源','获取已分配资源',1,-1,-1,'2016-08-22 20:26:39',-1,-1,'2016-08-22 20:26:39',NULL,NULL,NULL,NULL,NULL,NULL,NULL,NULL,NULL,NULL,NULL,NULL,NULL,NULL,NULL,NULL,NULL),(188,'en_GB','Fetch Unassigned Resource','Fetch Unassigned Resource',1,-1,-1,'2016-08-22 20:26:39',-1,-1,'2016-08-22 20:26:39',NULL,NULL,NULL,NULL,NULL,NULL,NULL,NULL,NULL,NULL,NULL,NULL,NULL,NULL,NULL,NULL,NULL),(188,'zh_CN','获取未分配资源','获取未分配资源',1,-1,-1,'2016-08-22 20:26:39',-1,-1,'2016-08-22 20:26:39',NULL,NULL,NULL,NULL,NULL,NULL,NULL,NULL,NULL,NULL,NULL,NULL,NULL,NULL,NULL,NULL,NULL),(189,'en_GB','Menus','Get Menus',1,-1,-1,'2016-08-22 20:26:39',-1,-1,'2016-08-22 20:26:39',NULL,NULL,NULL,NULL,NULL,NULL,NULL,NULL,NULL,NULL,NULL,NULL,NULL,NULL,NULL,NULL,NULL),(189,'zh_CN','获取菜单','获取菜单',1,-1,-1,'2016-08-22 20:26:39',-1,-1,'2016-08-22 20:26:39',NULL,NULL,NULL,NULL,NULL,NULL,NULL,NULL,NULL,NULL,NULL,NULL,NULL,NULL,NULL,NULL,NULL),(190,'en_GB','Query Funcitons','Query Functions',1,-1,-1,'2016-08-22 20:26:39',-1,-1,'2016-08-22 20:26:39',NULL,NULL,NULL,NULL,NULL,NULL,NULL,NULL,NULL,NULL,NULL,NULL,NULL,NULL,NULL,NULL,NULL),(190,'zh_CN','查询功能','查询功能',1,-1,-1,'2016-08-22 20:26:39',-1,-1,'2016-08-22 20:26:39',NULL,NULL,NULL,NULL,NULL,NULL,NULL,NULL,NULL,NULL,NULL,NULL,NULL,NULL,NULL,NULL,NULL),(191,'en_GB','Delete Function','Delete Functions',1,-1,-1,'2016-08-22 20:26:39',-1,-1,'2016-08-22 20:26:39',NULL,NULL,NULL,NULL,NULL,NULL,NULL,NULL,NULL,NULL,NULL,NULL,NULL,NULL,NULL,NULL,NULL),(191,'zh_CN','删除功能','删除功能',1,-1,-1,'2016-08-22 20:26:39',-1,-1,'2016-08-22 20:26:39',NULL,NULL,NULL,NULL,NULL,NULL,NULL,NULL,NULL,NULL,NULL,NULL,NULL,NULL,NULL,NULL,NULL),(192,'en_GB','Update Fuction','Update Function',1,-1,-1,'2016-08-22 20:26:39',-1,-1,'2016-08-22 20:26:39',NULL,NULL,NULL,NULL,NULL,NULL,NULL,NULL,NULL,NULL,NULL,NULL,NULL,NULL,NULL,NULL,NULL),(192,'zh_CN','更新功能','更新功能',1,-1,-1,'2016-08-22 20:26:39',-1,-1,'2016-08-22 20:26:39',NULL,NULL,NULL,NULL,NULL,NULL,NULL,NULL,NULL,NULL,NULL,NULL,NULL,NULL,NULL,NULL,NULL),(193,'en_GB','Update Function Resource','Update Function Resource',1,-1,-1,'2016-08-22 20:26:39',-1,-1,'2016-08-22 20:26:39',NULL,NULL,NULL,NULL,NULL,NULL,NULL,NULL,NULL,NULL,NULL,NULL,NULL,NULL,NULL,NULL,NULL),(193,'zh_CN','更新功能资源','更新功能资源',1,-1,-1,'2016-08-22 20:26:39',-1,-1,'2016-08-22 20:26:39',NULL,NULL,NULL,NULL,NULL,NULL,NULL,NULL,NULL,NULL,NULL,NULL,NULL,NULL,NULL,NULL,NULL),(194,'en_GB','Query Resource','Query Resource',1,-1,-1,'2016-08-22 20:26:39',-1,-1,'2016-08-22 20:26:39',NULL,NULL,NULL,NULL,NULL,NULL,NULL,NULL,NULL,NULL,NULL,NULL,NULL,NULL,NULL,NULL,NULL),(194,'zh_CN','查询资源','查询资源',1,-1,-1,'2016-08-22 20:26:39',-1,-1,'2016-08-22 20:26:39',NULL,NULL,NULL,NULL,NULL,NULL,NULL,NULL,NULL,NULL,NULL,NULL,NULL,NULL,NULL,NULL,NULL),(195,'en_GB','Update Resource','Update Resource',1,-1,-1,'2016-08-22 20:26:39',-1,-1,'2016-08-22 20:26:39',NULL,NULL,NULL,NULL,NULL,NULL,NULL,NULL,NULL,NULL,NULL,NULL,NULL,NULL,NULL,NULL,NULL),(195,'zh_CN','更新资源','更新资源',1,-1,-1,'2016-08-22 20:26:39',-1,-1,'2016-08-22 20:26:39',NULL,NULL,NULL,NULL,NULL,NULL,NULL,NULL,NULL,NULL,NULL,NULL,NULL,NULL,NULL,NULL,NULL),(196,'en_GB','Delete Resource','Delete Resource',1,-1,-1,'2016-08-22 20:26:39',-1,-1,'2016-08-22 20:26:39',NULL,NULL,NULL,NULL,NULL,NULL,NULL,NULL,NULL,NULL,NULL,NULL,NULL,NULL,NULL,NULL,NULL),(196,'zh_CN','删除资源','删除资源',1,-1,-1,'2016-08-22 20:26:39',-1,-1,'2016-08-22 20:26:39',NULL,NULL,NULL,NULL,NULL,NULL,NULL,NULL,NULL,NULL,NULL,NULL,NULL,NULL,NULL,NULL,NULL),(197,'en_GB','Query Resource Item','Query Resource Item',1,-1,-1,'2016-08-22 20:26:39',-1,-1,'2016-08-22 20:26:39',NULL,NULL,NULL,NULL,NULL,NULL,NULL,NULL,NULL,NULL,NULL,NULL,NULL,NULL,NULL,NULL,NULL),(197,'zh_CN','查询资源组件','查询资源组件',1,-1,-1,'2016-08-22 20:26:39',-1,-1,'2016-08-22 20:26:39',NULL,NULL,NULL,NULL,NULL,NULL,NULL,NULL,NULL,NULL,NULL,NULL,NULL,NULL,NULL,NULL,NULL),(198,'en_GB','Update Resoruce Item','Update Resource Item',1,-1,-1,'2016-08-22 20:26:39',-1,-1,'2016-08-22 20:26:39',NULL,NULL,NULL,NULL,NULL,NULL,NULL,NULL,NULL,NULL,NULL,NULL,NULL,NULL,NULL,NULL,NULL),(198,'zh_CN','更新资源组件','更新资源组件',1,-1,-1,'2016-08-22 20:26:39',-1,-1,'2016-08-22 20:26:39',NULL,NULL,NULL,NULL,NULL,NULL,NULL,NULL,NULL,NULL,NULL,NULL,NULL,NULL,NULL,NULL,NULL),(199,'en_GB','Delete Resource Item','Delete Resource Item',1,-1,-1,'2016-08-22 20:26:39',-1,-1,'2016-08-22 20:26:39',NULL,NULL,NULL,NULL,NULL,NULL,NULL,NULL,NULL,NULL,NULL,NULL,NULL,NULL,NULL,NULL,NULL),(199,'zh_CN','删除资源组件','删除资源组件',1,-1,-1,'2016-08-22 20:26:39',-1,-1,'2016-08-22 20:26:39',NULL,NULL,NULL,NULL,NULL,NULL,NULL,NULL,NULL,NULL,NULL,NULL,NULL,NULL,NULL,NULL,NULL),(200,'en_GB','Query Role Function','Query Role Function',1,-1,-1,'2016-08-22 20:26:39',-1,-1,'2016-08-22 20:26:39',NULL,NULL,NULL,NULL,NULL,NULL,NULL,NULL,NULL,NULL,NULL,NULL,NULL,NULL,NULL,NULL,NULL),(200,'zh_CN','查询角色功能','查询角色功能',1,-1,-1,'2016-08-22 20:26:39',-1,-1,'2016-08-22 20:26:39',NULL,NULL,NULL,NULL,NULL,NULL,NULL,NULL,NULL,NULL,NULL,NULL,NULL,NULL,NULL,NULL,NULL),(201,'en_GB','Update Role Function','Update Role Function',1,-1,-1,'2016-08-22 20:26:39',-1,-1,'2016-08-22 20:26:39',NULL,NULL,NULL,NULL,NULL,NULL,NULL,NULL,NULL,NULL,NULL,NULL,NULL,NULL,NULL,NULL,NULL),(201,'zh_CN','更新角色功能','更新角色功能',1,-1,-1,'2016-08-22 20:26:39',-1,-1,'2016-08-22 20:26:39',NULL,NULL,NULL,NULL,NULL,NULL,NULL,NULL,NULL,NULL,NULL,NULL,NULL,NULL,NULL,NULL,NULL),(202,'en_GB','Query Function Resource Item','Query Function Resource Items',1,-1,-1,'2016-08-22 20:26:39',-1,-1,'2016-08-22 20:26:39',NULL,NULL,NULL,NULL,NULL,NULL,NULL,NULL,NULL,NULL,NULL,NULL,NULL,NULL,NULL,NULL,NULL),(202,'zh_CN','查询功能资源组件','查询功能资源组件',1,-1,-1,'2016-08-22 20:26:39',-1,-1,'2016-08-22 20:26:39',NULL,NULL,NULL,NULL,NULL,NULL,NULL,NULL,NULL,NULL,NULL,NULL,NULL,NULL,NULL,NULL,NULL),(203,'en_GB','Update Function Resource Items','Update Function Resource Items',1,-1,-1,'2016-08-22 20:26:39',-1,-1,'2016-08-22 20:26:39',NULL,NULL,NULL,NULL,NULL,NULL,NULL,NULL,NULL,NULL,NULL,NULL,NULL,NULL,NULL,NULL,NULL),(203,'zh_CN','更新功能资源组件','更新资源组件',1,-1,-1,'2016-08-22 20:26:39',-1,-1,'2016-08-22 20:26:39',NULL,NULL,NULL,NULL,NULL,NULL,NULL,NULL,NULL,NULL,NULL,NULL,NULL,NULL,NULL,NULL,NULL),(204,'en_GB','Captcha Service','Captcha Service',1,-1,-1,'2016-08-22 20:26:39',-1,-1,'2016-08-22 20:26:39',NULL,NULL,NULL,NULL,NULL,NULL,NULL,NULL,NULL,NULL,NULL,NULL,NULL,NULL,NULL,NULL,NULL),(204,'zh_CN','验证码服务','验证码服务',1,-1,-1,'2016-08-22 20:26:39',-1,-1,'2016-08-22 20:26:39',NULL,NULL,NULL,NULL,NULL,NULL,NULL,NULL,NULL,NULL,NULL,NULL,NULL,NULL,NULL,NULL,NULL),(205,'en_GB','Query Code','Query Code',1,-1,-1,'2016-08-22 20:26:39',-1,-1,'2016-08-22 20:26:39',NULL,NULL,NULL,NULL,NULL,NULL,NULL,NULL,NULL,NULL,NULL,NULL,NULL,NULL,NULL,NULL,NULL),(205,'zh_CN','查询快码','查询快码',1,-1,-1,'2016-08-22 20:26:39',-1,-1,'2016-08-22 20:26:39',NULL,NULL,NULL,NULL,NULL,NULL,NULL,NULL,NULL,NULL,NULL,NULL,NULL,NULL,NULL,NULL,NULL),(206,'en_GB','Update Code','Update Code',1,-1,-1,'2016-08-22 20:26:39',-1,-1,'2016-08-22 20:26:39',NULL,NULL,NULL,NULL,NULL,NULL,NULL,NULL,NULL,NULL,NULL,NULL,NULL,NULL,NULL,NULL,NULL),(206,'zh_CN','更新快码','更新快码',1,-1,-1,'2016-08-22 20:26:39',-1,-1,'2016-08-22 20:26:39',NULL,NULL,NULL,NULL,NULL,NULL,NULL,NULL,NULL,NULL,NULL,NULL,NULL,NULL,NULL,NULL,NULL),(207,'en_GB','Delete Code','Delete Code',1,-1,-1,'2016-08-22 20:26:39',-1,-1,'2016-08-22 20:26:39',NULL,NULL,NULL,NULL,NULL,NULL,NULL,NULL,NULL,NULL,NULL,NULL,NULL,NULL,NULL,NULL,NULL),(207,'zh_CN','删除快码','删除快码',1,-1,-1,'2016-08-22 20:26:39',-1,-1,'2016-08-22 20:26:39',NULL,NULL,NULL,NULL,NULL,NULL,NULL,NULL,NULL,NULL,NULL,NULL,NULL,NULL,NULL,NULL,NULL),(208,'en_GB','Query Code Value','Query Code Value',1,-1,-1,'2016-08-22 20:26:39',-1,-1,'2016-08-22 20:26:39',NULL,NULL,NULL,NULL,NULL,NULL,NULL,NULL,NULL,NULL,NULL,NULL,NULL,NULL,NULL,NULL,NULL),(208,'zh_CN','查询快码值','查询快码值',1,-1,-1,'2016-08-22 20:26:39',-1,-1,'2016-08-22 20:26:39',NULL,NULL,NULL,NULL,NULL,NULL,NULL,NULL,NULL,NULL,NULL,NULL,NULL,NULL,NULL,NULL,NULL),(209,'en_GB','Delete Code Value','Query Code Value',1,-1,-1,'2016-08-22 20:26:39',-1,-1,'2016-08-22 20:26:39',NULL,NULL,NULL,NULL,NULL,NULL,NULL,NULL,NULL,NULL,NULL,NULL,NULL,NULL,NULL,NULL,NULL),(209,'zh_CN','删除快码值','删除快码值',1,-1,-1,'2016-08-22 20:26:39',-1,-1,'2016-08-22 20:26:39',NULL,NULL,NULL,NULL,NULL,NULL,NULL,NULL,NULL,NULL,NULL,NULL,NULL,NULL,NULL,NULL,NULL),(210,'en_GB','Query Language','Query Language',1,-1,-1,'2016-08-22 20:26:39',-1,-1,'2016-08-22 20:26:39',NULL,NULL,NULL,NULL,NULL,NULL,NULL,NULL,NULL,NULL,NULL,NULL,NULL,NULL,NULL,NULL,NULL),(210,'zh_CN','查询语言','查询语言',1,-1,-1,'2016-08-22 20:26:39',-1,-1,'2016-08-22 20:26:39',NULL,NULL,NULL,NULL,NULL,NULL,NULL,NULL,NULL,NULL,NULL,NULL,NULL,NULL,NULL,NULL,NULL),(211,'en_GB','Update Language','Update Language',1,-1,-1,'2016-08-22 20:26:39',-1,-1,'2016-08-22 20:26:39',NULL,NULL,NULL,NULL,NULL,NULL,NULL,NULL,NULL,NULL,NULL,NULL,NULL,NULL,NULL,NULL,NULL),(211,'zh_CN','更新语言','更新语言',1,-1,-1,'2016-08-22 20:26:39',-1,-1,'2016-08-22 20:26:39',NULL,NULL,NULL,NULL,NULL,NULL,NULL,NULL,NULL,NULL,NULL,NULL,NULL,NULL,NULL,NULL,NULL),(212,'en_GB','Delete Language','Delete Language',1,-1,-1,'2016-08-22 20:26:39',-1,-1,'2016-08-22 20:26:39',NULL,NULL,NULL,NULL,NULL,NULL,NULL,NULL,NULL,NULL,NULL,NULL,NULL,NULL,NULL,NULL,NULL),(212,'zh_CN','删除语言','删除语言',1,-1,-1,'2016-08-22 20:26:39',-1,-1,'2016-08-22 20:26:39',NULL,NULL,NULL,NULL,NULL,NULL,NULL,NULL,NULL,NULL,NULL,NULL,NULL,NULL,NULL,NULL,NULL),(213,'en_GB','Query Lov','Query Lov',1,-1,-1,'2016-08-22 20:26:39',-1,-1,'2016-08-22 20:26:39',NULL,NULL,NULL,NULL,NULL,NULL,NULL,NULL,NULL,NULL,NULL,NULL,NULL,NULL,NULL,NULL,NULL),(213,'zh_CN','查询 LOV','查询 LOV',1,-1,-1,'2016-08-22 20:26:39',-1,-1,'2016-08-22 20:26:39',NULL,NULL,NULL,NULL,NULL,NULL,NULL,NULL,NULL,NULL,NULL,NULL,NULL,NULL,NULL,NULL,NULL),(214,'en_GB','Update Lov','Update Lov',1,-1,-1,'2016-08-22 20:26:39',-1,-1,'2016-08-22 20:26:39',NULL,NULL,NULL,NULL,NULL,NULL,NULL,NULL,NULL,NULL,NULL,NULL,NULL,NULL,NULL,NULL,NULL),(214,'zh_CN','更新 LOV','更新 LOV',1,-1,-1,'2016-08-22 20:26:39',-1,-1,'2016-08-22 20:26:39',NULL,NULL,NULL,NULL,NULL,NULL,NULL,NULL,NULL,NULL,NULL,NULL,NULL,NULL,NULL,NULL,NULL),(215,'en_GB','Delete Lov','Delete Lov',1,-1,-1,'2016-08-22 20:26:39',-1,-1,'2016-08-22 20:26:39',NULL,NULL,NULL,NULL,NULL,NULL,NULL,NULL,NULL,NULL,NULL,NULL,NULL,NULL,NULL,NULL,NULL),(215,'zh_CN','删除 LOV','删除 LOV',1,-1,-1,'2016-08-22 20:26:39',-1,-1,'2016-08-22 20:26:39',NULL,NULL,NULL,NULL,NULL,NULL,NULL,NULL,NULL,NULL,NULL,NULL,NULL,NULL,NULL,NULL,NULL),(216,'en_GB','Load Lov','Load Lov',1,-1,-1,'2016-08-22 20:26:39',-1,-1,'2016-08-22 20:26:39',NULL,NULL,NULL,NULL,NULL,NULL,NULL,NULL,NULL,NULL,NULL,NULL,NULL,NULL,NULL,NULL,NULL),(216,'zh_CN','加载 LOV','加载 LOV',1,-1,-1,'2016-08-22 20:26:39',-1,-1,'2016-08-22 20:26:39',NULL,NULL,NULL,NULL,NULL,NULL,NULL,NULL,NULL,NULL,NULL,NULL,NULL,NULL,NULL,NULL,NULL),(217,'en_GB','Query Lov Item','Query Lov Item',1,-1,-1,'2016-08-22 20:26:39',-1,-1,'2016-08-22 20:26:39',NULL,NULL,NULL,NULL,NULL,NULL,NULL,NULL,NULL,NULL,NULL,NULL,NULL,NULL,NULL,NULL,NULL),(217,'zh_CN','查询 LOV 列','查询 LOV 列',1,-1,-1,'2016-08-22 20:26:39',-1,-1,'2016-08-22 20:26:39',NULL,NULL,NULL,NULL,NULL,NULL,NULL,NULL,NULL,NULL,NULL,NULL,NULL,NULL,NULL,NULL,NULL),(218,'en_GB','Delete Lov Item','Delete Lov Item',1,-1,-1,'2016-08-22 20:26:39',-1,-1,'2016-08-22 20:26:39',NULL,NULL,NULL,NULL,NULL,NULL,NULL,NULL,NULL,NULL,NULL,NULL,NULL,NULL,NULL,NULL,NULL),(218,'zh_CN','删除 LOV 列','删除 LOV 列',1,-1,-1,'2016-08-22 20:26:39',-1,-1,'2016-08-22 20:26:39',NULL,NULL,NULL,NULL,NULL,NULL,NULL,NULL,NULL,NULL,NULL,NULL,NULL,NULL,NULL,NULL,NULL),(219,'en_GB','Query Prompt','Query Prompt',1,-1,-1,'2016-08-22 20:26:39',-1,-1,'2016-08-22 20:26:39',NULL,NULL,NULL,NULL,NULL,NULL,NULL,NULL,NULL,NULL,NULL,NULL,NULL,NULL,NULL,NULL,NULL),(219,'zh_CN','查询描述','查询描述',1,-1,-1,'2016-08-22 20:26:39',-1,-1,'2016-08-22 20:26:39',NULL,NULL,NULL,NULL,NULL,NULL,NULL,NULL,NULL,NULL,NULL,NULL,NULL,NULL,NULL,NULL,NULL),(220,'en_GB','Update Prompt','Update Prompt',1,-1,-1,'2016-08-22 20:26:39',-1,-1,'2016-08-22 20:26:39',NULL,NULL,NULL,NULL,NULL,NULL,NULL,NULL,NULL,NULL,NULL,NULL,NULL,NULL,NULL,NULL,NULL),(220,'zh_CN','更改描述','更改描述',1,-1,-1,'2016-08-22 20:26:39',-1,-1,'2016-08-22 20:26:39',NULL,NULL,NULL,NULL,NULL,NULL,NULL,NULL,NULL,NULL,NULL,NULL,NULL,NULL,NULL,NULL,NULL),(221,'en_GB','Delete Prompt','Delete Prompt',1,-1,-1,'2016-08-22 20:26:39',-1,-1,'2016-08-22 20:26:39',NULL,NULL,NULL,NULL,NULL,NULL,NULL,NULL,NULL,NULL,NULL,NULL,NULL,NULL,NULL,NULL,NULL),(221,'zh_CN','删除描述','删除描述',1,-1,-1,'2016-08-22 20:26:39',-1,-1,'2016-08-22 20:26:39',NULL,NULL,NULL,NULL,NULL,NULL,NULL,NULL,NULL,NULL,NULL,NULL,NULL,NULL,NULL,NULL,NULL),(222,'en_GB','Query Profile','Query Profile',1,-1,-1,'2016-08-22 20:26:39',-1,-1,'2016-08-22 20:26:39',NULL,NULL,NULL,NULL,NULL,NULL,NULL,NULL,NULL,NULL,NULL,NULL,NULL,NULL,NULL,NULL,NULL),(222,'zh_CN','查询配置','查询配置',1,-1,-1,'2016-08-22 20:26:39',-1,-1,'2016-08-22 20:26:39',NULL,NULL,NULL,NULL,NULL,NULL,NULL,NULL,NULL,NULL,NULL,NULL,NULL,NULL,NULL,NULL,NULL),(223,'en_GB','Update Profile','Update Profile',1,-1,-1,'2016-08-22 20:26:39',-1,-1,'2016-08-22 20:26:39',NULL,NULL,NULL,NULL,NULL,NULL,NULL,NULL,NULL,NULL,NULL,NULL,NULL,NULL,NULL,NULL,NULL),(223,'zh_CN','更新配置','更新配置',1,-1,-1,'2016-08-22 20:26:39',-1,-1,'2016-08-22 20:26:39',NULL,NULL,NULL,NULL,NULL,NULL,NULL,NULL,NULL,NULL,NULL,NULL,NULL,NULL,NULL,NULL,NULL),(224,'en_GB','Delete Profile','Delete Profile',1,-1,-1,'2016-08-22 20:26:39',-1,-1,'2016-08-22 20:26:39',NULL,NULL,NULL,NULL,NULL,NULL,NULL,NULL,NULL,NULL,NULL,NULL,NULL,NULL,NULL,NULL,NULL),(224,'zh_CN','删除配置','删除配置',1,-1,-1,'2016-08-22 20:26:39',-1,-1,'2016-08-22 20:26:39',NULL,NULL,NULL,NULL,NULL,NULL,NULL,NULL,NULL,NULL,NULL,NULL,NULL,NULL,NULL,NULL,NULL),(225,'en_GB','Query Profile Value','Query Profile Value',1,-1,-1,'2016-08-22 20:26:39',-1,-1,'2016-08-22 20:26:39',NULL,NULL,NULL,NULL,NULL,NULL,NULL,NULL,NULL,NULL,NULL,NULL,NULL,NULL,NULL,NULL,NULL),(225,'zh_CN','查询配置值','查询配置值',1,-1,-1,'2016-08-22 20:26:39',-1,-1,'2016-08-22 20:26:39',NULL,NULL,NULL,NULL,NULL,NULL,NULL,NULL,NULL,NULL,NULL,NULL,NULL,NULL,NULL,NULL,NULL),(226,'en_GB','Delete Profile Value','Delete Profile Value',1,-1,-1,'2016-08-22 20:26:39',-1,-1,'2016-08-22 20:26:39',NULL,NULL,NULL,NULL,NULL,NULL,NULL,NULL,NULL,NULL,NULL,NULL,NULL,NULL,NULL,NULL,NULL),(226,'zh_CN','删除配置值','删除配置值',1,-1,-1,'2016-08-22 20:26:39',-1,-1,'2016-08-22 20:26:39',NULL,NULL,NULL,NULL,NULL,NULL,NULL,NULL,NULL,NULL,NULL,NULL,NULL,NULL,NULL,NULL,NULL),(227,'en_GB','Query Profile Level Value','Query Profile Level Value',1,-1,-1,'2016-08-22 20:26:39',-1,-1,'2016-08-22 20:26:39',NULL,NULL,NULL,NULL,NULL,NULL,NULL,NULL,NULL,NULL,NULL,NULL,NULL,NULL,NULL,NULL,NULL),(227,'zh_CN','查询指定级别的配置值','查询指定级别的配置值',1,-1,-1,'2016-08-22 20:26:39',-1,-1,'2016-08-22 20:26:39',NULL,NULL,NULL,NULL,NULL,NULL,NULL,NULL,NULL,NULL,NULL,NULL,NULL,NULL,NULL,NULL,NULL),(228,'en_GB','Save Preference','Save Preference',1,-1,-1,'2016-08-22 20:26:39',-1,-1,'2016-08-22 20:26:39',NULL,NULL,NULL,NULL,NULL,NULL,NULL,NULL,NULL,NULL,NULL,NULL,NULL,NULL,NULL,NULL,NULL),(228,'zh_CN','保存首选项','保存首选项',1,-1,-1,'2016-08-22 20:26:39',-1,-1,'2016-08-22 20:26:39',NULL,NULL,NULL,NULL,NULL,NULL,NULL,NULL,NULL,NULL,NULL,NULL,NULL,NULL,NULL,NULL,NULL),(229,'en_GB','Query Preference','Query Preference',1,-1,-1,'2016-08-22 20:26:39',-1,-1,'2016-08-22 20:26:39',NULL,NULL,NULL,NULL,NULL,NULL,NULL,NULL,NULL,NULL,NULL,NULL,NULL,NULL,NULL,NULL,NULL),(229,'zh_CN','查询首选项','查询首选项',1,-1,-1,'2016-08-22 20:26:39',-1,-1,'2016-08-22 20:26:39',NULL,NULL,NULL,NULL,NULL,NULL,NULL,NULL,NULL,NULL,NULL,NULL,NULL,NULL,NULL,NULL,NULL),(230,'en_GB','Create Job','Create Job',1,-1,-1,'2016-08-22 20:26:39',-1,-1,'2016-08-22 20:26:39',NULL,NULL,NULL,NULL,NULL,NULL,NULL,NULL,NULL,NULL,NULL,NULL,NULL,NULL,NULL,NULL,NULL),(230,'zh_CN','新建任务','新建任务',1,-1,-1,'2016-08-22 20:26:39',-1,-1,'2016-08-22 20:26:39',NULL,NULL,NULL,NULL,NULL,NULL,NULL,NULL,NULL,NULL,NULL,NULL,NULL,NULL,NULL,NULL,NULL),(231,'en_GB','Query Job','Query Job',1,-1,-1,'2016-08-22 20:26:39',-1,-1,'2016-08-22 20:26:39',NULL,NULL,NULL,NULL,NULL,NULL,NULL,NULL,NULL,NULL,NULL,NULL,NULL,NULL,NULL,NULL,NULL),(231,'zh_CN','查询任务','查询任务',1,-1,-1,'2016-08-22 20:26:39',-1,-1,'2016-08-22 20:26:39',NULL,NULL,NULL,NULL,NULL,NULL,NULL,NULL,NULL,NULL,NULL,NULL,NULL,NULL,NULL,NULL,NULL),(232,'en_GB','Pause Job','Pause Job',1,-1,-1,'2016-08-22 20:26:39',-1,-1,'2016-08-22 20:26:39',NULL,NULL,NULL,NULL,NULL,NULL,NULL,NULL,NULL,NULL,NULL,NULL,NULL,NULL,NULL,NULL,NULL),(232,'zh_CN','暂停任务','暂停任务',1,-1,-1,'2016-08-22 20:26:39',-1,-1,'2016-08-22 20:26:39',NULL,NULL,NULL,NULL,NULL,NULL,NULL,NULL,NULL,NULL,NULL,NULL,NULL,NULL,NULL,NULL,NULL),(233,'en_GB','Resume Job','Resume Job',1,-1,-1,'2016-08-22 20:26:39',-1,-1,'2016-08-22 20:26:39',NULL,NULL,NULL,NULL,NULL,NULL,NULL,NULL,NULL,NULL,NULL,NULL,NULL,NULL,NULL,NULL,NULL),(233,'zh_CN','恢复任务','恢复任务',1,-1,-1,'2016-08-22 20:26:39',-1,-1,'2016-08-22 20:26:39',NULL,NULL,NULL,NULL,NULL,NULL,NULL,NULL,NULL,NULL,NULL,NULL,NULL,NULL,NULL,NULL,NULL),(234,'en_GB','Delete Job','Delete Job',1,-1,-1,'2016-08-22 20:26:39',-1,-1,'2016-08-22 20:26:39',NULL,NULL,NULL,NULL,NULL,NULL,NULL,NULL,NULL,NULL,NULL,NULL,NULL,NULL,NULL,NULL,NULL),(234,'zh_CN','删除任务','删除任务',1,-1,-1,'2016-08-22 20:26:39',-1,-1,'2016-08-22 20:26:39',NULL,NULL,NULL,NULL,NULL,NULL,NULL,NULL,NULL,NULL,NULL,NULL,NULL,NULL,NULL,NULL,NULL),(235,'en_GB','Query Job Info','Query Job Info',1,-1,-1,'2016-08-22 20:26:39',-1,-1,'2016-08-22 20:26:39',NULL,NULL,NULL,NULL,NULL,NULL,NULL,NULL,NULL,NULL,NULL,NULL,NULL,NULL,NULL,NULL,NULL),(235,'zh_CN','查询任务列表','查询任务列表',1,-1,-1,'2016-08-22 20:26:39',-1,-1,'2016-08-22 20:26:39',NULL,NULL,NULL,NULL,NULL,NULL,NULL,NULL,NULL,NULL,NULL,NULL,NULL,NULL,NULL,NULL,NULL),(236,'en_GB','Scheduler Info','Scheduler Info',1,-1,-1,'2016-08-22 20:26:39',-1,-1,'2016-08-22 20:26:39',NULL,NULL,NULL,NULL,NULL,NULL,NULL,NULL,NULL,NULL,NULL,NULL,NULL,NULL,NULL,NULL,NULL),(236,'zh_CN','调度器信息','调度器信息',1,-1,-1,'2016-08-22 20:26:39',-1,-1,'2016-08-22 20:26:39',NULL,NULL,NULL,NULL,NULL,NULL,NULL,NULL,NULL,NULL,NULL,NULL,NULL,NULL,NULL,NULL,NULL),(237,'en_GB','Query Scheduler','Query Schedulers',1,-1,-1,'2016-08-22 20:26:39',-1,-1,'2016-08-22 20:26:39',NULL,NULL,NULL,NULL,NULL,NULL,NULL,NULL,NULL,NULL,NULL,NULL,NULL,NULL,NULL,NULL,NULL),(237,'zh_CN','查询调度器','查询调度器',1,-1,-1,'2016-08-22 20:26:39',-1,-1,'2016-08-22 20:26:39',NULL,NULL,NULL,NULL,NULL,NULL,NULL,NULL,NULL,NULL,NULL,NULL,NULL,NULL,NULL,NULL,NULL),(238,'en_GB','Start Scheduler','Start Scheduler',1,-1,-1,'2016-08-22 20:26:39',-1,-1,'2016-08-22 20:26:39',NULL,NULL,NULL,NULL,NULL,NULL,NULL,NULL,NULL,NULL,NULL,NULL,NULL,NULL,NULL,NULL,NULL),(238,'zh_CN','启动调度器','启动调度器',1,-1,-1,'2016-08-22 20:26:39',-1,-1,'2016-08-22 20:26:39',NULL,NULL,NULL,NULL,NULL,NULL,NULL,NULL,NULL,NULL,NULL,NULL,NULL,NULL,NULL,NULL,NULL),(239,'en_GB','Standby Scheduler','Standby Scheduler',1,-1,-1,'2016-08-22 20:26:39',-1,-1,'2016-08-22 20:26:39',NULL,NULL,NULL,NULL,NULL,NULL,NULL,NULL,NULL,NULL,NULL,NULL,NULL,NULL,NULL,NULL,NULL),(239,'zh_CN','暂停调度器','暂停调度器',1,-1,-1,'2016-08-22 20:26:39',-1,-1,'2016-08-22 20:26:39',NULL,NULL,NULL,NULL,NULL,NULL,NULL,NULL,NULL,NULL,NULL,NULL,NULL,NULL,NULL,NULL,NULL),(240,'en_GB','Pause All Jobs','Pause All Jobs',1,-1,-1,'2016-08-22 20:26:39',-1,-1,'2016-08-22 20:26:39',NULL,NULL,NULL,NULL,NULL,NULL,NULL,NULL,NULL,NULL,NULL,NULL,NULL,NULL,NULL,NULL,NULL),(240,'zh_CN','暂停所有任务','暂停所有任务',1,-1,-1,'2016-08-22 20:26:39',-1,-1,'2016-08-22 20:26:39',NULL,NULL,NULL,NULL,NULL,NULL,NULL,NULL,NULL,NULL,NULL,NULL,NULL,NULL,NULL,NULL,NULL),(241,'en_GB','Resume All Jobs','Resume All Jobs',1,-1,-1,'2016-08-22 20:26:39',-1,-1,'2016-08-22 20:26:39',NULL,NULL,NULL,NULL,NULL,NULL,NULL,NULL,NULL,NULL,NULL,NULL,NULL,NULL,NULL,NULL,NULL),(241,'zh_CN','恢复所有任务','恢复所有任务',1,-1,-1,'2016-08-22 20:26:39',-1,-1,'2016-08-22 20:26:39',NULL,NULL,NULL,NULL,NULL,NULL,NULL,NULL,NULL,NULL,NULL,NULL,NULL,NULL,NULL,NULL,NULL),(242,'en_GB','Query Job Log','Query Job Log',1,-1,-1,'2016-08-22 20:26:39',-1,-1,'2016-08-22 20:26:39',NULL,NULL,NULL,NULL,NULL,NULL,NULL,NULL,NULL,NULL,NULL,NULL,NULL,NULL,NULL,NULL,NULL),(242,'zh_CN','查询任务日志','查询任务日志',1,-1,-1,'2016-08-22 20:26:39',-1,-1,'2016-08-22 20:26:39',NULL,NULL,NULL,NULL,NULL,NULL,NULL,NULL,NULL,NULL,NULL,NULL,NULL,NULL,NULL,NULL,NULL),(243,'en_GB','Query Email Config','Query Email Config',1,-1,-1,'2016-08-22 20:26:39',-1,-1,'2016-08-22 20:26:39',NULL,NULL,NULL,NULL,NULL,NULL,NULL,NULL,NULL,NULL,NULL,NULL,NULL,NULL,NULL,NULL,NULL),(243,'zh_CN','查询邮件配置','查询邮件配置',1,-1,-1,'2016-08-22 20:26:39',-1,-1,'2016-08-22 20:26:39',NULL,NULL,NULL,NULL,NULL,NULL,NULL,NULL,NULL,NULL,NULL,NULL,NULL,NULL,NULL,NULL,NULL),(244,'en_GB','Update Email Config','Update Email Config',1,-1,-1,'2016-08-22 20:26:39',-1,-1,'2016-08-22 20:26:39',NULL,NULL,NULL,NULL,NULL,NULL,NULL,NULL,NULL,NULL,NULL,NULL,NULL,NULL,NULL,NULL,NULL),(244,'zh_CN','更新邮件配置','更新邮件配置',1,-1,-1,'2016-08-22 20:26:39',-1,-1,'2016-08-22 20:26:39',NULL,NULL,NULL,NULL,NULL,NULL,NULL,NULL,NULL,NULL,NULL,NULL,NULL,NULL,NULL,NULL,NULL),(245,'en_GB','Delete Email Config','Delete Email Config',1,-1,-1,'2016-08-22 20:26:39',-1,-1,'2016-08-22 20:26:39',NULL,NULL,NULL,NULL,NULL,NULL,NULL,NULL,NULL,NULL,NULL,NULL,NULL,NULL,NULL,NULL,NULL),(245,'zh_CN','删除邮件配置','删除邮件配置',1,-1,-1,'2016-08-22 20:26:39',-1,-1,'2016-08-22 20:26:39',NULL,NULL,NULL,NULL,NULL,NULL,NULL,NULL,NULL,NULL,NULL,NULL,NULL,NULL,NULL,NULL,NULL),(246,'en_GB','Load Email Config','Load Email Config',1,-1,-1,'2016-08-22 20:26:39',-1,-1,'2016-08-22 20:26:39',NULL,NULL,NULL,NULL,NULL,NULL,NULL,NULL,NULL,NULL,NULL,NULL,NULL,NULL,NULL,NULL,NULL),(246,'zh_CN','加载邮件配置','加载邮件配置',1,-1,-1,'2016-08-22 20:26:39',-1,-1,'2016-08-22 20:26:39',NULL,NULL,NULL,NULL,NULL,NULL,NULL,NULL,NULL,NULL,NULL,NULL,NULL,NULL,NULL,NULL,NULL),(247,'en_GB','Query Config Count','Query Config Count',1,-1,-1,'2016-08-22 20:26:39',-1,-1,'2016-08-22 20:26:39',NULL,NULL,NULL,NULL,NULL,NULL,NULL,NULL,NULL,NULL,NULL,NULL,NULL,NULL,NULL,NULL,NULL),(247,'zh_CN','查询邮件配置数量','查询配置数量',1,-1,-1,'2016-08-22 20:26:39',-1,-1,'2016-08-22 20:26:39',NULL,NULL,NULL,NULL,NULL,NULL,NULL,NULL,NULL,NULL,NULL,NULL,NULL,NULL,NULL,NULL,NULL),(248,'en_GB','Query Email Account','Query Email Acount',1,-1,-1,'2016-08-22 20:26:39',-1,-1,'2016-08-22 20:26:39',NULL,NULL,NULL,NULL,NULL,NULL,NULL,NULL,NULL,NULL,NULL,NULL,NULL,NULL,NULL,NULL,NULL),(248,'zh_CN','查询邮件账户','查询邮件账户',1,-1,-1,'2016-08-22 20:26:39',-1,-1,'2016-08-22 20:26:39',NULL,NULL,NULL,NULL,NULL,NULL,NULL,NULL,NULL,NULL,NULL,NULL,NULL,NULL,NULL,NULL,NULL),(249,'en_GB','Delete Email Account','Delete Email Account',1,-1,-1,'2016-08-22 20:26:39',-1,-1,'2016-08-22 20:26:39',NULL,NULL,NULL,NULL,NULL,NULL,NULL,NULL,NULL,NULL,NULL,NULL,NULL,NULL,NULL,NULL,NULL),(249,'zh_CN','删除邮件账户','删除邮件账户',1,-1,-1,'2016-08-22 20:26:39',-1,-1,'2016-08-22 20:26:39',NULL,NULL,NULL,NULL,NULL,NULL,NULL,NULL,NULL,NULL,NULL,NULL,NULL,NULL,NULL,NULL,NULL),(250,'en_GB','Query White List','Query Email White List',1,-1,-1,'2016-08-22 20:26:39',-1,-1,'2016-08-22 20:26:39',NULL,NULL,NULL,NULL,NULL,NULL,NULL,NULL,NULL,NULL,NULL,NULL,NULL,NULL,NULL,NULL,NULL),(250,'zh_CN','查询邮件白名单','查询邮件白名单',1,-1,-1,'2016-08-22 20:26:39',-1,-1,'2016-08-22 20:26:39',NULL,NULL,NULL,NULL,NULL,NULL,NULL,NULL,NULL,NULL,NULL,NULL,NULL,NULL,NULL,NULL,NULL),(251,'en_GB','Delete White List','Delete White List',1,-1,-1,'2016-08-22 20:26:39',-1,-1,'2016-08-22 20:26:39',NULL,NULL,NULL,NULL,NULL,NULL,NULL,NULL,NULL,NULL,NULL,NULL,NULL,NULL,NULL,NULL,NULL),(251,'zh_CN','删除邮件白名单','删除邮件白名单',1,-1,-1,'2016-08-22 20:26:39',-1,-1,'2016-08-22 20:26:39',NULL,NULL,NULL,NULL,NULL,NULL,NULL,NULL,NULL,NULL,NULL,NULL,NULL,NULL,NULL,NULL,NULL),(252,'en_GB','Query Template','Query Template',1,-1,-1,'2016-08-22 20:26:39',-1,-1,'2016-08-22 20:26:39',NULL,NULL,NULL,NULL,NULL,NULL,NULL,NULL,NULL,NULL,NULL,NULL,NULL,NULL,NULL,NULL,NULL),(252,'zh_CN','查询模板','查询模板',1,-1,-1,'2016-08-22 20:26:39',-1,-1,'2016-08-22 20:26:39',NULL,NULL,NULL,NULL,NULL,NULL,NULL,NULL,NULL,NULL,NULL,NULL,NULL,NULL,NULL,NULL,NULL),(253,'en_GB','Add Template','Add Template',1,-1,-1,'2016-08-22 20:26:39',-1,-1,'2016-08-22 20:26:39',NULL,NULL,NULL,NULL,NULL,NULL,NULL,NULL,NULL,NULL,NULL,NULL,NULL,NULL,NULL,NULL,NULL),(253,'zh_CN','新建模板','新建模板',1,-1,-1,'2016-08-22 20:26:39',-1,-1,'2016-08-22 20:26:39',NULL,NULL,NULL,NULL,NULL,NULL,NULL,NULL,NULL,NULL,NULL,NULL,NULL,NULL,NULL,NULL,NULL),(254,'en_GB','Update Tempate','Update Template',1,-1,-1,'2016-08-22 20:26:39',-1,-1,'2016-08-22 20:26:39',NULL,NULL,NULL,NULL,NULL,NULL,NULL,NULL,NULL,NULL,NULL,NULL,NULL,NULL,NULL,NULL,NULL),(254,'zh_CN','更新模板','更新模板',1,-1,-1,'2016-08-22 20:26:39',-1,-1,'2016-08-22 20:26:39',NULL,NULL,NULL,NULL,NULL,NULL,NULL,NULL,NULL,NULL,NULL,NULL,NULL,NULL,NULL,NULL,NULL),(255,'en_GB','Delete Template','Delete Template',1,-1,-1,'2016-08-22 20:26:39',-1,-1,'2016-08-22 20:26:39',NULL,NULL,NULL,NULL,NULL,NULL,NULL,NULL,NULL,NULL,NULL,NULL,NULL,NULL,NULL,NULL,NULL),(255,'zh_CN','删除模板','删除模板',1,-1,-1,'2016-08-22 20:26:39',-1,-1,'2016-08-22 20:26:39',NULL,NULL,NULL,NULL,NULL,NULL,NULL,NULL,NULL,NULL,NULL,NULL,NULL,NULL,NULL,NULL,NULL),(256,'en_GB','Query Category','Query Category',1,-1,-1,'2016-08-22 20:26:39',-1,-1,'2016-08-22 20:26:39',NULL,NULL,NULL,NULL,NULL,NULL,NULL,NULL,NULL,NULL,NULL,NULL,NULL,NULL,NULL,NULL,NULL),(256,'zh_CN','查询目录','查询目录',1,-1,-1,'2016-08-22 20:26:39',-1,-1,'2016-08-22 20:26:39',NULL,NULL,NULL,NULL,NULL,NULL,NULL,NULL,NULL,NULL,NULL,NULL,NULL,NULL,NULL,NULL,NULL),(257,'en_GB','Update Category','Update Category',1,-1,-1,'2016-08-22 20:26:39',-1,-1,'2016-08-22 20:26:39',NULL,NULL,NULL,NULL,NULL,NULL,NULL,NULL,NULL,NULL,NULL,NULL,NULL,NULL,NULL,NULL,NULL),(257,'zh_CN','更新目录','更新目录',1,-1,-1,'2016-08-22 20:26:39',-1,-1,'2016-08-22 20:26:39',NULL,NULL,NULL,NULL,NULL,NULL,NULL,NULL,NULL,NULL,NULL,NULL,NULL,NULL,NULL,NULL,NULL),(258,'en_GB','Delete Category','Delete Category',1,-1,-1,'2016-08-22 20:26:39',-1,-1,'2016-08-22 20:26:39',NULL,NULL,NULL,NULL,NULL,NULL,NULL,NULL,NULL,NULL,NULL,NULL,NULL,NULL,NULL,NULL,NULL),(258,'zh_CN','删除目录','删除目录',1,-1,-1,'2016-08-22 20:26:39',-1,-1,'2016-08-22 20:26:39',NULL,NULL,NULL,NULL,NULL,NULL,NULL,NULL,NULL,NULL,NULL,NULL,NULL,NULL,NULL,NULL,NULL),(259,'en_GB','Query Category Tree','Query Category Tree',1,-1,-1,'2016-08-22 20:26:39',-1,-1,'2016-08-22 20:26:39',NULL,NULL,NULL,NULL,NULL,NULL,NULL,NULL,NULL,NULL,NULL,NULL,NULL,NULL,NULL,NULL,NULL),(259,'zh_CN','查询目录树','查询目录树',1,-1,-1,'2016-08-22 20:26:39',-1,-1,'2016-08-22 20:26:39',NULL,NULL,NULL,NULL,NULL,NULL,NULL,NULL,NULL,NULL,NULL,NULL,NULL,NULL,NULL,NULL,NULL),(260,'en_GB','Attachment List','Attachment List',1,-1,-1,'2016-08-22 20:26:39',-1,-1,'2016-08-22 20:26:39',NULL,NULL,NULL,NULL,NULL,NULL,NULL,NULL,NULL,NULL,NULL,NULL,NULL,NULL,NULL,NULL,NULL),(260,'zh_CN','附件列表','附件列表',1,-1,-1,'2016-08-22 20:26:39',-1,-1,'2016-08-22 20:26:39',NULL,NULL,NULL,NULL,NULL,NULL,NULL,NULL,NULL,NULL,NULL,NULL,NULL,NULL,NULL,NULL,NULL),(261,'en_GB','Attachment Upload','Attachment Upload',1,-1,-1,'2016-08-22 20:26:39',-1,-1,'2016-08-22 20:26:39',NULL,NULL,NULL,NULL,NULL,NULL,NULL,NULL,NULL,NULL,NULL,NULL,NULL,NULL,NULL,NULL,NULL),(261,'zh_CN','附件上传','附件上传',1,-1,-1,'2016-08-22 20:26:39',-1,-1,'2016-08-22 20:26:39',NULL,NULL,NULL,NULL,NULL,NULL,NULL,NULL,NULL,NULL,NULL,NULL,NULL,NULL,NULL,NULL,NULL),(262,'en_GB','Delete Attachment','Delete Attachment',1,-1,-1,'2016-08-22 20:26:39',-1,-1,'2016-08-22 20:26:39',NULL,NULL,NULL,NULL,NULL,NULL,NULL,NULL,NULL,NULL,NULL,NULL,NULL,NULL,NULL,NULL,NULL),(262,'zh_CN','删除附件','删除附件',1,-1,-1,'2016-08-22 20:26:39',-1,-1,'2016-08-22 20:26:39',NULL,NULL,NULL,NULL,NULL,NULL,NULL,NULL,NULL,NULL,NULL,NULL,NULL,NULL,NULL,NULL,NULL),(263,'en_GB','Attachment Detail','Attachment Detail',1,-1,-1,'2016-08-22 20:26:39',-1,-1,'2016-08-22 20:26:39',NULL,NULL,NULL,NULL,NULL,NULL,NULL,NULL,NULL,NULL,NULL,NULL,NULL,NULL,NULL,NULL,NULL),(263,'zh_CN','查看附件内容','查看附件内容',1,-1,-1,'2016-08-22 20:26:39',-1,-1,'2016-08-22 20:26:39',NULL,NULL,NULL,NULL,NULL,NULL,NULL,NULL,NULL,NULL,NULL,NULL,NULL,NULL,NULL,NULL,NULL),(264,'en_GB','View Attachment','View Attachment',1,-1,-1,'2016-08-22 20:26:39',-1,-1,'2016-08-22 20:26:39',NULL,NULL,NULL,NULL,NULL,NULL,NULL,NULL,NULL,NULL,NULL,NULL,NULL,NULL,NULL,NULL,NULL),(264,'zh_CN','查看附件','查看附件',1,-1,-1,'2016-08-22 20:26:39',-1,-1,'2016-08-22 20:26:39',NULL,NULL,NULL,NULL,NULL,NULL,NULL,NULL,NULL,NULL,NULL,NULL,NULL,NULL,NULL,NULL,NULL),(265,'en_GB','Query Category Files','Query Category Files',1,-1,-1,'2016-08-22 20:26:39',-1,-1,'2016-08-22 20:26:39',NULL,NULL,NULL,NULL,NULL,NULL,NULL,NULL,NULL,NULL,NULL,NULL,NULL,NULL,NULL,NULL,NULL),(265,'zh_CN','查询目录文件','查询目录文件',1,-1,-1,'2016-08-22 20:26:39',-1,-1,'2016-08-22 20:26:39',NULL,NULL,NULL,NULL,NULL,NULL,NULL,NULL,NULL,NULL,NULL,NULL,NULL,NULL,NULL,NULL,NULL),(266,'en_GB','Query Files','Query Files',1,-1,-1,'2016-08-22 20:26:39',-1,-1,'2016-08-22 20:26:39',NULL,NULL,NULL,NULL,NULL,NULL,NULL,NULL,NULL,NULL,NULL,NULL,NULL,NULL,NULL,NULL,NULL),(266,'zh_CN','查询文件','查询目录',1,-1,-1,'2016-08-22 20:26:39',-1,-1,'2016-08-22 20:26:39',NULL,NULL,NULL,NULL,NULL,NULL,NULL,NULL,NULL,NULL,NULL,NULL,NULL,NULL,NULL,NULL,NULL),(267,'en_GB','Delete File','Delete Files',1,-1,-1,'2016-08-22 20:26:39',-1,-1,'2016-08-22 20:26:39',NULL,NULL,NULL,NULL,NULL,NULL,NULL,NULL,NULL,NULL,NULL,NULL,NULL,NULL,NULL,NULL,NULL),(267,'zh_CN','删除附件','删除附件',1,-1,-1,'2016-08-22 20:26:39',-1,-1,'2016-08-22 20:26:39',NULL,NULL,NULL,NULL,NULL,NULL,NULL,NULL,NULL,NULL,NULL,NULL,NULL,NULL,NULL,NULL,NULL),(269,'en_GB','Edit Email Config','Edit Email Config',1,-1,-1,'2016-08-22 20:26:39',-1,-1,'2016-08-22 20:26:39',NULL,NULL,NULL,NULL,NULL,NULL,NULL,NULL,NULL,NULL,NULL,NULL,NULL,NULL,NULL,NULL,NULL),(269,'zh_CN','编辑邮件配置','编辑邮件配置',1,-1,-1,'2016-08-22 20:26:39',-1,-1,'2016-08-22 20:26:39',NULL,NULL,NULL,NULL,NULL,NULL,NULL,NULL,NULL,NULL,NULL,NULL,NULL,NULL,NULL,NULL,NULL),(271,'en_GB','Edit Template','Edit Template',1,-1,-1,'2016-08-22 20:26:39',-1,-1,'2016-08-22 20:26:39',NULL,NULL,NULL,NULL,NULL,NULL,NULL,NULL,NULL,NULL,NULL,NULL,NULL,NULL,NULL,NULL,NULL),(271,'zh_CN','编辑模板','编辑模板',1,-1,-1,'2016-08-22 20:26:39',-1,-1,'2016-08-22 20:26:39',NULL,NULL,NULL,NULL,NULL,NULL,NULL,NULL,NULL,NULL,NULL,NULL,NULL,NULL,NULL,NULL,NULL),(272,'en_GB','Email Send Test','Email Send Test',1,-1,-1,'2016-08-22 20:26:39',-1,-1,'2016-08-22 20:26:39',NULL,NULL,NULL,NULL,NULL,NULL,NULL,NULL,NULL,NULL,NULL,NULL,NULL,NULL,NULL,NULL,NULL),(272,'zh_CN','邮件发送测试','邮件发送测试',1,-1,-1,'2016-08-22 20:26:39',-1,-1,'2016-08-22 20:26:39',NULL,NULL,NULL,NULL,NULL,NULL,NULL,NULL,NULL,NULL,NULL,NULL,NULL,NULL,NULL,NULL,NULL),(273,'en_GB','Add Cron Job','Add Cron Job',1,-1,-1,'2016-08-22 20:26:39',-1,-1,'2016-08-22 20:26:39',NULL,NULL,NULL,NULL,NULL,NULL,NULL,NULL,NULL,NULL,NULL,NULL,NULL,NULL,NULL,NULL,NULL),(273,'zh_CN','新建 CRON 任务','新建CRON 任务',1,-1,-1,'2016-08-22 20:26:39',-1,-1,'2016-08-22 20:26:39',NULL,NULL,NULL,NULL,NULL,NULL,NULL,NULL,NULL,NULL,NULL,NULL,NULL,NULL,NULL,NULL,NULL),(274,'en_GB','Add Simple Job','Add Simple Job',1,-1,-1,'2016-08-22 20:26:39',-1,-1,'2016-08-22 20:26:39',NULL,NULL,NULL,NULL,NULL,NULL,NULL,NULL,NULL,NULL,NULL,NULL,NULL,NULL,NULL,NULL,NULL),(274,'zh_CN','新建简单任务','新建简单任务',1,-1,-1,'2016-08-22 20:26:39',-1,-1,'2016-08-22 20:26:39',NULL,NULL,NULL,NULL,NULL,NULL,NULL,NULL,NULL,NULL,NULL,NULL,NULL,NULL,NULL,NULL,NULL),(275,'en_GB','Scheduler','Scheduler',1,-1,-1,'2016-08-22 20:26:39',-1,-1,'2016-08-22 20:26:39',NULL,NULL,NULL,NULL,NULL,NULL,NULL,NULL,NULL,NULL,NULL,NULL,NULL,NULL,NULL,NULL,NULL),(275,'zh_CN','调度器','调度器',1,-1,-1,'2016-08-22 20:26:39',-1,-1,'2016-08-22 20:26:39',NULL,NULL,NULL,NULL,NULL,NULL,NULL,NULL,NULL,NULL,NULL,NULL,NULL,NULL,NULL,NULL,NULL),(276,'en_GB','Job Detail Info','Job Detail Info',1,-1,-1,'2016-08-22 20:26:39',-1,-1,'2016-08-22 20:26:39',NULL,NULL,NULL,NULL,NULL,NULL,NULL,NULL,NULL,NULL,NULL,NULL,NULL,NULL,NULL,NULL,NULL),(276,'zh_CN','任务详细','任务详细',1,-1,-1,'2016-08-22 20:26:39',-1,-1,'2016-08-22 20:26:39',NULL,NULL,NULL,NULL,NULL,NULL,NULL,NULL,NULL,NULL,NULL,NULL,NULL,NULL,NULL,NULL,NULL),(277,'en_GB','Home','Home',1,-1,-1,'2016-08-22 20:26:39',-1,-1,'2016-08-22 20:26:39',NULL,NULL,NULL,NULL,NULL,NULL,NULL,NULL,NULL,NULL,NULL,NULL,NULL,NULL,NULL,NULL,NULL),(277,'zh_CN','首页','首页',1,-1,-1,'2016-08-22 20:26:39',-1,-1,'2016-08-22 20:26:39',NULL,NULL,NULL,NULL,NULL,NULL,NULL,NULL,NULL,NULL,NULL,NULL,NULL,NULL,NULL,NULL,NULL),(278,'en_GB','Fruit Game','Fruit Game',1,-1,-1,'2016-08-23 18:49:02',3,3,'2016-08-23 18:49:02',NULL,NULL,NULL,NULL,NULL,NULL,NULL,NULL,NULL,NULL,NULL,NULL,NULL,NULL,NULL,NULL,NULL),(278,'zh_CN','水果大战','水果大战',1,-1,-1,'2016-08-23 18:49:02',3,3,'2016-08-23 21:04:04',NULL,NULL,NULL,NULL,NULL,NULL,NULL,NULL,NULL,NULL,NULL,NULL,NULL,NULL,NULL,NULL,NULL),(279,'en_GB','upload','',1,-1,-1,'2016-08-25 18:13:34',3,3,'2016-08-25 18:13:34',NULL,NULL,NULL,NULL,NULL,NULL,NULL,NULL,NULL,NULL,NULL,NULL,NULL,NULL,NULL,NULL,NULL),(279,'zh_CN','上传','',1,-1,-1,'2016-08-25 18:13:34',3,3,'2016-08-25 18:13:34',NULL,NULL,NULL,NULL,NULL,NULL,NULL,NULL,NULL,NULL,NULL,NULL,NULL,NULL,NULL,NULL,NULL),(280,'en_GB','orders Summary','summary sales orders',1,-1,-1,'2016-08-26 15:33:01',3,3,'2016-08-26 15:33:01',NULL,NULL,NULL,NULL,NULL,NULL,NULL,NULL,NULL,NULL,NULL,NULL,NULL,NULL,NULL,NULL,NULL),(280,'zh_CN','订单汇总','汇总 销售订单',1,-1,-1,'2016-08-26 15:33:01',3,3,'2016-08-26 15:44:14',NULL,NULL,NULL,NULL,NULL,NULL,NULL,NULL,NULL,NULL,NULL,NULL,NULL,NULL,NULL,NULL,NULL),(281,'en_GB','DetailOrderInfo','DetailOrderInfo',1,-1,-1,'2016-08-27 16:27:16',3,3,'2016-08-27 16:28:43',NULL,NULL,NULL,NULL,NULL,NULL,NULL,NULL,NULL,NULL,NULL,NULL,NULL,NULL,NULL,NULL,NULL),(281,'zh_CN','订单详情','订单详情',1,-1,-1,'2016-08-27 16:27:16',3,3,'2016-08-27 16:28:43',NULL,NULL,NULL,NULL,NULL,NULL,NULL,NULL,NULL,NULL,NULL,NULL,NULL,NULL,NULL,NULL,NULL);

#
# Data for table "sys_role_b"
#

INSERT INTO `sys_role_b` (`ROLE_ID`,`ROLE_CODE`,`ROLE_NAME`,`ROLE_DESCRIPTION`,`OBJECT_VERSION_NUMBER`,`REQUEST_ID`,`PROGRAM_ID`,`CREATION_DATE`,`CREATED_BY`,`LAST_UPDATED_BY`,`LAST_UPDATE_DATE`,`LAST_UPDATE_LOGIN`,`ATTRIBUTE_CATEGORY`,`ATTRIBUTE1`,`ATTRIBUTE2`,`ATTRIBUTE3`,`ATTRIBUTE4`,`ATTRIBUTE5`,`ATTRIBUTE6`,`ATTRIBUTE7`,`ATTRIBUTE8`,`ATTRIBUTE9`,`ATTRIBUTE10`,`ATTRIBUTE11`,`ATTRIBUTE12`,`ATTRIBUTE13`,`ATTRIBUTE14`,`ATTRIBUTE15`) VALUES (3,'ADMIN','管理员','系统管理员',1,-1,-1,'2016-08-22 20:26:39',-1,-1,'2016-08-22 20:26:39',NULL,NULL,NULL,NULL,NULL,NULL,NULL,NULL,NULL,NULL,NULL,NULL,NULL,NULL,NULL,NULL,NULL),(4,'sales','销售员','销售员',1,-1,-1,'2016-08-28 15:39:32',3,3,'2016-08-28 15:39:32',3,NULL,NULL,NULL,NULL,NULL,NULL,NULL,NULL,NULL,NULL,NULL,NULL,NULL,NULL,NULL,NULL),(5,'salesmanager','销售经理',NULL,1,-1,-1,'2016-08-28 15:39:32',3,3,'2016-08-28 15:39:32',3,NULL,NULL,NULL,NULL,NULL,NULL,NULL,NULL,NULL,NULL,NULL,NULL,NULL,NULL,NULL,NULL);

#
# Data for table "sys_role_function"
#

INSERT INTO `sys_role_function` (`SRF_ID`,`ROLE_ID`,`FUNCTION_ID`,`OBJECT_VERSION_NUMBER`,`REQUEST_ID`,`PROGRAM_ID`,`CREATION_DATE`,`CREATED_BY`,`LAST_UPDATED_BY`,`LAST_UPDATE_DATE`,`LAST_UPDATE_LOGIN`,`ATTRIBUTE_CATEGORY`,`ATTRIBUTE1`,`ATTRIBUTE2`,`ATTRIBUTE3`,`ATTRIBUTE4`,`ATTRIBUTE5`,`ATTRIBUTE6`,`ATTRIBUTE7`,`ATTRIBUTE8`,`ATTRIBUTE9`,`ATTRIBUTE10`,`ATTRIBUTE11`,`ATTRIBUTE12`,`ATTRIBUTE13`,`ATTRIBUTE14`,`ATTRIBUTE15`) VALUES (293,3,167,1,-1,-1,'2016-08-27 16:40:08',3,3,'2016-08-27 16:40:08',3,NULL,NULL,NULL,NULL,NULL,NULL,NULL,NULL,NULL,NULL,NULL,NULL,NULL,NULL,NULL,NULL),(294,3,168,1,-1,-1,'2016-08-27 16:40:08',3,3,'2016-08-27 16:40:08',3,NULL,NULL,NULL,NULL,NULL,NULL,NULL,NULL,NULL,NULL,NULL,NULL,NULL,NULL,NULL,NULL),(295,3,169,1,-1,-1,'2016-08-27 16:40:08',3,3,'2016-08-27 16:40:08',3,NULL,NULL,NULL,NULL,NULL,NULL,NULL,NULL,NULL,NULL,NULL,NULL,NULL,NULL,NULL,NULL),(296,3,142,1,-1,-1,'2016-08-27 16:40:08',3,3,'2016-08-27 16:40:08',3,NULL,NULL,NULL,NULL,NULL,NULL,NULL,NULL,NULL,NULL,NULL,NULL,NULL,NULL,NULL,NULL),(297,3,149,1,-1,-1,'2016-08-27 16:40:08',3,3,'2016-08-27 16:40:08',3,NULL,NULL,NULL,NULL,NULL,NULL,NULL,NULL,NULL,NULL,NULL,NULL,NULL,NULL,NULL,NULL),(298,3,121,1,-1,-1,'2016-08-27 16:40:08',3,3,'2016-08-27 16:40:08',3,NULL,NULL,NULL,NULL,NULL,NULL,NULL,NULL,NULL,NULL,NULL,NULL,NULL,NULL,NULL,NULL),(299,3,143,1,-1,-1,'2016-08-27 16:40:08',3,3,'2016-08-27 16:40:08',3,NULL,NULL,NULL,NULL,NULL,NULL,NULL,NULL,NULL,NULL,NULL,NULL,NULL,NULL,NULL,NULL),(300,3,144,1,-1,-1,'2016-08-27 16:40:08',3,3,'2016-08-27 16:40:08',3,NULL,NULL,NULL,NULL,NULL,NULL,NULL,NULL,NULL,NULL,NULL,NULL,NULL,NULL,NULL,NULL),(301,3,146,1,-1,-1,'2016-08-27 16:40:08',3,3,'2016-08-27 16:40:08',3,NULL,NULL,NULL,NULL,NULL,NULL,NULL,NULL,NULL,NULL,NULL,NULL,NULL,NULL,NULL,NULL),(302,3,147,1,-1,-1,'2016-08-27 16:40:08',3,3,'2016-08-27 16:40:08',3,NULL,NULL,NULL,NULL,NULL,NULL,NULL,NULL,NULL,NULL,NULL,NULL,NULL,NULL,NULL,NULL),(303,3,108,1,-1,-1,'2016-08-27 16:40:08',3,3,'2016-08-27 16:40:08',3,NULL,NULL,NULL,NULL,NULL,NULL,NULL,NULL,NULL,NULL,NULL,NULL,NULL,NULL,NULL,NULL),(304,3,109,1,-1,-1,'2016-08-27 16:40:08',3,3,'2016-08-27 16:40:08',3,NULL,NULL,NULL,NULL,NULL,NULL,NULL,NULL,NULL,NULL,NULL,NULL,NULL,NULL,NULL,NULL),(305,3,110,1,-1,-1,'2016-08-27 16:40:08',3,3,'2016-08-27 16:40:08',3,NULL,NULL,NULL,NULL,NULL,NULL,NULL,NULL,NULL,NULL,NULL,NULL,NULL,NULL,NULL,NULL),(306,3,111,1,-1,-1,'2016-08-27 16:40:08',3,3,'2016-08-27 16:40:08',3,NULL,NULL,NULL,NULL,NULL,NULL,NULL,NULL,NULL,NULL,NULL,NULL,NULL,NULL,NULL,NULL),(307,3,161,1,-1,-1,'2016-08-27 16:40:08',3,3,'2016-08-27 16:40:08',3,NULL,NULL,NULL,NULL,NULL,NULL,NULL,NULL,NULL,NULL,NULL,NULL,NULL,NULL,NULL,NULL),(308,3,163,1,-1,-1,'2016-08-27 16:40:08',3,3,'2016-08-27 16:40:08',3,NULL,NULL,NULL,NULL,NULL,NULL,NULL,NULL,NULL,NULL,NULL,NULL,NULL,NULL,NULL,NULL),(309,3,164,1,-1,-1,'2016-08-27 16:40:08',3,3,'2016-08-27 16:40:08',3,NULL,NULL,NULL,NULL,NULL,NULL,NULL,NULL,NULL,NULL,NULL,NULL,NULL,NULL,NULL,NULL),(310,3,165,1,-1,-1,'2016-08-27 16:40:08',3,3,'2016-08-27 16:40:08',3,NULL,NULL,NULL,NULL,NULL,NULL,NULL,NULL,NULL,NULL,NULL,NULL,NULL,NULL,NULL,NULL),(311,3,176,1,-1,-1,'2016-08-27 16:40:08',3,3,'2016-08-27 16:40:08',3,NULL,NULL,NULL,NULL,NULL,NULL,NULL,NULL,NULL,NULL,NULL,NULL,NULL,NULL,NULL,NULL),(312,3,175,1,-1,-1,'2016-08-27 16:40:08',3,3,'2016-08-27 16:40:08',3,NULL,NULL,NULL,NULL,NULL,NULL,NULL,NULL,NULL,NULL,NULL,NULL,NULL,NULL,NULL,NULL);

#
# Data for table "sys_role_resource_item"
#


#
# Data for table "sys_role_tl"
#

INSERT INTO `sys_role_tl` (`ROLE_ID`,`LANG`,`ROLE_NAME`,`ROLE_DESCRIPTION`,`OBJECT_VERSION_NUMBER`,`REQUEST_ID`,`PROGRAM_ID`,`CREATION_DATE`,`CREATED_BY`,`LAST_UPDATED_BY`,`LAST_UPDATE_DATE`,`LAST_UPDATE_LOGIN`,`ATTRIBUTE_CATEGORY`,`ATTRIBUTE1`,`ATTRIBUTE2`,`ATTRIBUTE3`,`ATTRIBUTE4`,`ATTRIBUTE5`,`ATTRIBUTE6`,`ATTRIBUTE7`,`ATTRIBUTE8`,`ATTRIBUTE9`,`ATTRIBUTE10`,`ATTRIBUTE11`,`ATTRIBUTE12`,`ATTRIBUTE13`,`ATTRIBUTE14`,`ATTRIBUTE15`) VALUES (3,'en_GB','Admin','Administrator',1,-1,-1,'2016-08-22 20:26:39',-1,-1,'2016-08-22 20:26:39',NULL,NULL,NULL,NULL,NULL,NULL,NULL,NULL,NULL,NULL,NULL,NULL,NULL,NULL,NULL,NULL,NULL),(3,'zh_CN','管理员','系统管理员',1,-1,-1,'2016-08-22 20:26:39',-1,-1,'2016-08-22 20:26:39',NULL,NULL,NULL,NULL,NULL,NULL,NULL,NULL,NULL,NULL,NULL,NULL,NULL,NULL,NULL,NULL,NULL),(4,'en_GB','salesman','sales man',1,-1,-1,'2016-08-28 15:39:32',3,3,'2016-08-28 15:39:32',NULL,NULL,NULL,NULL,NULL,NULL,NULL,NULL,NULL,NULL,NULL,NULL,NULL,NULL,NULL,NULL,NULL),(4,'zh_CN','销售员','销售员',1,-1,-1,'2016-08-28 15:39:32',3,3,'2016-08-28 15:39:32',NULL,NULL,NULL,NULL,NULL,NULL,NULL,NULL,NULL,NULL,NULL,NULL,NULL,NULL,NULL,NULL,NULL),(5,'en_GB','salesmanager',NULL,1,-1,-1,'2016-08-28 15:39:32',3,3,'2016-08-28 15:39:32',NULL,NULL,NULL,NULL,NULL,NULL,NULL,NULL,NULL,NULL,NULL,NULL,NULL,NULL,NULL,NULL,NULL),(5,'zh_CN','销售经理',NULL,1,-1,-1,'2016-08-28 15:39:32',3,3,'2016-08-28 15:39:32',NULL,NULL,NULL,NULL,NULL,NULL,NULL,NULL,NULL,NULL,NULL,NULL,NULL,NULL,NULL,NULL,NULL);

#
# Data for table "sys_user"
#

INSERT INTO `sys_user` (`USER_ID`,`USER_TYPE`,`USER_NAME`,`PASSWORD_ENCRYPTED`,`EMAIL`,`PHONE`,`START_ACTIVE_DATE`,`END_ACTIVE_DATE`,`STATUS`,`OBJECT_VERSION_NUMBER`,`REQUEST_ID`,`PROGRAM_ID`,`CREATION_DATE`,`CREATED_BY`,`LAST_UPDATED_BY`,`LAST_UPDATE_DATE`,`LAST_UPDATE_LOGIN`,`ATTRIBUTE_CATEGORY`,`ATTRIBUTE1`,`ATTRIBUTE2`,`ATTRIBUTE3`,`ATTRIBUTE4`,`ATTRIBUTE5`,`ATTRIBUTE6`,`ATTRIBUTE7`,`ATTRIBUTE8`,`ATTRIBUTE9`,`ATTRIBUTE10`,`ATTRIBUTE11`,`ATTRIBUTE12`,`ATTRIBUTE13`,`ATTRIBUTE14`,`ATTRIBUTE15`) VALUES (3,NULL,'ADMIN','59baed859597b69548f28654af4125736915ea870252f8db664e3187dcfc298ead2b761e2acb576a','hap_dev@126.com','13763784776','2016-01-01 00:00:00',NULL,'ACTV',1,-1,-1,'2016-08-22 20:26:39',-1,-1,'2016-08-22 20:26:39',NULL,NULL,NULL,NULL,NULL,NULL,NULL,NULL,NULL,NULL,NULL,NULL,NULL,NULL,NULL,NULL,NULL);

#
# Data for table "sys_user_role"
#

INSERT INTO `sys_user_role` (`SUR_ID`,`USER_ID`,`ROLE_ID`,`OBJECT_VERSION_NUMBER`,`REQUEST_ID`,`PROGRAM_ID`,`CREATION_DATE`,`CREATED_BY`,`LAST_UPDATED_BY`,`LAST_UPDATE_DATE`,`LAST_UPDATE_LOGIN`,`ATTRIBUTE_CATEGORY`,`ATTRIBUTE1`,`ATTRIBUTE2`,`ATTRIBUTE3`,`ATTRIBUTE4`,`ATTRIBUTE5`,`ATTRIBUTE6`,`ATTRIBUTE7`,`ATTRIBUTE8`,`ATTRIBUTE9`,`ATTRIBUTE10`,`ATTRIBUTE11`,`ATTRIBUTE12`,`ATTRIBUTE13`,`ATTRIBUTE14`,`ATTRIBUTE15`) VALUES (3,3,3,1,-1,-1,'2016-08-22 20:26:39',-1,-1,'2016-08-22 20:26:39',NULL,NULL,NULL,NULL,NULL,NULL,NULL,NULL,NULL,NULL,NULL,NULL,NULL,NULL,NULL,NULL,NULL);
